Price,Price,Close,High,Low,Open,Volume
Ticker,AGG,AGG,AGG,AGG,AGG,AGG
Ticker,AGG,AGG,AGG,AGG,AGG,AGG
Date,,,,,,
2003-09-29 00:00:00,50.903404235839844,102.16999816894531,102.30000305175781,102.0999984741211,102.29000091552734,13600
2003-09-30 00:00:00,51.16747283935547,102.69999694824219,102.73999786376953,102.29000091552734,102.30000305175781,62600
2003-10-01 00:00:00,51.14257049560547,102.6500015258789,102.75,102.5999984741211,102.63999938964844,66300
2003-10-02 00:00:00,51.062870025634766,102.48999786376953,102.6500015258789,102.01000213623047,102.19999694824219,68900
2003-10-03 00:00:00,50.694190979003906,101.75,102.05000305175781,101.69999694824219,102.05000305175781,64500
2003-10-06 00:00:00,50.76887512207031,101.9000015258789,101.98999786376953,101.5999984741211,101.63999938964844,28700
2003-10-07 00:00:00,50.594505310058594,101.55000305175781,101.94000244140625,101.37999725341797,101.94000244140625,13000
2003-10-08 00:00:00,50.71908950805664,101.80000305175781,102.05000305175781,101.27999877929688,101.48999786376953,42700
2003-10-09 00:00:00,50.539730072021484,101.44000244140625,101.5,101.0999984741211,101.38999938964844,35900
2003-10-10 00:00:00,50.8187255859375,102.0,102.05000305175781,101.68000030517578,101.68000030517578,13500
2003-10-13 00:00:00,50.594505310058594,101.55000305175781,102.0999984741211,101.55000305175781,102.0,23700
2003-10-14 00:00:00,50.49491500854492,101.3499984741211,101.58999633789062,101.13999938964844,101.44000244140625,54300
2003-10-15 00:00:00,50.37031555175781,101.0999984741211,101.23999786376953,100.9000015258789,101.18000030517578,23100
2003-10-16 00:00:00,50.23579406738281,100.83000183105469,101.55000305175781,100.55000305175781,101.38999938964844,62300
2003-10-17 00:00:00,50.474952697753906,101.30999755859375,101.30999755859375,100.75,101.04000091552734,55600
2003-10-20 00:00:00,50.445045471191406,101.25,101.47000122070312,101.13999938964844,101.13999938964844,12900
2003-10-21 00:00:00,50.544700622558594,101.44999694824219,101.7300033569336,101.38999938964844,101.38999938964844,49000
2003-10-22 00:00:00,50.76887512207031,101.9000015258789,101.94999694824219,101.51000213623047,101.75,25400
2003-10-23 00:00:00,50.644264221191406,101.6500015258789,101.87000274658203,101.6500015258789,101.83999633789062,20700
2003-10-24 00:00:00,50.89349365234375,102.1500015258789,102.1500015258789,101.80000305175781,101.80000305175781,28200
2003-10-27 00:00:00,50.79378890991211,101.94999694824219,102.12000274658203,101.80000305175781,102.04000091552734,35400
2003-10-28 00:00:00,50.99309539794922,102.3499984741211,102.3499984741211,101.80000305175781,101.80000305175781,16600
2003-10-29 00:00:00,50.76887512207031,101.9000015258789,102.0999984741211,101.9000015258789,102.08000183105469,71700
2003-10-30 00:00:00,50.76887512207031,101.9000015258789,101.95999908447266,101.77999877929688,101.79000091552734,17300
2003-10-31 00:00:00,50.689186096191406,101.73999786376953,101.9000015258789,101.4000015258789,101.9000015258789,31000
2003-11-03 00:00:00,50.598690032958984,101.19999694824219,101.41999816894531,101.19999694824219,101.33000183105469,56700
2003-11-04 00:00:00,50.69865036010742,101.4000015258789,101.58000183105469,101.4000015258789,101.44999694824219,26900
2003-11-05 00:00:00,50.69865036010742,101.4000015258789,101.56999969482422,101.4000015258789,101.5,24600
2003-11-06 00:00:00,50.423683166503906,100.8499984741211,101.19000244140625,100.8499984741211,101.18000030517578,78000
2003-11-07 00:00:00,50.44867706298828,100.9000015258789,100.9000015258789,100.55000305175781,100.69000244140625,33400
2003-11-10 00:00:00,50.54365921020508,101.08999633789062,101.13999938964844,100.91000366210938,101.08000183105469,21100
2003-11-11 00:00:00,50.45368194580078,100.91000366210938,101.19999694824219,100.80999755859375,101.18000030517578,23700
2003-11-12 00:00:00,50.548683166503906,101.0999984741211,101.33999633789062,100.80999755859375,101.04000091552734,16400
2003-11-13 00:00:00,50.91864013671875,101.83999633789062,101.91000366210938,101.52999877929688,101.52999877929688,25400
2003-11-14 00:00:00,50.95869064331055,101.91999816894531,102.16000366210938,101.88999938964844,101.91999816894531,18800
2003-11-17 00:00:00,51.17366409301758,102.3499984741211,102.41999816894531,102.18000030517578,102.22000122070312,48800
2003-11-18 00:00:00,51.14866256713867,102.30000305175781,102.3499984741211,102.05000305175781,102.12999725341797,26800
2003-11-19 00:00:00,50.90870666503906,101.81999969482422,102.30000305175781,101.81999969482422,102.27999877929688,44900
2003-11-20 00:00:00,51.083656311035156,102.16999816894531,102.26000213623047,101.94000244140625,102.0,21400
2003-11-21 00:00:00,51.13867950439453,102.27999877929688,102.44000244140625,102.20999908447266,102.33999633789062,66500
2003-11-24 00:00:00,50.923667907714844,101.8499984741211,102.13999938964844,101.8499984741211,102.08999633789062,37000
2003-11-25 00:00:00,51.123661041259766,102.25,102.25,101.77999877929688,101.77999877929688,54000
2003-11-26 00:00:00,50.93868637084961,101.87999725341797,102.13999938964844,101.87999725341797,102.08000183105469,25300
2003-11-28 00:00:00,50.85870361328125,101.72000122070312,101.75,101.72000122070312,101.75,22900
2003-12-01 00:00:00,50.71927261352539,101.16999816894531,101.31999969482422,101.0,101.1500015258789,58700
2003-12-02 00:00:00,50.70425796508789,101.13999938964844,101.1500015258789,100.5999984741211,100.83999633789062,52100
2003-12-03 00:00:00,50.754398345947266,101.23999786376953,101.3499984741211,100.9000015258789,100.9000015258789,32400
2003-12-04 00:00:00,50.829586029052734,101.38999938964844,101.5,101.05000305175781,101.13999938964844,25200
2003-12-05 00:00:00,51.08526611328125,101.9000015258789,101.9000015258789,101.51000213623047,101.88999938964844,42200
2003-12-08 00:00:00,51.08526611328125,101.9000015258789,102.04000091552734,101.80999755859375,101.98999786376953,67200
2003-12-09 00:00:00,50.799503326416016,101.33000183105469,102.0999984741211,101.20999908447266,102.04000091552734,87900
2003-12-10 00:00:00,51.000030517578125,101.7300033569336,101.75,101.5999984741211,101.73999786376953,120500
2003-12-11 00:00:00,51.18049240112305,102.08999633789062,102.13999938964844,101.4000015258789,101.58999633789062,91600
2003-12-12 00:00:00,51.21057891845703,102.1500015258789,102.33999633789062,101.94999694824219,102.23999786376953,16400
2003-12-15 00:00:00,51.18049240112305,102.08999633789062,102.25,101.8499984741211,102.19999694824219,21100
2003-12-16 00:00:00,51.21057891845703,102.1500015258789,102.19000244140625,101.9000015258789,102.0999984741211,61500
2003-12-17 00:00:00,51.33596420288086,102.4000015258789,102.55000305175781,102.16000366210938,102.44000244140625,23100
2003-12-18 00:00:00,51.41114044189453,102.55000305175781,102.63999938964844,102.20999908447266,102.44999694824219,33400
2003-12-19 00:00:00,51.43619155883789,102.5999984741211,102.5999984741211,102.36000061035156,102.54000091552734,26500
2003-12-22 00:00:00,51.41114044189453,102.55000305175781,102.80000305175781,102.2699966430664,102.69000244140625,139700
2003-12-23 00:00:00,51.21057891845703,102.1500015258789,102.5,102.1500015258789,102.38999938964844,80300
2003-12-24 00:00:00,51.250732421875,102.2300033569336,102.48999786376953,102.11000061035156,102.33999633789062,16200
2003-12-26 00:00:00,51.50637435913086,102.73999786376953,102.73999786376953,102.30999755859375,102.58999633789062,54500
2003-12-29 00:00:00,51.381019592285156,102.48999786376953,102.5999984741211,102.16000366210938,102.5,37600
2003-12-30 00:00:00,51.285770416259766,102.30000305175781,102.38999938964844,102.08000183105469,102.29000091552734,33800
2003-12-31 00:00:00,51.356693267822266,102.1500015258789,102.1500015258789,102.0,102.0,51900
2004-01-02 00:00:00,51.0650749206543,101.56999969482422,102.19000244140625,101.3499984741211,102.1500015258789,26100
2004-01-05 00:00:00,51.125431060791016,101.69000244140625,101.69000244140625,101.30000305175781,101.54000091552734,63600
2004-01-06 00:00:00,51.356693267822266,102.1500015258789,102.19000244140625,101.76000213623047,101.94000244140625,151800
2004-01-07 00:00:00,51.47231674194336,102.37999725341797,102.44999694824219,102.1500015258789,102.19999694824219,75200
2004-01-08 00:00:00,51.45724105834961,102.3499984741211,102.5,102.12000274658203,102.19999694824219,39800
2004-01-09 00:00:00,51.88458251953125,103.19999694824219,103.2699966430664,102.91000366210938,103.13999938964844,49800
2004-01-12 00:00:00,51.73878479003906,102.91000366210938,103.25,102.9000015258789,103.19999694824219,67600
2004-01-13 00:00:00,51.85943603515625,103.1500015258789,103.18000030517578,102.9000015258789,103.04000091552734,21700
2004-01-14 00:00:00,51.85442352294922,103.13999938964844,103.23999786376953,103.05000305175781,103.05000305175781,14100
2004-01-15 00:00:00,51.919803619384766,103.2699966430664,103.3499984741211,103.0,103.3499984741211,32600
2004-01-16 00:00:00,51.87956237792969,103.19000244140625,103.55000305175781,103.0999984741211,103.4000015258789,66800
2004-01-20 00:00:00,51.83430480957031,103.0999984741211,103.29000091552734,102.93000030517578,103.18000030517578,51700
2004-01-21 00:00:00,51.86948013305664,103.16999816894531,103.29000091552734,103.01000213623047,103.27999877929688,53800
2004-01-22 00:00:00,51.95995330810547,103.3499984741211,103.54000091552734,103.27999877929688,103.37999725341797,44100
2004-01-23 00:00:00,51.83430480957031,103.0999984741211,103.79000091552734,103.0,103.77999877929688,28700
2004-01-26 00:00:00,51.63322448730469,102.69999694824219,103.08999633789062,102.69999694824219,103.08000183105469,31900
2004-01-27 00:00:00,51.708621978759766,102.8499984741211,103.1500015258789,102.80000305175781,102.87999725341797,20200
2004-01-28 00:00:00,51.60303497314453,102.63999938964844,103.4000015258789,102.22000122070312,103.13999938964844,63000
2004-01-29 00:00:00,51.482391357421875,102.4000015258789,102.54000091552734,102.30000305175781,102.54000091552734,50600
2004-01-30 00:00:00,51.582942962646484,102.5999984741211,102.83000183105469,102.5,102.83000183105469,105300
2004-02-02 00:00:00,51.597049713134766,102.3499984741211,102.66999816894531,102.3499984741211,102.54000091552734,21300
2004-02-03 00:00:00,51.73824691772461,102.62999725341797,102.77999877929688,102.41000366210938,102.77999877929688,40300
2004-02-04 00:00:00,51.74324035644531,102.63999938964844,102.69000244140625,102.37000274658203,102.68000030517578,37600
2004-02-05 00:00:00,51.597049713134766,102.3499984741211,102.66000366210938,102.2300033569336,102.5999984741211,38900
2004-02-06 00:00:00,51.80876541137695,102.7699966430664,102.77999877929688,102.55000305175781,102.63999938964844,31600
2004-02-09 00:00:00,51.844078063964844,102.83999633789062,103.0,102.69999694824219,102.93000030517578,15800
2004-02-10 00:00:00,51.733154296875,102.62000274658203,102.87999725341797,102.55000305175781,102.87999725341797,31300
2004-02-11 00:00:00,51.9348258972168,103.0199966430664,103.19000244140625,102.45999908447266,102.66999816894531,26200
2004-02-12 00:00:00,51.9398193359375,103.02999877929688,103.19999694824219,102.83999633789062,103.19999694824219,61400
2004-02-13 00:00:00,52.1717529296875,103.48999786376953,103.48999786376953,103.0,103.2300033569336,82500
2004-02-17 00:00:00,52.045719146728516,103.23999786376953,103.30000305175781,103.0,103.27999877929688,78300
2004-02-18 00:00:00,52.005393981933594,103.16000366210938,103.5,103.0999984741211,103.44999694824219,38800
2004-02-19 00:00:00,52.06085968017578,103.2699966430664,103.30000305175781,102.9000015258789,103.08000183105469,21500
2004-02-20 00:00:00,51.89952850341797,102.94999694824219,103.23999786376953,102.83999633789062,103.2300033569336,40700
2004-02-23 00:00:00,52.040687561035156,103.2300033569336,103.25,102.80999755859375,103.08000183105469,24300
2004-02-24 00:00:00,51.99531555175781,103.13999938964844,103.38999938964844,103.12000274658203,103.33000183105469,40800
2004-02-25 00:00:00,52.11632537841797,103.37999725341797,103.47000122070312,103.19999694824219,103.3499984741211,78800
2004-02-26 00:00:00,52.03058624267578,103.20999908447266,103.33999633789062,103.12000274658203,103.33000183105469,33700
2004-02-27 00:00:00,52.1717529296875,103.48999786376953,103.5199966430664,103.27999877929688,103.48999786376953,34100
2004-03-01 00:00:00,52.19497299194336,103.29000091552734,103.37999725341797,102.9000015258789,103.3499984741211,154200
2004-03-02 00:00:00,52.013057708740234,102.93000030517578,103.2300033569336,102.75,103.0999984741211,28500
2004-03-03 00:00:00,51.95750427246094,102.81999969482422,103.08000183105469,102.69999694824219,103.08000183105469,79900
2004-03-04 00:00:00,52.08384323120117,103.06999969482422,103.0999984741211,102.83000183105469,103.08000183105469,116500
2004-03-05 00:00:00,52.46787643432617,103.83000183105469,103.98999786376953,102.98999786376953,103.9000015258789,68900
2004-03-08 00:00:00,52.644744873046875,104.18000030517578,104.19999694824219,103.87000274658203,104.1500015258789,44100
2004-03-09 00:00:00,52.72049331665039,104.33000183105469,104.43000030517578,104.05000305175781,104.18000030517578,46400
2004-03-10 00:00:00,52.6599006652832,104.20999908447266,104.36000061035156,104.12000274658203,104.30000305175781,38800
2004-03-11 00:00:00,52.77616500854492,104.44000244140625,104.54000091552734,103.91000366210938,104.54000091552734,56000
2004-03-12 00:00:00,52.61441421508789,104.12000274658203,104.31999969482422,104.01000213623047,104.30000305175781,42300
2004-03-15 00:00:00,52.62456130981445,104.13999938964844,104.2699966430664,104.0,104.1500015258789,61300
2004-03-16 00:00:00,52.75083923339844,104.38999938964844,104.47000122070312,103.80999755859375,104.08000183105469,53200
2004-03-17 00:00:00,52.72559356689453,104.33999633789062,104.58000183105469,104.2300033569336,104.58000183105469,28300
2004-03-18 00:00:00,52.675048828125,104.23999786376953,104.45999908447266,104.0199966430664,104.31999969482422,27000
2004-03-19 00:00:00,52.61948776245117,104.12999725341797,104.30000305175781,103.88999938964844,104.23999786376953,132500
2004-03-22 00:00:00,52.75591278076172,104.4000015258789,104.41999816894531,104.12000274658203,104.23999786376953,23300
2004-03-23 00:00:00,52.76096725463867,104.41000366210938,104.45999908447266,104.16999816894531,104.3499984741211,45500
2004-03-24 00:00:00,52.79128646850586,104.47000122070312,104.5199966430664,104.23999786376953,104.5,31300
2004-03-25 00:00:00,52.76096725463867,104.41000366210938,104.43000030517578,104.16999816894531,104.3499984741211,39000
2004-03-26 00:00:00,52.57905197143555,104.05000305175781,104.3499984741211,103.7699966430664,104.30000305175781,102300
2004-03-29 00:00:00,52.48300552368164,103.86000061035156,103.87000274658203,103.45999908447266,103.77999877929688,210100
2004-03-30 00:00:00,52.27588653564453,103.44999694824219,103.94999694824219,103.44999694824219,103.93000030517578,243200
2004-03-31 00:00:00,52.52851867675781,103.94999694824219,104.08000183105469,103.69999694824219,103.80000305175781,105100
2004-04-01 00:00:00,52.55384063720703,103.73999786376953,103.77999877929688,103.37000274658203,103.77999877929688,128500
2004-04-02 00:00:00,52.07258224487305,102.79000091552734,102.97000122070312,102.41000366210938,102.41000366210938,165600
2004-04-05 00:00:00,51.75343322753906,102.16000366210938,102.3499984741211,102.05000305175781,102.05000305175781,77500
2004-04-06 00:00:00,51.90035629272461,102.44999694824219,102.5,102.13999938964844,102.44999694824219,54800
2004-04-07 00:00:00,51.773712158203125,102.19999694824219,102.66999816894531,102.19999694824219,102.4800033569336,207600
2004-04-08 00:00:00,51.80406951904297,102.26000213623047,102.58999633789062,102.25,102.30000305175781,18700
2004-04-12 00:00:00,51.7889289855957,102.2300033569336,102.4000015258789,102.08000183105469,102.3499984741211,88400
2004-04-13 00:00:00,51.69775390625,102.05000305175781,102.0999984741211,101.70999908447266,101.9800033569336,110800
2004-04-14 00:00:00,51.545745849609375,101.75,101.76000213623047,101.27999877929688,101.5,30400
2004-04-15 00:00:00,51.46974563598633,101.5999984741211,101.7699966430664,101.41999816894531,101.4800033569336,40600
2004-04-16 00:00:00,51.61159133911133,101.87999725341797,101.9000015258789,101.5999984741211,101.8499984741211,49000
2004-04-19 00:00:00,51.545745849609375,101.75,102.0,101.62000274658203,101.94999694824219,115300
2004-04-20 00:00:00,51.378536224365234,101.41999816894531,101.72000122070312,101.30999755859375,101.6500015258789,40000
2004-04-21 00:00:00,51.25696563720703,101.18000030517578,101.51000213623047,101.01000213623047,101.05000305175781,72700
2004-04-22 00:00:00,51.444400787353516,101.55000305175781,101.69000244140625,101.33000183105469,101.5999984741211,41100
2004-04-23 00:00:00,51.34308624267578,101.3499984741211,101.5,101.11000061035156,101.44999694824219,90200
2004-04-26 00:00:00,51.327884674072266,101.31999969482422,101.58999633789062,101.04000091552734,101.3499984741211,109900
2004-04-27 00:00:00,51.45450210571289,101.56999969482422,101.58999633789062,101.2300033569336,101.44999694824219,54200
2004-04-28 00:00:00,51.216400146484375,101.0999984741211,101.58999633789062,101.05999755859375,101.58999633789062,36400
2004-04-29 00:00:00,51.069515228271484,100.80999755859375,101.27999877929688,100.62000274658203,101.02999877929688,46600
2004-04-30 00:00:00,51.05432891845703,100.77999877929688,101.04000091552734,100.75,100.94000244140625,64200
2004-05-03 00:00:00,50.97816848754883,100.36000061035156,100.83000183105469,100.36000061035156,100.6500015258789,245200
2004-05-04 00:00:00,51.0695686340332,100.54000091552734,100.94000244140625,100.27999877929688,100.5999984741211,41200
2004-05-05 00:00:00,51.003517150878906,100.41000366210938,100.79000091552734,100.30000305175781,100.6500015258789,34000
2004-05-06 00:00:00,50.846073150634766,100.0999984741211,100.33999633789062,100.05999755859375,100.25,67900
2004-05-07 00:00:00,50.414306640625,99.25,99.5,99.1500015258789,99.5,56800
2004-05-10 00:00:00,50.33811569213867,99.0999984741211,99.48999786376953,99.05999755859375,99.4000015258789,77000
2004-05-11 00:00:00,50.465118408203125,99.3499984741211,99.44999694824219,99.01000213623047,99.01000213623047,84200
2004-05-12 00:00:00,50.39399337768555,99.20999908447266,99.51000213623047,99.20999908447266,99.44999694824219,48900
2004-05-13 00:00:00,50.38385009765625,99.19000244140625,99.26000213623047,98.86000061035156,99.25,21200
2004-05-14 00:00:00,50.39399337768555,99.20999908447266,99.54000091552734,99.1500015258789,99.27999877929688,53300
2004-05-17 00:00:00,50.64796447753906,99.70999908447266,99.88999938964844,99.66000366210938,99.66000366210938,37400
2004-05-18 00:00:00,50.67335510253906,99.76000213623047,99.80000305175781,99.51000213623047,99.73999786376953,24000
2004-05-19 00:00:00,50.58698654174805,99.58999633789062,99.63999938964844,99.4000015258789,99.63999938964844,31000
2004-05-20 00:00:00,50.724143981933594,99.86000061035156,99.86000061035156,99.58000183105469,99.79000091552734,11200
2004-05-21 00:00:00,50.6428337097168,99.69999694824219,99.94999694824219,99.45999908447266,99.94999694824219,22300
2004-05-24 00:00:00,50.683536529541016,99.77999877929688,99.83999633789062,99.5999984741211,99.5999984741211,39300
2004-05-25 00:00:00,50.66829299926758,99.75,99.88999938964844,99.68000030517578,99.88999938964844,44600
2004-05-26 00:00:00,50.79529571533203,100.0,100.06999969482422,99.9000015258789,99.98999786376953,35800
2004-05-27 00:00:00,51.03911209106445,100.4800033569336,100.48999786376953,100.1500015258789,100.1500015258789,99600
2004-05-28 00:00:00,50.86132049560547,100.12999725341797,100.54000091552734,100.05000305175781,100.54000091552734,54900
2004-06-01 00:00:00,50.803714752197266,99.69999694824219,99.88999938964844,99.52999877929688,99.80000305175781,39500
2004-06-02 00:00:00,50.8241081237793,99.73999786376953,99.7699966430664,99.5,99.69000244140625,196100
2004-06-03 00:00:00,50.803714752197266,99.69999694824219,99.69999694824219,99.5,99.5,91900
2004-06-04 00:00:00,50.696720123291016,99.48999786376953,99.58999633789062,99.37999725341797,99.58999633789062,30100
2004-06-07 00:00:00,50.747650146484375,99.58999633789062,99.58999633789062,99.19000244140625,99.48999786376953,39300
2004-06-08 00:00:00,50.6253662109375,99.3499984741211,99.55000305175781,99.30000305175781,99.48999786376953,264400
2004-06-09 00:00:00,50.640647888183594,99.37999725341797,99.38999938964844,99.1500015258789,99.16000366210938,90200
2004-06-10 00:00:00,50.589691162109375,99.27999877929688,99.47000122070312,99.0999984741211,99.33999633789062,49500
2004-06-14 00:00:00,50.447025299072266,99.0,99.23999786376953,98.8499984741211,99.0,73500
2004-06-15 00:00:00,50.87505340576172,99.83999633789062,99.87999725341797,99.41999816894531,99.48999786376953,58200
2004-06-16 00:00:00,50.77314758300781,99.63999938964844,99.83999633789062,99.5,99.83999633789062,55600
2004-06-17 00:00:00,50.8292350769043,99.75,99.87000274658203,99.36000061035156,99.63999938964844,57100
2004-06-18 00:00:00,50.905643463134766,99.9000015258789,100.04000091552734,99.66000366210938,99.80999755859375,47700
2004-06-21 00:00:00,50.97191619873047,100.02999877929688,100.02999877929688,99.77999877929688,99.98999786376953,31500
2004-06-22 00:00:00,50.95148468017578,99.98999786376953,99.98999786376953,99.75,99.94000244140625,39900
2004-06-23 00:00:00,50.9107551574707,99.91000366210938,100.0,99.79000091552734,99.88999938964844,24600
2004-06-24 00:00:00,51.10440444946289,100.29000091552734,100.4000015258789,100.12999725341797,100.29000091552734,42100
2004-06-25 00:00:00,51.08910369873047,100.26000213623047,100.3499984741211,100.08999633789062,100.23999786376953,33200
2004-06-28 00:00:00,50.92095947265625,99.93000030517578,100.05000305175781,99.80000305175781,100.0,77500
2004-06-29 00:00:00,50.8292350769043,99.75,100.0999984741211,99.41000366210938,99.41000366210938,225700
2004-06-30 00:00:00,51.23179244995117,100.54000091552734,100.55000305175781,100.08999633789062,100.13999938964844,23300
2004-07-01 00:00:00,51.29669952392578,100.3499984741211,100.4000015258789,100.0199966430664,100.29000091552734,316900
2004-07-02 00:00:00,51.62385559082031,100.98999786376953,101.08999633789062,100.75,100.98999786376953,162500
2004-07-06 00:00:00,51.58802795410156,100.91999816894531,101.05000305175781,100.73999786376953,100.98999786376953,27900
2004-07-07 00:00:00,51.55738830566406,100.86000061035156,100.94999694824219,100.75,100.87000274658203,29700
2004-07-08 00:00:00,51.6136360168457,100.97000122070312,101.0199966430664,100.79000091552734,100.94000244140625,74200
2004-07-09 00:00:00,51.46023178100586,100.66999816894531,101.0199966430664,100.66999816894531,100.97000122070312,425600
2004-07-12 00:00:00,51.6136360168457,100.97000122070312,100.97000122070312,100.80000305175781,100.80000305175781,52600
2004-07-13 00:00:00,51.55738830566406,100.86000061035156,100.88999938964844,100.69000244140625,100.88999938964844,52800
2004-07-14 00:00:00,51.58802795410156,100.91999816894531,100.98999786376953,100.73999786376953,100.98999786376953,39000
2004-07-15 00:00:00,51.49095153808594,100.7300033569336,100.9000015258789,100.69999694824219,100.70999908447266,24600
2004-07-16 00:00:00,51.83341979980469,101.4000015258789,101.4000015258789,101.01000213623047,101.01000213623047,58800
2004-07-19 00:00:00,51.7567253112793,101.25,101.48999786376953,101.2300033569336,101.48999786376953,13000
2004-07-20 00:00:00,51.61873245239258,100.9800033569336,101.3499984741211,100.80000305175781,101.25,62300
2004-07-21 00:00:00,51.49602127075195,100.73999786376953,101.0,100.5999984741211,100.75,32900
2004-07-22 00:00:00,51.60848617553711,100.95999908447266,101.0,100.80000305175781,100.98999786376953,35000
2004-07-23 00:00:00,51.72605514526367,101.19000244140625,101.19000244140625,100.8499984741211,101.13999938964844,41200
2004-07-26 00:00:00,51.485843658447266,100.72000122070312,101.01000213623047,100.70999908447266,101.0,81000
2004-07-27 00:00:00,51.36827850341797,100.48999786376953,100.88999938964844,100.29000091552734,100.88999938964844,20500
2004-07-28 00:00:00,51.444923400878906,100.63999938964844,100.63999938964844,100.2699966430664,100.48999786376953,30800
2004-07-29 00:00:00,51.327369689941406,100.41000366210938,100.69999694824219,100.38999938964844,100.58999633789062,48200
2004-07-30 00:00:00,51.705596923828125,101.1500015258789,101.16999816894531,100.70999908447266,100.70999908447266,31300
2004-08-02 00:00:00,51.69123458862305,100.80000305175781,101.08000183105469,100.76000213623047,101.08000183105469,28200
2004-08-03 00:00:00,51.763038635253906,100.94000244140625,101.06999969482422,100.80000305175781,100.87999725341797,77400
2004-08-04 00:00:00,51.87589645385742,101.16000366210938,101.19999694824219,100.79000091552734,100.79000091552734,213200
2004-08-05 00:00:00,51.911808013916016,101.2300033569336,101.27999877929688,101.0999984741211,101.16000366210938,281500
2004-08-06 00:00:00,52.245113372802734,101.87999725341797,102.13999938964844,101.86000061035156,101.86000061035156,44800
2004-08-09 00:00:00,52.2809944152832,101.94999694824219,102.02999877929688,101.80000305175781,101.98999786376953,23200
2004-08-10 00:00:00,52.14255905151367,101.68000030517578,102.0,101.62999725341797,101.98999786376953,28400
2004-08-11 00:00:00,52.17843246459961,101.75,101.88999938964844,101.52999877929688,101.68000030517578,22100
2004-08-12 00:00:00,52.28614044189453,101.95999908447266,101.95999908447266,101.51000213623047,101.51000213623047,17600
2004-08-13 00:00:00,52.38867950439453,102.16000366210938,102.16000366210938,102.0,102.1500015258789,18500
2004-08-16 00:00:00,52.32715606689453,102.04000091552734,102.04000091552734,101.83999633789062,102.04000091552734,16400
2004-08-17 00:00:00,52.48102569580078,102.33999633789062,102.33999633789062,102.0,102.08999633789062,271000
2004-08-18 00:00:00,52.3117790222168,102.01000213623047,102.4000015258789,102.01000213623047,102.38999938964844,47400
2004-08-19 00:00:00,52.486141204833984,102.3499984741211,102.3499984741211,102.0,102.12000274658203,32700
2004-08-20 00:00:00,52.3322868347168,102.05000305175781,102.38999938964844,102.05000305175781,102.38999938964844,57900
2004-08-23 00:00:00,52.3476448059082,102.08000183105469,102.16000366210938,101.80999755859375,102.08999633789062,40400
2004-08-24 00:00:00,52.352779388427734,102.08999633789062,102.11000061035156,101.73999786376953,101.75,39400
2004-08-25 00:00:00,52.35792541503906,102.0999984741211,102.27999877929688,101.98999786376953,102.08999633789062,69900
2004-08-26 00:00:00,52.45531463623047,102.29000091552734,102.33999633789062,102.05000305175781,102.19000244140625,46800
2004-08-27 00:00:00,52.49122619628906,102.36000061035156,102.43000030517578,102.30999755859375,102.38999938964844,50600
2004-08-30 00:00:00,52.54252243041992,102.45999908447266,102.5,102.27999877929688,102.44000244140625,50000
2004-08-31 00:00:00,52.54252243041992,102.45999908447266,102.88999938964844,102.41000366210938,102.66000366210938,386200
2004-09-01 00:00:00,52.7318115234375,102.51000213623047,102.52999877929688,102.16999816894531,102.30999755859375,277800
2004-09-02 00:00:00,52.52090835571289,102.0999984741211,102.41999816894531,102.06999969482422,102.41999816894531,27900
2004-09-03 00:00:00,52.49521255493164,102.05000305175781,102.05000305175781,101.55999755859375,101.98999786376953,97700
2004-09-07 00:00:00,52.49005889892578,102.04000091552734,102.04000091552734,101.70999908447266,101.88999938964844,36100
2004-09-08 00:00:00,52.6495246887207,102.3499984741211,102.38999938964844,101.76000213623047,101.8499984741211,87700
2004-09-09 00:00:00,52.59807586669922,102.25,102.5199966430664,102.12000274658203,102.41999816894531,49400
2004-09-10 00:00:00,52.711273193359375,102.47000122070312,102.5999984741211,102.33999633789062,102.55000305175781,67200
2004-09-13 00:00:00,52.762657165527344,102.56999969482422,102.61000061035156,102.37000274658203,102.47000122070312,126000
2004-09-14 00:00:00,52.81924819946289,102.68000030517578,102.69999694824219,102.54000091552734,102.56999969482422,86300
2004-09-15 00:00:00,52.788360595703125,102.62000274658203,102.6500015258789,102.5,102.63999938964844,124400
2004-09-16 00:00:00,52.9478759765625,102.93000030517578,102.9800033569336,102.47000122070312,102.6500015258789,111700
2004-09-17 00:00:00,52.7266731262207,102.5,102.9000015258789,102.5,102.88999938964844,59800
2004-09-20 00:00:00,52.953041076660156,102.94000244140625,102.94000244140625,102.5999984741211,102.88999938964844,94600
2004-09-21 00:00:00,52.937652587890625,102.91000366210938,102.97000122070312,102.5999984741211,102.94000244140625,41400
2004-09-22 00:00:00,53.11247253417969,103.25,103.25,102.80000305175781,103.04000091552734,28600
2004-09-23 00:00:00,52.953041076660156,102.94000244140625,103.25,102.80000305175781,103.22000122070312,28300
2004-09-24 00:00:00,52.96844482421875,102.97000122070312,103.0,102.69999694824219,102.83999633789062,26400
2004-09-27 00:00:00,52.953041076660156,102.94000244140625,103.13999938964844,102.8499984741211,102.86000061035156,39100
2004-09-28 00:00:00,53.04048156738281,103.11000061035156,103.19000244140625,102.91999816894531,103.13999938964844,47600
2004-09-29 00:00:00,52.73695755004883,102.5199966430664,102.88999938964844,102.5,102.62000274658203,225100
2004-09-30 00:00:00,52.81413269042969,102.66999816894531,102.69000244140625,102.30999755859375,102.58999633789062,60700
2004-10-01 00:00:00,52.71971130371094,102.16999816894531,102.26000213623047,102.01000213623047,102.26000213623047,45500
2004-10-04 00:00:00,52.73519515991211,102.19999694824219,102.19999694824219,101.76000213623047,101.76000213623047,23400
2004-10-05 00:00:00,52.73002624511719,102.19000244140625,102.30999755859375,102.0,102.01000213623047,139600
2004-10-06 00:00:00,52.631935119628906,102.0,102.19999694824219,101.87000274658203,102.16999816894531,128000
2004-10-07 00:00:00,52.631935119628906,102.0,102.05000305175781,101.8499984741211,101.97000122070312,39800
2004-10-08 00:00:00,52.88998794555664,102.5,102.5999984741211,102.26000213623047,102.56999969482422,29200
2004-10-11 00:00:00,52.94157791137695,102.5999984741211,102.80000305175781,102.36000061035156,102.36000061035156,25800
2004-10-12 00:00:00,52.88998794555664,102.5,102.83000183105469,102.5,102.76000213623047,34100
2004-10-13 00:00:00,52.9674072265625,102.6500015258789,102.91999816894531,102.41000366210938,102.41000366210938,32700
2004-10-14 00:00:00,53.22023010253906,103.13999938964844,103.13999938964844,102.88999938964844,102.9000015258789,18900
2004-10-15 00:00:00,53.1222038269043,102.94999694824219,103.0,102.69000244140625,103.0,21400
2004-10-18 00:00:00,53.07577133178711,102.86000061035156,102.98999786376953,102.69999694824219,102.98999786376953,39700
2004-10-19 00:00:00,53.1015739440918,102.91000366210938,103.04000091552734,102.6500015258789,102.6500015258789,32200
2004-10-20 00:00:00,53.287288665771484,103.2699966430664,103.2699966430664,102.91000366210938,102.91000366210938,135800
2004-10-21 00:00:00,53.15314483642578,103.01000213623047,103.30000305175781,103.01000213623047,103.19999694824219,23100
2004-10-22 00:00:00,53.28217697143555,103.26000213623047,103.27999877929688,103.04000091552734,103.1500015258789,25800
2004-10-25 00:00:00,53.344078063964844,103.37999725341797,103.44000244140625,103.11000061035156,103.43000030517578,33800
2004-10-26 00:00:00,53.18932342529297,103.08000183105469,103.36000061035156,103.02999877929688,103.25,60200
2004-10-27 00:00:00,53.07057189941406,102.8499984741211,103.38999938964844,102.69000244140625,103.37000274658203,29100
2004-10-28 00:00:00,53.132476806640625,102.97000122070312,103.12000274658203,102.66000366210938,102.88999938964844,76000
2004-10-29 00:00:00,53.27180862426758,103.23999786376953,103.25,102.9800033569336,103.1500015258789,61600
2004-11-01 00:00:00,53.157501220703125,102.73999786376953,102.94000244140625,102.56999969482422,102.88999938964844,28900
2004-11-02 00:00:00,53.110931396484375,102.6500015258789,102.86000061035156,102.58999633789062,102.86000061035156,97300
2004-11-03 00:00:00,53.22475814819336,102.87000274658203,102.9000015258789,102.41000366210938,102.63999938964844,40700
2004-11-04 00:00:00,53.17816162109375,102.77999877929688,103.04000091552734,102.66000366210938,102.98999786376953,40700
2004-11-05 00:00:00,53.043601989746094,102.5199966430664,102.5199966430664,102.1500015258789,102.44000244140625,149600
2004-11-08 00:00:00,52.85219192504883,102.1500015258789,102.41999816894531,102.1500015258789,102.36000061035156,52300
2004-11-09 00:00:00,52.97639083862305,102.38999938964844,102.4000015258789,102.16999816894531,102.38999938964844,54700
2004-11-10 00:00:00,52.91428756713867,102.2699966430664,102.38999938964844,102.12000274658203,102.33000183105469,21800
2004-11-11 00:00:00,52.9660530090332,102.37000274658203,102.4000015258789,102.0199966430664,102.23999786376953,43000
2004-11-12 00:00:00,53.02817916870117,102.48999786376953,102.54000091552734,102.2699966430664,102.38999938964844,32200
2004-11-15 00:00:00,53.05400085449219,102.54000091552734,102.55000305175781,102.29000091552734,102.38999938964844,390500
2004-11-16 00:00:00,53.00225067138672,102.44000244140625,102.44999694824219,102.19999694824219,102.44000244140625,50100
2004-11-17 00:00:00,53.13679885864258,102.69999694824219,102.80000305175781,102.26000213623047,102.26000213623047,64600
2004-11-18 00:00:00,53.157501220703125,102.73999786376953,102.88999938964844,102.47000122070312,102.73999786376953,50300
2004-11-19 00:00:00,53.04884338378906,102.52999877929688,102.69999694824219,102.3499984741211,102.58000183105469,43500
2004-11-22 00:00:00,53.13160705566406,102.69000244140625,102.7300033569336,102.30000305175781,102.55999755859375,63100
2004-11-23 00:00:00,53.10057067871094,102.62999725341797,102.69999694824219,102.44000244140625,102.58999633789062,63600
2004-11-24 00:00:00,53.152278900146484,102.7300033569336,102.75,102.37000274658203,102.62999725341797,94300
2004-11-26 00:00:00,52.997100830078125,102.43000030517578,102.4800033569336,102.20999908447266,102.37000274658203,39400
2004-11-29 00:00:00,52.85219192504883,102.1500015258789,102.27999877929688,102.12000274658203,102.23999786376953,103200
2004-11-30 00:00:00,52.87809753417969,102.19999694824219,102.2300033569336,101.97000122070312,102.12000274658203,108000
2004-12-01 00:00:00,52.67982482910156,101.51000213623047,101.94999694824219,101.51000213623047,101.94999694824219,49000
2004-12-02 00:00:00,52.77849197387695,101.69999694824219,101.73999786376953,101.5,101.66999816894531,51500
2004-12-03 00:00:00,53.084625244140625,102.29000091552734,102.29000091552734,101.9800033569336,102.22000122070312,85100
2004-12-06 00:00:00,53.14170455932617,102.4000015258789,102.4800033569336,102.13999938964844,102.25,146500
2004-12-07 00:00:00,53.214351654052734,102.54000091552734,102.54000091552734,102.22000122070312,102.38999938964844,76500
2004-12-08 00:00:00,53.39600372314453,102.88999938964844,102.88999938964844,102.44000244140625,102.44999694824219,158200
2004-12-09 00:00:00,53.323333740234375,102.75,102.94999694824219,102.62999725341797,102.79000091552734,120600
2004-12-10 00:00:00,53.25586700439453,102.62000274658203,102.83999633789062,102.5999984741211,102.75,139800
2004-12-13 00:00:00,53.333717346191406,102.7699966430664,102.87999725341797,102.51000213623047,102.69000244140625,102400
2004-12-14 00:00:00,53.38563919067383,102.87000274658203,102.88999938964844,102.41000366210938,102.41000366210938,53900
2004-12-15 00:00:00,53.505001068115234,103.0999984741211,103.11000061035156,102.86000061035156,103.06999969482422,57400
2004-12-16 00:00:00,53.29740905761719,102.69999694824219,102.98999786376953,102.5999984741211,102.98999786376953,123100
2004-12-17 00:00:00,53.16767120361328,102.44999694824219,102.6500015258789,102.41999816894531,102.44999694824219,48100
2004-12-20 00:00:00,53.21957778930664,102.55000305175781,102.72000122070312,102.45999908447266,102.69000244140625,57800
2004-12-21 00:00:00,53.21957778930664,102.55000305175781,102.80000305175781,102.5,102.5999984741211,83100
2004-12-22 00:00:00,53.333717346191406,102.7699966430664,102.79000091552734,102.5,102.5,94300
2004-12-23 00:00:00,53.359676361083984,102.81999969482422,102.8499984741211,102.58000183105469,102.69999694824219,192700
2004-12-27 00:00:00,53.15730285644531,102.43000030517578,102.5,102.30000305175781,102.4000015258789,145200
2004-12-28 00:00:00,53.13133239746094,102.37999725341797,102.4000015258789,102.0,102.33999633789062,122800
2004-12-29 00:00:00,53.12093734741211,102.36000061035156,102.5,102.26000213623047,102.48999786376953,116800
2004-12-30 00:00:00,53.22995376586914,102.56999969482422,102.58999633789062,102.25,102.36000061035156,132700
2004-12-31 00:00:00,53.2996711730957,102.4000015258789,102.58999633789062,102.25,102.36000061035156,135300
2005-01-03 00:00:00,53.2996711730957,102.4000015258789,102.55000305175781,102.12000274658203,102.33999633789062,479600
2005-01-04 00:00:00,53.2476692199707,102.30000305175781,102.5,102.06999969482422,102.45999908447266,190500
2005-01-05 00:00:00,53.22678756713867,102.26000213623047,102.3499984741211,102.05999755859375,102.19999694824219,69900
2005-01-06 00:00:00,53.26329803466797,102.33000183105469,102.37000274658203,102.18000030517578,102.29000091552734,75400
2005-01-07 00:00:00,53.2476692199707,102.30000305175781,102.44000244140625,102.11000061035156,102.38999938964844,137000
2005-01-10 00:00:00,53.221588134765625,102.25,102.31999969482422,102.0999984741211,102.31999969482422,69500
2005-01-11 00:00:00,53.29448318481445,102.38999938964844,102.51000213623047,102.22000122070312,102.41999816894531,78600
2005-01-12 00:00:00,53.37255096435547,102.54000091552734,102.58999633789062,102.25,102.43000030517578,119100
2005-01-13 00:00:00,53.50270462036133,102.79000091552734,102.83999633789062,102.52999877929688,102.63999938964844,62400
2005-01-14 00:00:00,53.31010055541992,102.41999816894531,102.70999908447266,102.37000274658203,102.66999816894531,124200
2005-01-18 00:00:00,53.45064163208008,102.69000244140625,102.69999694824219,102.2699966430664,102.54000091552734,86600
2005-01-19 00:00:00,53.5286865234375,102.83999633789062,102.8499984741211,102.58999633789062,102.7699966430664,88300
2005-01-20 00:00:00,53.60161590576172,102.9800033569336,103.01000213623047,102.5999984741211,102.79000091552734,98400
2005-01-21 00:00:00,53.62763214111328,103.02999877929688,103.05000305175781,102.86000061035156,102.88999938964844,85200
2005-01-24 00:00:00,53.63804244995117,103.05000305175781,103.08000183105469,102.9000015258789,103.04000091552734,85200
2005-01-25 00:00:00,53.54433059692383,102.87000274658203,102.97000122070312,102.7699966430664,102.94000244140625,79600
2005-01-26 00:00:00,53.51829147338867,102.81999969482422,102.94000244140625,102.75,102.94000244140625,95100
2005-01-27 00:00:00,53.44539260864258,102.68000030517578,102.70999908447266,102.54000091552734,102.69000244140625,83900
2005-01-28 00:00:00,53.62763214111328,103.02999877929688,103.02999877929688,102.76000213623047,102.88999938964844,79400
2005-01-31 00:00:00,53.5599365234375,102.9000015258789,103.0199966430664,102.75,103.0199966430664,113800
2005-02-01 00:00:00,53.616844177246094,102.69999694824219,102.77999877929688,102.5,102.5,98400
2005-02-02 00:00:00,53.658634185791016,102.77999877929688,102.80000305175781,102.5999984741211,102.72000122070312,203100
2005-02-03 00:00:00,53.59076690673828,102.6500015258789,102.6500015258789,102.44000244140625,102.58999633789062,52500
2005-02-04 00:00:00,53.815208435058594,103.08000183105469,103.20999908447266,102.69999694824219,103.12000274658203,52800
2005-02-07 00:00:00,53.825679779052734,103.0999984741211,103.2300033569336,102.80999755859375,103.11000061035156,68900
2005-02-08 00:00:00,53.85700988769531,103.16000366210938,103.25,102.91999816894531,103.12999725341797,114900
2005-02-09 00:00:00,54.003196716308594,103.44000244140625,103.5,103.0999984741211,103.23999786376953,90600
2005-02-10 00:00:00,53.726478576660156,102.91000366210938,103.33000183105469,102.91000366210938,103.33000183105469,134500
2005-02-11 00:00:00,53.79960250854492,103.05000305175781,103.11000061035156,102.80000305175781,103.11000061035156,73700
2005-02-14 00:00:00,53.810028076171875,103.06999969482422,103.12999725341797,102.8499984741211,102.93000030517578,99200
2005-02-15 00:00:00,53.705596923828125,102.87000274658203,103.08000183105469,102.70999908447266,102.70999908447266,139700
2005-02-16 00:00:00,53.64291763305664,102.75,103.08000183105469,102.5999984741211,103.08000183105469,75000
2005-02-17 00:00:00,53.616844177246094,102.69999694824219,102.81999969482422,102.5,102.66000366210938,90400
2005-02-18 00:00:00,53.63251495361328,102.7300033569336,102.75,102.4800033569336,102.51000213623047,94000
2005-02-22 00:00:00,53.481075286865234,102.44000244140625,102.55000305175781,102.30000305175781,102.52999877929688,103500
2005-02-23 00:00:00,53.50719451904297,102.48999786376953,102.5999984741211,102.3499984741211,102.58999633789062,128300
2005-02-24 00:00:00,53.45499038696289,102.38999938964844,102.58000183105469,102.30999755859375,102.58000183105469,83600
2005-02-25 00:00:00,53.502010345458984,102.4800033569336,102.4800033569336,102.22000122070312,102.44999694824219,66800
2005-02-28 00:00:00,53.36106872558594,102.20999908447266,102.5,102.05999755859375,102.4800033569336,359800
2005-03-01 00:00:00,53.32281494140625,101.8499984741211,101.93000030517578,101.69000244140625,101.69000244140625,125000
2005-03-02 00:00:00,53.25477600097656,101.72000122070312,101.88999938964844,101.61000061035156,101.61000061035156,171000
2005-03-03 00:00:00,53.2966194152832,101.80000305175781,101.94999694824219,101.55000305175781,101.94000244140625,120700
2005-03-04 00:00:00,53.4484977722168,102.08999633789062,102.20999908447266,101.88999938964844,102.04000091552734,585500
2005-03-07 00:00:00,53.464149475097656,102.12000274658203,102.2699966430664,101.91000366210938,102.13999938964844,203000
2005-03-08 00:00:00,53.3490104675293,101.9000015258789,101.94999694824219,101.75,101.88999938964844,96600
2005-03-09 00:00:00,53.02444839477539,101.27999877929688,101.69000244140625,101.19000244140625,101.66000366210938,110600
2005-03-10 00:00:00,52.96155548095703,101.16000366210938,101.44999694824219,101.05999755859375,101.44999694824219,173000
2005-03-11 00:00:00,53.00348663330078,101.23999786376953,101.38999938964844,100.98999786376953,101.38999938964844,87600
2005-03-14 00:00:00,52.98249435424805,101.19999694824219,101.25,100.93000030517578,101.1500015258789,129900
2005-03-15 00:00:00,52.992950439453125,101.22000122070312,101.41000366210938,101.05000305175781,101.4000015258789,108000
2005-03-16 00:00:00,53.02963638305664,101.29000091552734,101.48999786376953,101.04000091552734,101.22000122070312,94600
2005-03-17 00:00:00,53.01914596557617,101.2699966430664,101.55999755859375,101.11000061035156,101.48999786376953,191700
2005-03-18 00:00:00,52.98249435424805,101.19999694824219,101.30000305175781,100.94999694824219,101.19999694824219,80800
2005-03-21 00:00:00,52.98249435424805,101.19999694824219,101.33000183105469,101.08999633789062,101.33000183105469,106700
2005-03-22 00:00:00,52.69456100463867,100.6500015258789,101.41999816894531,100.4800033569336,101.4000015258789,181500
2005-03-23 00:00:00,52.76263427734375,100.77999877929688,100.77999877929688,100.25,100.61000061035156,158800
2005-03-24 00:00:00,52.79404067993164,100.83999633789062,100.98999786376953,100.55000305175781,100.6500015258789,101500
2005-03-28 00:00:00,52.6893196105957,100.63999938964844,100.72000122070312,100.41000366210938,100.72000122070312,83100
2005-03-29 00:00:00,52.65791320800781,100.58000183105469,100.87000274658203,100.51000213623047,100.79000091552734,270600
2005-03-30 00:00:00,52.81498718261719,100.87999725341797,101.0999984741211,100.5999984741211,101.0,51600
2005-03-31 00:00:00,52.84114074707031,100.93000030517578,101.2699966430664,100.80000305175781,101.2300033569336,128100
2005-04-01 00:00:00,53.15266418457031,101.18000030517578,101.25,100.72000122070312,101.23999786376953,96200
2005-04-04 00:00:00,53.089637756347656,101.05999755859375,101.23999786376953,100.80000305175781,101.08999633789062,387300
2005-04-05 00:00:00,52.98457717895508,100.86000061035156,101.05999755859375,100.75,101.05999755859375,46500
2005-04-06 00:00:00,53.12112045288086,101.12000274658203,101.19000244140625,100.88999938964844,101.13999938964844,279600
2005-04-07 00:00:00,53.058135986328125,101.0,101.41999816894531,101.0,101.30999755859375,235900
2005-04-08 00:00:00,53.058135986328125,101.0,101.06999969482422,100.75,100.98999786376953,130600
2005-04-11 00:00:00,53.15790939331055,101.19000244140625,101.22000122070312,100.86000061035156,101.05000305175781,82200
2005-04-12 00:00:00,53.30501174926758,101.47000122070312,101.61000061035156,101.0,101.08999633789062,150600
2005-04-13 00:00:00,53.378562927246094,101.61000061035156,101.70999908447266,101.37999725341797,101.68000030517578,74600
2005-04-14 00:00:00,53.425846099853516,101.69999694824219,101.75,101.44000244140625,101.66000366210938,185600
2005-04-15 00:00:00,53.614990234375,102.05999755859375,102.05999755859375,101.61000061035156,101.93000030517578,146900
2005-04-18 00:00:00,53.551910400390625,101.94000244140625,102.0999984741211,101.7300033569336,102.08999633789062,153400
2005-04-19 00:00:00,53.620201110839844,102.06999969482422,102.19999694824219,101.70999908447266,101.87000274658203,100600
2005-04-20 00:00:00,53.6569938659668,102.13999938964844,102.1500015258789,101.70999908447266,101.94000244140625,114900
2005-04-21 00:00:00,53.525665283203125,101.88999938964844,102.11000061035156,101.70999908447266,101.70999908447266,109500
2005-04-22 00:00:00,53.63595962524414,102.0999984741211,102.12000274658203,101.76000213623047,102.05000305175781,44100
2005-04-25 00:00:00,53.614990234375,102.05999755859375,102.08999633789062,101.86000061035156,102.0,63400
2005-04-26 00:00:00,53.48359680175781,101.80999755859375,102.12000274658203,101.80999755859375,102.12000274658203,68800
2005-04-27 00:00:00,53.70429229736328,102.2300033569336,102.36000061035156,101.94000244140625,102.25,70500
2005-04-28 00:00:00,53.840824127197266,102.48999786376953,102.48999786376953,102.08999633789062,102.19999694824219,75900
2005-04-29 00:00:00,53.751529693603516,102.31999969482422,102.44999694824219,102.05000305175781,102.30999755859375,151000
2005-05-02 00:00:00,53.753665924072266,101.98999786376953,102.0999984741211,101.8499984741211,102.08999633789062,54800
2005-05-03 00:00:00,53.716758728027344,101.91999816894531,102.06999969482422,101.66000366210938,102.06999969482422,708100
2005-05-04 00:00:00,53.7747917175293,102.02999877929688,102.08999633789062,101.6500015258789,101.91999816894531,63900
2005-05-05 00:00:00,53.81162643432617,102.0999984741211,102.30000305175781,101.9000015258789,102.0999984741211,86400
2005-05-06 00:00:00,53.61137390136719,101.72000122070312,101.8499984741211,101.52999877929688,101.83000183105469,70000
2005-05-09 00:00:00,53.5692024230957,101.63999938964844,101.66000366210938,101.51000213623047,101.62999725341797,70300
2005-05-10 00:00:00,53.62716293334961,101.75,101.94999694824219,101.56999969482422,101.87000274658203,133700
2005-05-11 00:00:00,53.716758728027344,101.91999816894531,102.13999938964844,101.73999786376953,102.02999877929688,75900
2005-05-12 00:00:00,53.843284606933594,102.16000366210938,102.16999816894531,101.6500015258789,101.83999633789062,83400
2005-05-13 00:00:00,53.89599609375,102.26000213623047,102.33999633789062,102.12000274658203,102.26000213623047,52900
2005-05-16 00:00:00,53.81690216064453,102.11000061035156,102.30999755859375,102.08000183105469,102.26000213623047,82800
2005-05-17 00:00:00,53.880184173583984,102.2300033569336,102.33999633789062,102.12000274658203,102.26000213623047,99400
2005-05-18 00:00:00,54.02241134643555,102.5,102.55000305175781,102.23999786376953,102.4000015258789,330800
2005-05-19 00:00:00,53.890708923339844,102.25,102.37000274658203,102.04000091552734,102.31999969482422,64200
2005-05-20 00:00:00,53.82742691040039,102.12999725341797,102.30999755859375,102.01000213623047,102.30999755859375,113600
2005-05-23 00:00:00,54.006675720214844,102.47000122070312,102.48999786376953,102.19999694824219,102.20999908447266,104300
2005-05-24 00:00:00,54.101524353027344,102.6500015258789,102.69999694824219,102.41000366210938,102.62999725341797,81500
2005-05-25 00:00:00,54.09095764160156,102.62999725341797,102.83999633789062,102.5,102.83999633789062,102500
2005-05-26 00:00:00,54.085716247558594,102.62000274658203,102.66000366210938,102.37000274658203,102.55000305175781,69500
2005-05-27 00:00:00,54.04877853393555,102.55000305175781,102.7300033569336,102.41000366210938,102.58999633789062,140400
2005-05-31 00:00:00,54.19639587402344,102.83000183105469,102.9000015258789,102.5999984741211,102.80000305175781,65400
2005-06-01 00:00:00,54.59721374511719,103.23999786376953,103.23999786376953,102.58999633789062,102.69000244140625,266900
2005-06-02 00:00:00,54.560218811035156,103.16999816894531,103.20999908447266,103.02999877929688,103.19999694824219,269800
2005-06-03 00:00:00,54.4227409362793,102.91000366210938,103.47000122070312,102.8499984741211,103.44000244140625,70700
2005-06-06 00:00:00,54.433311462402344,102.93000030517578,103.02999877929688,102.80000305175781,102.94000244140625,104200
2005-06-07 00:00:00,54.576080322265625,103.19999694824219,103.2300033569336,103.04000091552734,103.19999694824219,154400
2005-06-08 00:00:00,54.47562026977539,103.01000213623047,103.20999908447266,102.95999908447266,103.19000244140625,109900
2005-06-09 00:00:00,54.4703483581543,103.0,103.0199966430664,102.55999755859375,102.94000244140625,107400
2005-06-10 00:00:00,54.25878143310547,102.5999984741211,102.86000061035156,102.5199966430664,102.86000061035156,77700
2005-06-13 00:00:00,54.21116638183594,102.51000213623047,102.58999633789062,102.30999755859375,102.58000183105469,87900
2005-06-14 00:00:00,54.14243698120117,102.37999725341797,102.48999786376953,102.2699966430664,102.4800033569336,129800
2005-06-15 00:00:00,54.11068344116211,102.31999969482422,102.43000030517578,102.19999694824219,102.37000274658203,105800
2005-06-16 00:00:00,54.274620056152344,102.62999725341797,102.66000366210938,102.3499984741211,102.5,89500
2005-06-17 00:00:00,54.274620056152344,102.62999725341797,102.66000366210938,102.4000015258789,102.51000213623047,76100
2005-06-20 00:00:00,54.15300369262695,102.4000015258789,102.5999984741211,102.30999755859375,102.51000213623047,72300
2005-06-21 00:00:00,54.37514114379883,102.81999969482422,102.81999969482422,102.41000366210938,102.66999816894531,75100
2005-06-22 00:00:00,54.60780334472656,103.26000213623047,103.2699966430664,102.70999908447266,103.05000305175781,71600
2005-06-23 00:00:00,54.554927825927734,103.16000366210938,103.2300033569336,103.01000213623047,103.13999938964844,113400
2005-06-24 00:00:00,54.63955307006836,103.31999969482422,103.36000061035156,103.12000274658203,103.33999633789062,171000
2005-06-27 00:00:00,54.681827545166016,103.4000015258789,103.47000122070312,103.27999877929688,103.38999938964844,198400
2005-06-28 00:00:00,54.52317810058594,103.0999984741211,103.33999633789062,103.08999633789062,103.25,93800
2005-06-29 00:00:00,54.496768951416016,103.05000305175781,103.33999633789062,102.88999938964844,103.33999633789062,166800
2005-06-30 00:00:00,54.671268463134766,103.37999725341797,103.37999725341797,102.98999786376953,103.19000244140625,123000
2005-07-01 00:00:00,54.476531982421875,102.68000030517578,102.95999908447266,102.5,102.94000244140625,123100
2005-07-05 00:00:00,54.274986267089844,102.30000305175781,102.5,102.18000030517578,102.33999633789062,141600
2005-07-06 00:00:00,54.35987091064453,102.45999908447266,102.55999755859375,102.33999633789062,102.48999786376953,228700
2005-07-07 00:00:00,54.42884063720703,102.58999633789062,102.81999969482422,102.5,102.69000244140625,166100
2005-07-08 00:00:00,54.33860778808594,102.41999816894531,102.69999694824219,102.38999938964844,102.58999633789062,231100
2005-07-11 00:00:00,54.34392547607422,102.43000030517578,102.47000122070312,102.1500015258789,102.18000030517578,141800
2005-07-12 00:00:00,54.31739807128906,102.37999725341797,102.4800033569336,102.27999877929688,102.4800033569336,127900
2005-07-13 00:00:00,54.24311828613281,102.23999786376953,102.30000305175781,102.06999969482422,102.30000305175781,251100
2005-07-14 00:00:00,54.24311828613281,102.23999786376953,102.37999725341797,102.05999755859375,102.36000061035156,139100
2005-07-15 00:00:00,54.26963806152344,102.29000091552734,102.29000091552734,102.12999725341797,102.19000244140625,111600
2005-07-18 00:00:00,54.17417526245117,102.11000061035156,102.27999877929688,102.04000091552734,102.23999786376953,74300
2005-07-19 00:00:00,54.20071792602539,102.16000366210938,102.29000091552734,102.08999633789062,102.11000061035156,127300
2005-07-20 00:00:00,54.29090118408203,102.33000183105469,102.37999725341797,101.91999816894531,102.01000213623047,159200
2005-07-21 00:00:00,54.00967025756836,101.80000305175781,102.16000366210938,101.79000091552734,102.1500015258789,135000
2005-07-22 00:00:00,54.08930969238281,101.94999694824219,102.12999725341797,101.75,101.94999694824219,125100
2005-07-25 00:00:00,54.08930969238281,101.94999694824219,102.16999816894531,101.77999877929688,101.94999694824219,97400
2005-07-26 00:00:00,54.14764404296875,102.05999755859375,102.05999755859375,101.87999725341797,101.87999725341797,113000
2005-07-27 00:00:00,54.11580276489258,102.0,102.08000183105469,101.9000015258789,101.91000366210938,73000
2005-07-28 00:00:00,54.274986267089844,102.30000305175781,102.31999969482422,101.9800033569336,101.9800033569336,403000
2005-07-29 00:00:00,54.105186462402344,101.9800033569336,102.13999938964844,101.80999755859375,102.13999938964844,106000
2005-08-01 00:00:00,54.07380676269531,101.58999633789062,101.6500015258789,101.37999725341797,101.58999633789062,220300
2005-08-02 00:00:00,53.95670700073242,101.37000274658203,101.58000183105469,101.19999694824219,101.5199966430664,90200
2005-08-03 00:00:00,54.1323127746582,101.69999694824219,101.69999694824219,101.3499984741211,101.54000091552734,167700
2005-08-04 00:00:00,54.079071044921875,101.5999984741211,101.69999694824219,101.45999908447266,101.68000030517578,196200
2005-08-05 00:00:00,53.81296920776367,101.0999984741211,101.29000091552734,101.0999984741211,101.2300033569336,86100
2005-08-08 00:00:00,53.802276611328125,101.08000183105469,101.26000213623047,100.97000122070312,101.18000030517578,86400
2005-08-09 00:00:00,53.89813995361328,101.26000213623047,101.26000213623047,101.0,101.18000030517578,103300
2005-08-10 00:00:00,53.90345764160156,101.2699966430664,101.43000030517578,101.1500015258789,101.41000366210938,128400
2005-08-11 00:00:00,54.047157287597656,101.54000091552734,101.56999969482422,101.25,101.30999755859375,126800
2005-08-12 00:00:00,54.20150375366211,101.83000183105469,101.87999725341797,101.54000091552734,101.58999633789062,93400
2005-08-15 00:00:00,54.15359878540039,101.73999786376953,101.8499984741211,101.66999816894531,101.8499984741211,145300
2005-08-16 00:00:00,54.28136444091797,101.9800033569336,102.02999877929688,101.83999633789062,101.83999633789062,279600
2005-08-17 00:00:00,54.16961669921875,101.7699966430664,101.95999908447266,101.5,101.88999938964844,119100
2005-08-18 00:00:00,54.3185920715332,102.05000305175781,102.05000305175781,101.81999969482422,101.9000015258789,85600
2005-08-19 00:00:00,54.26544189453125,101.94999694824219,102.05000305175781,101.80000305175781,101.88999938964844,73700
2005-08-22 00:00:00,54.313297271728516,102.04000091552734,102.11000061035156,101.8499984741211,101.94999694824219,93800
2005-08-23 00:00:00,54.35057830810547,102.11000061035156,102.25,102.0,102.04000091552734,110900
2005-08-24 00:00:00,54.419761657714844,102.23999786376953,102.2699966430664,102.05999755859375,102.12999725341797,98900
2005-08-25 00:00:00,54.419761657714844,102.23999786376953,102.27999877929688,102.0,102.23999786376953,182200
2005-08-26 00:00:00,54.37718200683594,102.16000366210938,102.25,101.98999786376953,102.22000122070312,103900
2005-08-29 00:00:00,54.39841079711914,102.19999694824219,102.31999969482422,102.06999969482422,102.19999694824219,97700
2005-08-30 00:00:00,54.53154373168945,102.44999694824219,102.58000183105469,102.30000305175781,102.33999633789062,127800
2005-08-31 00:00:00,54.744422912597656,102.8499984741211,102.91000366210938,102.43000030517578,102.69000244140625,112200
2005-09-01 00:00:00,54.819244384765625,102.6500015258789,102.80999755859375,102.37999725341797,102.54000091552734,104900
2005-09-02 00:00:00,54.79254150390625,102.5999984741211,102.75,102.38999938964844,102.47000122070312,264800
2005-09-06 00:00:00,54.68568420410156,102.4000015258789,102.62000274658203,102.18000030517578,102.55000305175781,121300
2005-09-07 00:00:00,54.59491729736328,102.2300033569336,102.33000183105469,102.0999984741211,102.29000091552734,96300
2005-09-08 00:00:00,54.58955764770508,102.22000122070312,102.31999969482422,102.08000183105469,102.30000305175781,130900
2005-09-09 00:00:00,54.573543548583984,102.19000244140625,102.38999938964844,102.01000213623047,102.12999725341797,234600
2005-09-12 00:00:00,54.49879837036133,102.05000305175781,102.19000244140625,101.87999725341797,102.0,106300
2005-09-13 00:00:00,54.63227462768555,102.30000305175781,102.37000274658203,102.08999633789062,102.0999984741211,105900
2005-09-14 00:00:00,54.573543548583984,102.19000244140625,102.33000183105469,101.9000015258789,102.29000091552734,171500
2005-09-15 00:00:00,54.44007110595703,101.94000244140625,102.20999908447266,101.75,102.05000305175781,165800
2005-09-16 00:00:00,54.31721115112305,101.70999908447266,101.94999694824219,101.62999725341797,101.94000244140625,86400
2005-09-19 00:00:00,54.36531066894531,101.80000305175781,101.87999725341797,101.56999969482422,101.68000030517578,96000
2005-09-20 00:00:00,54.327884674072266,101.7300033569336,101.9000015258789,101.43000030517578,101.83999633789062,219700
2005-09-21 00:00:00,54.450740814208984,101.95999908447266,102.12999725341797,101.7699966430664,102.08999633789062,233300
2005-09-22 00:00:00,54.49879837036133,102.05000305175781,102.19999694824219,101.91999816894531,102.08999633789062,396000
2005-09-23 00:00:00,54.40264892578125,101.87000274658203,102.04000091552734,101.80000305175781,102.04000091552734,85200
2005-09-26 00:00:00,54.269168853759766,101.62000274658203,101.76000213623047,101.54000091552734,101.6500015258789,126100
2005-09-27 00:00:00,54.231788635253906,101.55000305175781,101.79000091552734,101.30000305175781,101.68000030517578,297900
2005-09-28 00:00:00,54.381256103515625,101.83000183105469,101.86000061035156,101.45999908447266,101.63999938964844,233800
2005-09-29 00:00:00,54.25844192504883,101.5999984741211,101.79000091552734,101.56999969482422,101.72000122070312,137100
2005-09-30 00:00:00,54.231788635253906,101.55000305175781,101.76000213623047,101.33999633789062,101.69000244140625,127300
2005-10-03 00:00:00,54.04798126220703,100.87000274658203,101.12000274658203,100.66000366210938,101.0,86200
2005-10-04 00:00:00,54.12297821044922,101.01000213623047,101.08000183105469,100.83000183105469,101.02999877929688,136500
2005-10-05 00:00:00,54.208744049072266,101.16999816894531,101.22000122070312,100.94999694824219,101.05000305175781,608800
2005-10-06 00:00:00,54.171226501464844,101.0999984741211,101.22000122070312,100.94999694824219,101.22000122070312,129500
2005-10-07 00:00:00,54.117645263671875,101.0,101.2300033569336,100.8499984741211,100.94999694824219,81100
2005-10-10 00:00:00,54.187278747558594,101.12999725341797,101.23999786376953,101.0,101.08999633789062,90100
2005-10-11 00:00:00,54.02654266357422,100.83000183105469,101.19000244140625,100.81999969482422,101.13999938964844,128600
2005-10-12 00:00:00,54.005096435546875,100.79000091552734,100.98999786376953,100.72000122070312,100.81999969482422,151000
2005-10-13 00:00:00,53.86577224731445,100.52999877929688,100.72000122070312,100.30999755859375,100.66000366210938,108000
2005-10-14 00:00:00,53.849735260009766,100.5,100.80999755859375,100.33000183105469,100.5999984741211,103500
2005-10-17 00:00:00,53.9354362487793,100.66000366210938,100.80000305175781,100.54000091552734,100.76000213623047,94600
2005-10-18 00:00:00,53.9140510559082,100.62000274658203,100.77999877929688,100.5199966430664,100.76000213623047,113200
2005-10-19 00:00:00,54.010467529296875,100.80000305175781,100.95999908447266,100.73999786376953,100.73999786376953,138100
2005-10-20 00:00:00,54.02116775512695,100.81999969482422,100.83000183105469,100.55000305175781,100.73999786376953,145000
2005-10-21 00:00:00,54.14977264404297,101.05999755859375,101.19000244140625,100.7300033569336,100.94000244140625,285800
2005-10-24 00:00:00,54.037254333496094,100.8499984741211,101.11000061035156,100.7300033569336,101.06999969482422,137000
2005-10-25 00:00:00,53.87654113769531,100.55000305175781,100.95999908447266,100.3499984741211,100.72000122070312,481600
2005-10-26 00:00:00,53.66218185424805,100.1500015258789,100.4000015258789,100.02999877929688,100.37999725341797,134900
2005-10-27 00:00:00,53.7854118347168,100.37999725341797,100.44999694824219,100.04000091552734,100.38999938964844,73100
2005-10-28 00:00:00,53.699729919433594,100.22000122070312,100.5,100.04000091552734,100.48999786376953,85700
2005-10-31 00:00:00,53.69435501098633,100.20999908447266,100.43000030517578,100.05999755859375,100.0999984741211,91300
2005-11-01 00:00:00,53.712615966796875,99.87999725341797,100.11000061035156,99.7699966430664,100.08000183105469,428000
2005-11-02 00:00:00,53.664241790771484,99.79000091552734,99.97000122070312,99.66000366210938,99.88999938964844,104800
2005-11-03 00:00:00,53.48136520385742,99.44999694824219,99.8499984741211,99.33999633789062,99.79000091552734,158100
2005-11-04 00:00:00,53.53514862060547,99.55000305175781,99.70999908447266,99.4000015258789,99.58999633789062,121200
2005-11-07 00:00:00,53.5405387878418,99.55999755859375,99.73999786376953,99.3499984741211,99.69000244140625,128300
2005-11-08 00:00:00,53.72339630126953,99.9000015258789,100.01000213623047,99.66999816894531,99.88999938964844,171300
2005-11-09 00:00:00,53.58353042602539,99.63999938964844,99.88999938964844,99.56999969482422,99.87999725341797,132600
2005-11-10 00:00:00,53.771766662597656,99.98999786376953,100.0199966430664,99.54000091552734,99.73999786376953,177700
2005-11-11 00:00:00,53.82557678222656,100.08999633789062,100.19999694824219,99.81999969482422,99.81999969482422,77800
2005-11-14 00:00:00,53.642757415771484,99.75,100.0,99.58000183105469,99.9800033569336,530600
2005-11-15 00:00:00,53.718017578125,99.88999938964844,100.02999877929688,99.69000244140625,99.8499984741211,209100
2005-11-16 00:00:00,53.841678619384766,100.12000274658203,100.30999755859375,99.9000015258789,100.08999633789062,150000
2005-11-17 00:00:00,53.857826232910156,100.1500015258789,100.45999908447266,100.0199966430664,100.2300033569336,274600
2005-11-18 00:00:00,53.8363151550293,100.11000061035156,100.4000015258789,99.97000122070312,100.33000183105469,127300
2005-11-21 00:00:00,54.00840759277344,100.43000030517578,100.51000213623047,100.23999786376953,100.44000244140625,194000
2005-11-22 00:00:00,54.1482048034668,100.69000244140625,100.73999786376953,100.30000305175781,100.48999786376953,202700
2005-11-23 00:00:00,54.11058807373047,100.62000274658203,100.7699966430664,100.37000274658203,100.73999786376953,230400
2005-11-25 00:00:00,54.15899658203125,100.70999908447266,100.70999908447266,100.52999877929688,100.6500015258789,31200
2005-11-28 00:00:00,54.08367156982422,100.56999969482422,100.8499984741211,100.48999786376953,100.5,211400
2005-11-29 00:00:00,54.00840759277344,100.43000030517578,100.83000183105469,100.30000305175781,100.80000305175781,199900
2005-11-30 00:00:00,53.89548873901367,100.22000122070312,100.52999877929688,100.08000183105469,100.5199966430664,158200
2005-12-01 00:00:00,53.819332122802734,99.69999694824219,100.11000061035156,99.5199966430664,99.9000015258789,520700
2005-12-02 00:00:00,53.819332122802734,99.69999694824219,99.87999725341797,99.58999633789062,99.83999633789062,151700
2005-12-05 00:00:00,53.84638977050781,99.75,99.86000061035156,99.36000061035156,99.80000305175781,308600
2005-12-06 00:00:00,53.93810272216797,99.91999816894531,100.0,99.66999816894531,99.86000061035156,186000
2005-12-07 00:00:00,53.86795425415039,99.79000091552734,100.05999755859375,99.66999816894531,100.0,200800
2005-12-08 00:00:00,54.14324951171875,100.30000305175781,100.30999755859375,99.9000015258789,100.0,137100
2005-12-09 00:00:00,53.95972442626953,99.95999908447266,100.16999816894531,99.7300033569336,100.1500015258789,175800
2005-12-12 00:00:00,53.84638977050781,99.75,100.08999633789062,99.69999694824219,100.05000305175781,122400
2005-12-13 00:00:00,54.05147171020508,100.12999725341797,100.12999725341797,99.69000244140625,99.75,152200
2005-12-14 00:00:00,54.19721984863281,100.4000015258789,100.48999786376953,100.13999938964844,100.23999786376953,202200
2005-12-15 00:00:00,54.14324951171875,100.30000305175781,100.44000244140625,100.01000213623047,100.4000015258789,300500
2005-12-16 00:00:00,54.13783645629883,100.29000091552734,100.58000183105469,100.18000030517578,100.56999969482422,779300
2005-12-19 00:00:00,54.18105697631836,100.37000274658203,100.5999984741211,100.26000213623047,100.44000244140625,196700
2005-12-20 00:00:00,54.19721984863281,100.4000015258789,100.51000213623047,100.2300033569336,100.4000015258789,142200
2005-12-21 00:00:00,54.19721984863281,100.4000015258789,100.43000030517578,100.12999725341797,100.38999938964844,179400
2005-12-22 00:00:00,54.315982818603516,100.62000274658203,100.63999938964844,100.4000015258789,100.5,171200
2005-12-23 00:00:00,54.45634841918945,100.87999725341797,100.94000244140625,100.37000274658203,100.37000274658203,154300
2005-12-27 00:00:00,54.59670639038086,101.13999938964844,101.13999938964844,100.80000305175781,100.86000061035156,204100
2005-12-28 00:00:00,54.40375518798828,100.4000015258789,100.68000030517578,100.27999877929688,100.68000030517578,1387300
2005-12-29 00:00:00,54.44169235229492,100.47000122070312,100.66000366210938,100.29000091552734,100.41000366210938,185200
2005-12-30 00:00:00,54.506771087646484,100.58999633789062,100.76000213623047,100.27999877929688,100.55999755859375,141000
2006-01-03 00:00:00,54.5338249206543,100.63999938964844,100.72000122070312,100.36000061035156,100.47000122070312,170600
2006-01-04 00:00:00,54.66390609741211,100.87999725341797,100.87999725341797,100.61000061035156,100.69000244140625,284500
2006-01-05 00:00:00,54.66390609741211,100.87999725341797,100.91000366210938,100.61000061035156,100.81999969482422,203100
2006-01-06 00:00:00,54.53920364379883,100.6500015258789,100.88999938964844,100.5999984741211,100.87999725341797,201100
2006-01-09 00:00:00,54.59886932373047,100.76000213623047,100.88999938964844,100.5999984741211,100.73999786376953,170500
2006-01-10 00:00:00,54.49044418334961,100.55999755859375,100.83999633789062,100.55000305175781,100.81999969482422,251500
2006-01-11 00:00:00,54.45256423950195,100.48999786376953,100.75,100.41000366210938,100.7300033569336,111000
2006-01-12 00:00:00,54.59345626831055,100.75,100.80999755859375,100.3499984741211,100.5199966430664,188200
2006-01-13 00:00:00,54.745155334472656,101.02999877929688,101.12999725341797,100.80999755859375,100.87999725341797,108400
2006-01-17 00:00:00,54.77223587036133,101.08000183105469,101.12999725341797,100.79000091552734,101.05000305175781,253000
2006-01-18 00:00:00,54.837257385253906,101.19999694824219,101.3499984741211,101.0,101.3499984741211,142600
2006-01-19 00:00:00,54.7559700012207,101.05000305175781,101.11000061035156,100.80999755859375,101.04000091552734,156500
2006-01-20 00:00:00,54.783084869384766,101.0999984741211,101.19000244140625,100.80000305175781,101.08999633789062,134100
2006-01-23 00:00:00,54.783084869384766,101.0999984741211,101.19999694824219,100.9000015258789,101.0199966430664,221900
2006-01-24 00:00:00,54.690921783447266,100.93000030517578,101.12999725341797,100.80000305175781,101.0999984741211,209400
2006-01-25 00:00:00,54.555511474609375,100.68000030517578,100.93000030517578,100.4000015258789,100.93000030517578,162600
2006-01-26 00:00:00,54.38752365112305,100.37000274658203,100.5999984741211,100.16000366210938,100.55000305175781,183800
2006-01-27 00:00:00,54.45796585083008,100.5,100.58999633789062,100.25,100.58999633789062,164400
2006-01-30 00:00:00,54.46339797973633,100.51000213623047,100.54000091552734,100.2699966430664,100.5,130800
2006-01-31 00:00:00,54.47421646118164,100.52999877929688,100.5999984741211,100.25,100.51000213623047,174300
2006-02-01 00:00:00,54.32247543334961,99.87999725341797,100.19999694824219,99.80000305175781,100.1500015258789,459300
2006-02-02 00:00:00,54.36052703857422,99.94999694824219,100.11000061035156,99.80999755859375,99.98999786376953,150400
2006-02-03 00:00:00,54.512813568115234,100.2300033569336,100.2300033569336,99.80000305175781,99.83999633789062,145000
2006-02-06 00:00:00,54.501976013183594,100.20999908447266,100.29000091552734,100.01000213623047,100.06999969482422,119800
2006-02-07 00:00:00,54.4638786315918,100.13999938964844,100.33999633789062,99.93000030517578,100.33000183105469,122900
2006-02-08 00:00:00,54.43669128417969,100.08999633789062,100.23999786376953,100.02999877929688,100.19000244140625,146800
2006-02-09 00:00:00,54.469337463378906,100.1500015258789,100.25,99.91000366210938,100.12999725341797,144200
2006-02-10 00:00:00,54.35511016845703,99.94000244140625,100.2300033569336,99.81999969482422,100.13999938964844,118100
2006-02-13 00:00:00,54.39320373535156,100.01000213623047,100.01000213623047,99.81999969482422,99.98999786376953,109600
2006-02-14 00:00:00,54.306156158447266,99.8499984741211,99.9800033569336,99.75,99.8499984741211,237600
2006-02-15 00:00:00,54.36600875854492,99.95999908447266,100.0999984741211,99.81999969482422,100.08000183105469,199000
2006-02-16 00:00:00,54.31156921386719,99.86000061035156,100.05000305175781,99.8499984741211,99.94999694824219,148300
2006-02-17 00:00:00,54.53458023071289,100.2699966430664,100.30999755859375,99.91999816894531,99.91999816894531,155800
2006-02-21 00:00:00,54.33336639404297,99.9000015258789,100.29000091552734,99.87999725341797,100.2699966430664,276700
2006-02-22 00:00:00,54.550899505615234,100.30000305175781,100.41000366210938,100.13999938964844,100.13999938964844,79400
2006-02-23 00:00:00,54.51830291748047,100.23999786376953,100.33999633789062,100.04000091552734,100.33999633789062,157900
2006-02-24 00:00:00,54.561767578125,100.31999969482422,100.4000015258789,100.02999877929688,100.12999725341797,150500
2006-02-27 00:00:00,54.44761657714844,100.11000061035156,100.41999816894531,100.02999877929688,100.38999938964844,189300
2006-02-28 00:00:00,54.561767578125,100.31999969482422,100.56999969482422,100.30000305175781,100.45999908447266,169000
2006-03-01 00:00:00,54.563419342041016,99.94999694824219,100.1500015258789,99.77999877929688,100.12000274658203,182800
2006-03-02 00:00:00,54.42692184448242,99.69999694824219,99.8499984741211,99.47000122070312,99.8499984741211,134000
2006-03-03 00:00:00,54.31776428222656,99.5,99.62999725341797,99.41999816894531,99.62999725341797,229300
2006-03-06 00:00:00,54.01754379272461,98.94999694824219,99.45999908447266,98.91999816894531,99.4000015258789,237300
2006-03-07 00:00:00,54.153987884521484,99.19999694824219,99.37000274658203,99.0999984741211,99.25,211200
2006-03-08 00:00:00,54.18123245239258,99.25,99.3499984741211,99.0999984741211,99.3499984741211,196100
2006-03-09 00:00:00,54.11035919189453,99.12000274658203,99.38999938964844,99.08000183105469,99.30999755859375,105700
2006-03-10 00:00:00,54.13214874267578,99.16000366210938,99.31999969482422,98.97000122070312,99.2300033569336,85600
2006-03-13 00:00:00,54.23039245605469,99.33999633789062,99.33999633789062,99.18000030517578,99.26000213623047,198900
2006-03-14 00:00:00,54.410579681396484,99.66999816894531,99.66999816894531,99.30000305175781,99.41000366210938,345800
2006-03-15 00:00:00,54.26317596435547,99.4000015258789,99.58000183105469,99.27999877929688,99.37999725341797,181100
2006-03-16 00:00:00,54.492469787597656,99.81999969482422,99.87999725341797,99.52999877929688,99.61000061035156,122000
2006-03-17 00:00:00,54.37232208251953,99.5999984741211,99.79000091552734,99.5,99.79000091552734,253400
2006-03-20 00:00:00,54.35052490234375,99.55999755859375,99.75,99.54000091552734,99.69999694824219,460900
2006-03-21 00:00:00,54.20857620239258,99.30000305175781,99.6500015258789,99.2300033569336,99.58000183105469,165400
2006-03-22 00:00:00,54.30685806274414,99.4800033569336,99.72000122070312,99.44999694824219,99.62000274658203,117200
2006-03-23 00:00:00,54.26317596435547,99.4000015258789,99.73999786376953,99.4000015258789,99.69999694824219,168700
2006-03-24 00:00:00,54.355987548828125,99.56999969482422,99.9000015258789,99.5,99.58000183105469,109300
2006-03-27 00:00:00,54.3996467590332,99.6500015258789,99.75,99.5,99.70999908447266,190100
2006-03-28 00:00:00,54.26317596435547,99.4000015258789,99.63999938964844,99.30000305175781,99.5999984741211,181600
2006-03-29 00:00:00,54.153987884521484,99.19999694824219,99.41000366210938,99.01000213623047,99.31999969482422,370200
2006-03-30 00:00:00,53.90830612182617,98.75,99.2300033569336,98.69999694824219,99.11000061035156,857800
2006-03-31 00:00:00,54.088504791259766,99.08000183105469,99.16999816894531,98.91000366210938,98.91000366210938,154000
2006-04-03 00:00:00,54.03532791137695,98.5999984741211,98.68000030517578,98.41999816894531,98.52999877929688,175400
2006-04-04 00:00:00,54.1065673828125,98.7300033569336,98.87999725341797,98.5999984741211,98.66000366210938,499500
2006-04-05 00:00:00,54.144893646240234,98.80000305175781,98.95999908447266,98.69999694824219,98.95999908447266,195900
2006-04-06 00:00:00,54.10105895996094,98.72000122070312,98.80000305175781,98.5999984741211,98.79000091552734,282000
2006-04-07 00:00:00,53.92023849487305,98.38999938964844,98.56999969482422,98.16999816894531,98.56999969482422,250100
2006-04-10 00:00:00,53.870914459228516,98.30000305175781,98.33000183105469,98.05999755859375,98.05999755859375,267400
2006-04-11 00:00:00,53.98051071166992,98.5,98.58999633789062,98.26000213623047,98.48999786376953,194800
2006-04-12 00:00:00,53.93118667602539,98.41000366210938,98.63999938964844,98.20999908447266,98.41999816894531,171400
2006-04-13 00:00:00,53.821590423583984,98.20999908447266,98.3499984741211,98.05000305175781,98.19000244140625,182200
2006-04-17 00:00:00,53.90929412841797,98.37000274658203,98.38999938964844,98.05000305175781,98.25,109200
2006-04-18 00:00:00,53.870914459228516,98.30000305175781,98.5,98.2699966430664,98.37000274658203,205900
2006-04-19 00:00:00,53.92023849487305,98.38999938964844,98.44999694824219,98.0999984741211,98.41000366210938,233000
2006-04-20 00:00:00,53.83803176879883,98.23999786376953,98.44000244140625,98.05999755859375,98.41000366210938,242300
2006-04-21 00:00:00,53.83253860473633,98.2300033569336,98.41999816894531,98.08000183105469,98.23999786376953,396000
2006-04-24 00:00:00,54.03532791137695,98.5999984741211,98.6500015258789,98.31999969482422,98.48999786376953,141300
2006-04-25 00:00:00,53.854461669921875,98.2699966430664,98.55000305175781,98.02999877929688,98.55000305175781,110000
2006-04-26 00:00:00,53.76129913330078,98.0999984741211,98.19999694824219,97.94999694824219,98.12000274658203,128300
2006-04-27 00:00:00,53.8873291015625,98.33000183105469,98.45999908447266,97.94999694824219,98.0,143400
2006-04-28 00:00:00,54.007930755615234,98.55000305175781,98.55000305175781,98.20999908447266,98.44000244140625,219900
2006-05-01 00:00:00,53.7961311340332,97.79000091552734,98.08999633789062,97.68000030517578,98.08999633789062,163000
2006-05-02 00:00:00,53.85114288330078,97.88999938964844,97.95999908447266,97.69999694824219,97.83000183105469,123000
2006-05-03 00:00:00,53.81264114379883,97.81999969482422,97.93000030517578,97.51000213623047,97.88999938964844,128600
2006-05-04 00:00:00,53.78511428833008,97.7699966430664,97.86000061035156,97.33999633789062,97.33999633789062,103100
2006-05-05 00:00:00,53.88414001464844,97.94999694824219,98.13999938964844,97.7699966430664,98.13999938964844,128600
2006-05-08 00:00:00,53.92266082763672,98.0199966430664,98.05000305175781,97.86000061035156,97.98999786376953,116000
2006-05-09 00:00:00,53.89515686035156,97.97000122070312,98.0199966430664,97.86000061035156,97.94000244140625,172500
2006-05-10 00:00:00,53.83462905883789,97.86000061035156,98.19000244140625,97.22000122070312,97.97000122070312,170700
2006-05-11 00:00:00,53.80165481567383,97.80000305175781,97.91000366210938,97.69999694824219,97.91000366210938,186900
2006-05-12 00:00:00,53.686073303222656,97.58999633789062,97.80000305175781,97.37000274658203,97.72000122070312,181800
2006-05-15 00:00:00,53.719154357910156,97.6500015258789,97.87000274658203,97.61000061035156,97.69999694824219,126100
2006-05-16 00:00:00,53.98316955566406,98.12999725341797,98.16999816894531,97.6500015258789,97.6500015258789,471300
2006-05-17 00:00:00,53.829124450683594,97.8499984741211,97.8499984741211,97.41000366210938,97.76000213623047,163200
2006-05-18 00:00:00,54.05470275878906,98.26000213623047,98.26000213623047,98.04000091552734,98.06999969482422,224200
2006-05-19 00:00:00,54.04368591308594,98.23999786376953,98.41000366210938,98.12999725341797,98.16999816894531,316800
2006-05-22 00:00:00,54.05470275878906,98.26000213623047,98.55000305175781,98.16999816894531,98.43000030517578,374300
2006-05-23 00:00:00,53.90614318847656,97.98999786376953,98.19999694824219,97.91000366210938,98.05000305175781,246100
2006-05-24 00:00:00,53.917137145996094,98.01000213623047,98.41999816894531,98.01000213623047,98.19000244140625,192300
2006-05-25 00:00:00,53.9116325378418,98.0,98.38999938964844,97.91999816894531,98.25,189500
2006-05-26 00:00:00,54.14269256591797,98.41999816894531,98.52999877929688,98.01000213623047,98.29000091552734,275000
2006-05-30 00:00:00,54.021671295166016,98.19999694824219,98.2699966430664,98.0999984741211,98.19999694824219,203400
2006-05-31 00:00:00,53.90066909790039,97.9800033569336,98.30999755859375,97.91000366210938,98.30999755859375,415500
2006-06-01 00:00:00,53.858150482177734,97.5199966430664,97.72000122070312,97.41000366210938,97.63999938964844,461500
2006-06-02 00:00:00,54.27230453491211,98.2699966430664,98.27999877929688,98.0,98.1500015258789,115500
2006-06-05 00:00:00,54.09560012817383,97.94999694824219,98.26000213623047,97.94999694824219,97.95999908447266,356200
2006-06-06 00:00:00,54.23922348022461,98.20999908447266,98.25,97.87999725341797,98.08000183105469,255500
2006-06-07 00:00:00,54.06795120239258,97.9000015258789,98.13999938964844,97.8499984741211,98.12000274658203,320000
2006-06-08 00:00:00,54.250221252441406,98.2300033569336,98.44000244140625,98.01000213623047,98.18000030517578,205100
2006-06-09 00:00:00,54.32754898071289,98.37000274658203,98.41000366210938,98.11000061035156,98.11000061035156,166800
2006-06-12 00:00:00,54.161888122558594,98.06999969482422,98.36000061035156,98.05999755859375,98.36000061035156,193700
2006-06-13 00:00:00,54.31647491455078,98.3499984741211,98.44000244140625,98.11000061035156,98.4000015258789,258900
2006-06-14 00:00:00,54.11219787597656,97.9800033569336,98.25,97.8499984741211,98.19999694824219,158000
2006-06-15 00:00:00,54.02382278442383,97.81999969482422,97.94000244140625,96.0,97.91999816894531,114800
2006-06-16 00:00:00,53.99066925048828,97.76000213623047,98.0,97.55999755859375,97.97000122070312,227900
2006-06-19 00:00:00,53.847068786621094,97.5,97.75,97.41999816894531,97.63999938964844,164400
2006-06-20 00:00:00,53.8802375793457,97.55999755859375,97.62999725341797,97.41999816894531,97.61000061035156,109200
2006-06-21 00:00:00,53.89675521850586,97.58999633789062,97.69000244140625,97.41000366210938,97.51000213623047,95700
2006-06-22 00:00:00,53.66484451293945,97.16999816894531,97.58000183105469,97.08000183105469,97.58000183105469,248700
2006-06-23 00:00:00,53.69242477416992,97.22000122070312,97.30999755859375,97.11000061035156,97.2300033569336,331800
2006-06-26 00:00:00,53.53782653808594,96.94000244140625,97.27999877929688,96.91000366210938,97.01000213623047,561200
2006-06-27 00:00:00,53.6868782043457,97.20999908447266,97.30000305175781,97.01000213623047,97.27999877929688,746000
2006-06-28 00:00:00,53.63169860839844,97.11000061035156,97.36000061035156,97.0999984741211,97.36000061035156,108000
2006-06-29 00:00:00,53.819427490234375,97.44999694824219,97.47000122070312,97.0999984741211,97.1500015258789,248100
2006-06-30 00:00:00,53.81392288208008,97.44000244140625,97.62000274658203,97.4000015258789,97.55000305175781,187400
2006-07-03 00:00:00,53.895992279052734,97.19999694824219,97.36000061035156,96.98999786376953,96.98999786376953,88800
2006-07-05 00:00:00,53.73517608642578,96.91000366210938,97.22000122070312,96.70999908447266,97.22000122070312,260100
2006-07-06 00:00:00,53.78511047363281,97.0,97.08999633789062,96.87000274658203,97.08999633789062,137000
2006-07-07 00:00:00,53.98468017578125,97.36000061035156,97.54000091552734,97.11000061035156,97.12999725341797,427600
2006-07-10 00:00:00,54.034603118896484,97.44999694824219,97.54000091552734,97.36000061035156,97.4800033569336,92600
2006-07-11 00:00:00,54.12333679199219,97.61000061035156,97.69999694824219,97.45999908447266,97.5999984741211,204000
2006-07-12 00:00:00,54.15659713745117,97.66999816894531,97.66999816894531,97.4000015258789,97.5,173100
2006-07-13 00:00:00,54.200958251953125,97.75,97.80000305175781,97.52999877929688,97.52999877929688,499200
2006-07-14 00:00:00,54.27306365966797,97.87999725341797,97.88999938964844,97.62999725341797,97.80000305175781,738700
2006-07-17 00:00:00,54.15659713745117,97.66999816894531,97.83000183105469,97.6500015258789,97.79000091552734,187300
2006-07-18 00:00:00,54.11773681640625,97.5999984741211,97.69999694824219,97.47000122070312,97.58000183105469,223900
2006-07-19 00:00:00,54.3285026550293,97.9800033569336,97.9800033569336,97.41000366210938,97.47000122070312,121400
2006-07-20 00:00:00,54.38398361206055,98.08000183105469,98.16000366210938,97.80999755859375,97.83999633789062,91500
2006-07-21 00:00:00,54.35069274902344,98.0199966430664,98.27999877929688,98.01000213623047,98.26000213623047,139800
2006-07-24 00:00:00,54.43382263183594,98.16999816894531,98.20999908447266,98.05000305175781,98.08000183105469,172500
2006-07-25 00:00:00,54.389522552490234,98.08999633789062,98.16000366210938,97.93000030517578,98.16000366210938,86500
2006-07-26 00:00:00,54.422786712646484,98.1500015258789,98.33000183105469,97.94999694824219,98.05999755859375,117200
2006-07-27 00:00:00,54.511474609375,98.30999755859375,98.4000015258789,98.05000305175781,98.29000091552734,135700
2006-07-28 00:00:00,54.62794494628906,98.5199966430664,98.58999633789062,98.36000061035156,98.52999877929688,105400
2006-07-31 00:00:00,54.56136703491211,98.4000015258789,98.61000061035156,98.4000015258789,98.5,491100
2006-08-01 00:00:00,54.694435119628906,98.2300033569336,98.25,97.91000366210938,98.18000030517578,195000
2006-08-02 00:00:00,54.71671676635742,98.2699966430664,98.43000030517578,98.19999694824219,98.33999633789062,127400
2006-08-03 00:00:00,54.727840423583984,98.29000091552734,98.44000244140625,98.1500015258789,98.38999938964844,330100
2006-08-04 00:00:00,54.90046310424805,98.5999984741211,98.70999908447266,98.55000305175781,98.55000305175781,136000
2006-08-07 00:00:00,54.90603256225586,98.61000061035156,98.66999816894531,98.51000213623047,98.62000274658203,209400
2006-08-08 00:00:00,54.90603256225586,98.61000061035156,98.7699966430664,98.51000213623047,98.58999633789062,137300
2006-08-09 00:00:00,54.95063018798828,98.69000244140625,98.70999908447266,98.44999694824219,98.44999694824219,131700
2006-08-10 00:00:00,54.922733306884766,98.63999938964844,98.69999694824219,98.3499984741211,98.69000244140625,143700
2006-08-11 00:00:00,54.82807159423828,98.47000122070312,98.5199966430664,98.38999938964844,98.5199966430664,109600
2006-08-14 00:00:00,54.766845703125,98.36000061035156,98.44000244140625,98.23999786376953,98.41999816894531,195400
2006-08-15 00:00:00,54.90046310424805,98.5999984741211,98.73999786376953,98.52999877929688,98.66000366210938,269400
2006-08-16 00:00:00,55.084224700927734,98.93000030517578,99.05000305175781,98.9000015258789,99.05000305175781,188300
2006-08-17 00:00:00,55.0897331237793,98.94000244140625,99.13999938964844,98.91000366210938,99.13999938964844,143200
2006-08-18 00:00:00,55.1287956237793,99.01000213623047,99.16000366210938,98.98999786376953,99.12000274658203,449000
2006-08-21 00:00:00,55.26236343383789,99.25,99.26000213623047,99.06999969482422,99.19000244140625,350600
2006-08-22 00:00:00,55.27350616455078,99.2699966430664,99.30000305175781,99.12999725341797,99.20999908447266,432000
2006-08-23 00:00:00,55.25124740600586,99.2300033569336,99.30000305175781,99.05999755859375,99.19999694824219,157200
2006-08-24 00:00:00,55.24566650390625,99.22000122070312,99.37000274658203,99.22000122070312,99.36000061035156,199600
2006-08-25 00:00:00,55.301361083984375,99.31999969482422,99.44000244140625,99.22000122070312,99.31999969482422,173600
2006-08-28 00:00:00,55.25124740600586,99.2300033569336,99.4000015258789,99.18000030517578,99.22000122070312,294200
2006-08-29 00:00:00,55.27350616455078,99.2699966430664,99.30000305175781,99.05000305175781,99.26000213623047,134600
2006-08-30 00:00:00,55.35707092285156,99.41999816894531,99.44999694824219,99.30999755859375,99.30999755859375,146500
2006-08-31 00:00:00,55.42942810058594,99.55000305175781,99.72000122070312,99.45999908447266,99.48999786376953,169200
2006-09-01 00:00:00,55.436668395996094,99.16999816894531,99.29000091552734,99.05999755859375,99.1500015258789,125000
2006-09-05 00:00:00,55.36962890625,99.05000305175781,99.29000091552734,99.04000091552734,99.19999694824219,137500
2006-09-06 00:00:00,55.380794525146484,99.06999969482422,99.12000274658203,98.94000244140625,99.01000213623047,142200
2006-09-07 00:00:00,55.36405944824219,99.04000091552734,99.23999786376953,98.95999908447266,99.05000305175781,273300
2006-09-08 00:00:00,55.436668395996094,99.16999816894531,99.33000183105469,99.16999816894531,99.2699966430664,120400
2006-09-11 00:00:00,55.397560119628906,99.0999984741211,99.30000305175781,99.05999755859375,99.26000213623047,190800
2006-09-12 00:00:00,55.5317268371582,99.33999633789062,99.37000274658203,99.08999633789062,99.16999816894531,126600
2006-09-13 00:00:00,55.57646179199219,99.41999816894531,99.52999877929688,99.31999969482422,99.48999786376953,130600
2006-09-14 00:00:00,55.49818801879883,99.27999877929688,99.45999908447266,99.26000213623047,99.38999938964844,172400
2006-09-15 00:00:00,55.481388092041016,99.25,99.44999694824219,99.25,99.44999694824219,122500
2006-09-18 00:00:00,55.4702033996582,99.2300033569336,99.25,98.86000061035156,98.86000061035156,237400
2006-09-19 00:00:00,55.598819732666016,99.45999908447266,99.56999969482422,99.4000015258789,99.47000122070312,133100
2006-09-20 00:00:00,55.66029739379883,99.56999969482422,99.75,99.51000213623047,99.69000244140625,215500
2006-09-21 00:00:00,55.90068054199219,100.0,100.02999877929688,99.5,99.69000244140625,259600
2006-09-22 00:00:00,55.934200286865234,100.05999755859375,100.23999786376953,100.05000305175781,100.12999725341797,271000
2006-09-25 00:00:00,56.04597091674805,100.26000213623047,100.41999816894531,100.22000122070312,100.26000213623047,177400
2006-09-26 00:00:00,56.040401458740234,100.25,100.37999725341797,100.20999908447266,100.3499984741211,340200
2006-09-27 00:00:00,56.01808547973633,100.20999908447266,100.52999877929688,100.20999908447266,100.4000015258789,430400
2006-09-28 00:00:00,56.03484344482422,100.23999786376953,100.29000091552734,100.08000183105469,100.29000091552734,155400
2006-09-29 00:00:00,55.99009323120117,100.16000366210938,100.3499984741211,100.08000183105469,100.22000122070312,414400
2006-10-02 00:00:00,56.0428466796875,99.83999633789062,99.94999694824219,99.69999694824219,99.73999786376953,174200
2006-10-03 00:00:00,56.03164291381836,99.81999969482422,99.9000015258789,99.61000061035156,99.88999938964844,342400
2006-10-04 00:00:00,56.25060272216797,100.20999908447266,100.22000122070312,99.80999755859375,99.9000015258789,252200
2006-10-05 00:00:00,56.07655715942383,99.9000015258789,100.11000061035156,99.9000015258789,100.11000061035156,207800
2006-10-06 00:00:00,55.86886978149414,99.52999877929688,99.86000061035156,99.52999877929688,99.86000061035156,328500
2006-10-09 00:00:00,55.98674774169922,99.73999786376953,99.75,99.58000183105469,99.62000274658203,181900
2006-10-10 00:00:00,55.767826080322266,99.3499984741211,99.5,99.31999969482422,99.47000122070312,336400
2006-10-11 00:00:00,55.70610809326172,99.23999786376953,99.51000213623047,99.1500015258789,99.4800033569336,275600
2006-10-12 00:00:00,55.7621955871582,99.33999633789062,99.5,99.23999786376953,99.33999633789062,261200
2006-10-13 00:00:00,55.621864318847656,99.08999633789062,99.22000122070312,99.05999755859375,99.19999694824219,257400
2006-10-16 00:00:00,55.711673736572266,99.25,99.33999633789062,99.1500015258789,99.33999633789062,192400
2006-10-17 00:00:00,55.79591751098633,99.4000015258789,99.5999984741211,99.31999969482422,99.58000183105469,144600
2006-10-18 00:00:00,55.86328887939453,99.5199966430664,99.55000305175781,99.36000061035156,99.41999816894531,304700
2006-10-19 00:00:00,55.835182189941406,99.47000122070312,99.4800033569336,99.29000091552734,99.38999938964844,174200
2006-10-20 00:00:00,55.818363189697266,99.44000244140625,99.5,99.36000061035156,99.4800033569336,143300
2006-10-23 00:00:00,55.65559768676758,99.1500015258789,99.25,99.11000061035156,99.19999694824219,199000
2006-10-24 00:00:00,55.7172966003418,99.26000213623047,99.31999969482422,99.19999694824219,99.23999786376953,209000
2006-10-25 00:00:00,55.85200881958008,99.5,99.58999633789062,99.19999694824219,99.19999694824219,239900
2006-10-26 00:00:00,56.0428466796875,99.83999633789062,99.86000061035156,99.5999984741211,99.69000244140625,185900
2006-10-27 00:00:00,56.15517044067383,100.04000091552734,100.12000274658203,99.81999969482422,100.12000274658203,266300
2006-10-30 00:00:00,56.166358947753906,100.05999755859375,100.06999969482422,99.93000030517578,100.0199966430664,175300
2006-10-31 00:00:00,56.374046325683594,100.43000030517578,100.43000030517578,100.0199966430664,100.05999755859375,189800
2006-11-01 00:00:00,56.471004486083984,100.18000030517578,100.19000244140625,99.80000305175781,100.05000305175781,773100
2006-11-02 00:00:00,56.409000396728516,100.06999969482422,100.08999633789062,99.9800033569336,100.0,249400
2006-11-03 00:00:00,56.11589431762695,99.55000305175781,99.69999694824219,99.37999725341797,99.66000366210938,172600
2006-11-06 00:00:00,56.11589431762695,99.55000305175781,99.62999725341797,99.41999816894531,99.5,240000
2006-11-07 00:00:00,56.25685119628906,99.80000305175781,100.0,99.7699966430664,99.8499984741211,225400
2006-11-08 00:00:00,56.409000396728516,100.06999969482422,100.08999633789062,99.86000061035156,99.86000061035156,185400
2006-11-09 00:00:00,56.42592239379883,100.0999984741211,100.12000274658203,99.94999694824219,100.02999877929688,127200
2006-11-10 00:00:00,56.54997634887695,100.31999969482422,100.33999633789062,100.12000274658203,100.25,145400
2006-11-13 00:00:00,56.48228073120117,100.19999694824219,100.25,100.05000305175781,100.16999816894531,187800
2006-11-14 00:00:00,56.56122970581055,100.33999633789062,100.4800033569336,100.29000091552734,100.44000244140625,191800
2006-11-15 00:00:00,56.454124450683594,100.1500015258789,100.27999877929688,100.06999969482422,100.27999877929688,213000
2006-11-16 00:00:00,56.403350830078125,100.05999755859375,100.37000274658203,99.9800033569336,100.36000061035156,305100
2006-11-17 00:00:00,56.54997634887695,100.31999969482422,100.3499984741211,100.08000183105469,100.11000061035156,534400
2006-11-20 00:00:00,56.58940124511719,100.38999938964844,100.43000030517578,100.23999786376953,100.3499984741211,222200
2006-11-21 00:00:00,56.6627082824707,100.5199966430664,100.54000091552734,100.30000305175781,100.38999938964844,251200
2006-11-22 00:00:00,56.741600036621094,100.66000366210938,100.68000030517578,100.44999694824219,100.47000122070312,274000
2006-11-24 00:00:00,56.75851821899414,100.69000244140625,100.77999877929688,100.6500015258789,100.69999694824219,176200
2006-11-27 00:00:00,56.730323791503906,100.63999938964844,100.7300033569336,100.41000366210938,100.5199966430664,191000
2006-11-28 00:00:00,56.88252258300781,100.91000366210938,100.94000244140625,100.5999984741211,100.87000274658203,269600
2006-11-29 00:00:00,56.797969818115234,100.76000213623047,100.94999694824219,100.69000244140625,100.94000244140625,300900
2006-11-30 00:00:00,56.972686767578125,101.06999969482422,101.12999725341797,100.86000061035156,100.94000244140625,210500
2006-12-01 00:00:00,57.07905960083008,100.86000061035156,100.97000122070312,100.55000305175781,100.63999938964844,354500
2006-12-04 00:00:00,57.13570785522461,100.95999908447266,100.98999786376953,100.72000122070312,100.86000061035156,184600
2006-12-05 00:00:00,57.10176086425781,100.9000015258789,101.02999877929688,100.75,101.02999877929688,348500
2006-12-06 00:00:00,57.05647277832031,100.81999969482422,100.88999938964844,100.75,100.81999969482422,222800
2006-12-07 00:00:00,57.00550842285156,100.7300033569336,100.7699966430664,100.62000274658203,100.73999786376953,169600
2006-12-08 00:00:00,56.8867073059082,100.5199966430664,100.7300033569336,100.48999786376953,100.68000030517578,364200
2006-12-11 00:00:00,56.87538528442383,100.5,100.6500015258789,100.5,100.58999633789062,249200
2006-12-12 00:00:00,57.03384017944336,100.77999877929688,100.80000305175781,100.5999984741211,100.69999694824219,222000
2006-12-13 00:00:00,56.85837936401367,100.47000122070312,100.62000274658203,100.4000015258789,100.58999633789062,215700
2006-12-14 00:00:00,56.779136657714844,100.33000183105469,100.4800033569336,100.26000213623047,100.4800033569336,2320000
2006-12-15 00:00:00,56.767860412597656,100.30999755859375,100.83000183105469,100.22000122070312,100.83000183105469,314000
2006-12-18 00:00:00,56.80180358886719,100.37000274658203,100.38999938964844,100.26000213623047,100.37000274658203,236000
2006-12-19 00:00:00,56.84146499633789,100.44000244140625,100.44999694824219,100.29000091552734,100.31999969482422,252900
2006-12-20 00:00:00,56.81877899169922,100.4000015258789,100.5,100.33999633789062,100.41000366210938,333500
2006-12-21 00:00:00,56.931983947753906,100.5999984741211,100.66000366210938,100.2300033569336,100.4800033569336,306000
2006-12-22 00:00:00,56.881019592285156,100.51000213623047,100.54000091552734,100.27999877929688,100.5199966430664,461300
2006-12-26 00:00:00,56.864036560058594,100.4800033569336,100.5,100.27999877929688,100.27999877929688,166000
2006-12-27 00:00:00,56.7100944519043,99.83999633789062,100.11000061035156,99.66000366210938,100.01000213623047,781500
2006-12-28 00:00:00,56.63625717163086,99.70999908447266,99.9800033569336,99.61000061035156,99.94999694824219,326900
2006-12-29 00:00:00,56.630615234375,99.69999694824219,99.7300033569336,99.61000061035156,99.7300033569336,278800
2007-01-03 00:00:00,56.749881744384766,99.91000366210938,100.06999969482422,99.79000091552734,100.0,471200
2007-01-04 00:00:00,56.86918258666992,100.12000274658203,100.19000244140625,99.94000244140625,100.02999877929688,1745500
2007-01-05 00:00:00,56.829437255859375,100.05000305175781,100.08999633789062,99.9000015258789,100.0,318200
2007-01-08 00:00:00,56.863494873046875,100.11000061035156,100.1500015258789,100.01000213623047,100.1500015258789,281700
2007-01-09 00:00:00,56.863494873046875,100.11000061035156,100.16999816894531,100.04000091552734,100.16999816894531,361300
2007-01-10 00:00:00,56.80101013183594,100.0,100.11000061035156,99.91000366210938,100.11000061035156,697900
2007-01-11 00:00:00,56.693084716796875,99.80999755859375,100.08999633789062,99.73999786376953,100.04000091552734,445200
2007-01-12 00:00:00,56.613563537597656,99.66999816894531,99.8499984741211,99.5999984741211,99.80000305175781,232500
2007-01-16 00:00:00,56.68739318847656,99.80000305175781,99.91999816894531,99.66999816894531,99.81999969482422,448700
2007-01-17 00:00:00,56.65333938598633,99.73999786376953,99.95999908447266,99.66999816894531,99.88999938964844,258800
2007-01-18 00:00:00,56.73284149169922,99.87999725341797,99.91000366210938,99.6500015258789,99.73999786376953,290600
2007-01-19 00:00:00,56.7100944519043,99.83999633789062,99.93000030517578,99.7300033569336,99.93000030517578,309200
2007-01-22 00:00:00,56.73848342895508,99.88999938964844,99.91999816894531,99.79000091552734,99.91000366210938,263600
2007-01-23 00:00:00,56.630615234375,99.69999694824219,99.88999938964844,99.63999938964844,99.88999938964844,334200
2007-01-24 00:00:00,56.613563537597656,99.66999816894531,99.83999633789062,99.6500015258789,99.83999633789062,358000
2007-01-25 00:00:00,56.53971862792969,99.54000091552734,99.70999908447266,99.44000244140625,99.70999908447266,296700
2007-01-26 00:00:00,56.5340576171875,99.52999877929688,99.56999969482422,99.3499984741211,99.45999908447266,289500
2007-01-29 00:00:00,56.46022415161133,99.4000015258789,99.69000244140625,99.33999633789062,99.68000030517578,388400
2007-01-30 00:00:00,56.54538345336914,99.55000305175781,99.55999755859375,99.37000274658203,99.55000305175781,293100
2007-01-31 00:00:00,56.590816497802734,99.62999725341797,99.81999969482422,99.44999694824219,99.51000213623047,386400
2007-02-01 00:00:00,56.621055603027344,99.29000091552734,99.76000213623047,99.22000122070312,99.76000213623047,821500
2007-02-02 00:00:00,56.70085144042969,99.43000030517578,99.48999786376953,99.27999877929688,99.38999938964844,445100
2007-02-05 00:00:00,56.79212188720703,99.58999633789062,99.61000061035156,99.47000122070312,99.56999969482422,248000
2007-02-06 00:00:00,56.90045928955078,99.77999877929688,99.80000305175781,99.37000274658203,99.69999694824219,236400
2007-02-07 00:00:00,56.96888732910156,99.9000015258789,99.94000244140625,99.72000122070312,99.86000061035156,289800
2007-02-08 00:00:00,57.00318145751953,99.95999908447266,100.0,99.80999755859375,99.87000274658203,353800
2007-02-09 00:00:00,56.871978759765625,99.7300033569336,99.83000183105469,99.5199966430664,99.80000305175781,419600
2007-02-12 00:00:00,56.81492233276367,99.62999725341797,99.7300033569336,99.45999908447266,99.68000030517578,304700
2007-02-13 00:00:00,56.809295654296875,99.62000274658203,99.70999908447266,99.37999725341797,99.52999877929688,227400
2007-02-14 00:00:00,57.025917053222656,100.0,100.0199966430664,99.68000030517578,99.79000091552734,269400
2007-02-15 00:00:00,57.10579299926758,100.13999938964844,100.22000122070312,100.05999755859375,100.16000366210938,438500
2007-02-16 00:00:00,57.14568328857422,100.20999908447266,100.23999786376953,100.08999633789062,100.13999938964844,309400
2007-02-20 00:00:00,57.17424774169922,100.26000213623047,100.29000091552734,100.05000305175781,100.16000366210938,252400
2007-02-21 00:00:00,57.16850662231445,100.25,100.2699966430664,100.0199966430664,100.16000366210938,223600
2007-02-22 00:00:00,57.05449295043945,100.05000305175781,100.18000030517578,100.01000213623047,100.18000030517578,188000
2007-02-23 00:00:00,57.19132995605469,100.29000091552734,100.37000274658203,100.11000061035156,100.11000061035156,360200
2007-02-26 00:00:00,57.31678009033203,100.51000213623047,100.54000091552734,100.3499984741211,100.41000366210938,222700
2007-02-27 00:00:00,57.55056381225586,100.91999816894531,101.66999816894531,100.55999755859375,100.91999816894531,379300
2007-02-28 00:00:00,57.51068115234375,100.8499984741211,100.95999908447266,100.62000274658203,100.91999816894531,533700
2007-03-01 00:00:00,57.50151443481445,100.44000244140625,100.72000122070312,100.29000091552734,100.69999694824219,662900
2007-03-02 00:00:00,57.62169647216797,100.6500015258789,100.68000030517578,100.38999938964844,100.54000091552734,187600
2007-03-05 00:00:00,57.587398529052734,100.58999633789062,100.69000244140625,100.43000030517578,100.69000244140625,264700
2007-03-06 00:00:00,57.54729461669922,100.5199966430664,100.5999984741211,100.41000366210938,100.41000366210938,221300
2007-03-07 00:00:00,57.5931282043457,100.5999984741211,100.69000244140625,100.45999908447266,100.56999969482422,296500
2007-03-08 00:00:00,57.541587829589844,100.51000213623047,100.66000366210938,100.45999908447266,100.5999984741211,351700
2007-03-09 00:00:00,57.38127136230469,100.2300033569336,100.38999938964844,100.20999908447266,100.33000183105469,309900
2007-03-12 00:00:00,57.558738708496094,100.54000091552734,100.55000305175781,100.31999969482422,100.47000122070312,224200
2007-03-13 00:00:00,57.70759582519531,100.80000305175781,100.80000305175781,100.55000305175781,100.66999816894531,344300
2007-03-14 00:00:00,57.638885498046875,100.68000030517578,100.87000274658203,100.61000061035156,100.72000122070312,468700
2007-03-15 00:00:00,57.575923919677734,100.56999969482422,100.80999755859375,100.5199966430664,100.80999755859375,201400
2007-03-16 00:00:00,57.5816650390625,100.58000183105469,100.63999938964844,100.44999694824219,100.55000305175781,264100
2007-03-19 00:00:00,57.541587829589844,100.51000213623047,100.52999877929688,100.36000061035156,100.48999786376953,181300
2007-03-20 00:00:00,57.59883117675781,100.61000061035156,100.69000244140625,100.5,100.68000030517578,446400
2007-03-21 00:00:00,57.67327880859375,100.73999786376953,100.81999969482422,100.4800033569336,100.55000305175781,664300
2007-03-22 00:00:00,57.564491271972656,100.55000305175781,100.70999908447266,100.4000015258789,100.69000244140625,210200
2007-03-23 00:00:00,57.48433303833008,100.41000366210938,100.66999816894531,100.30999755859375,100.66999816894531,226200
2007-03-26 00:00:00,57.45000076293945,100.3499984741211,100.6500015258789,100.27999877929688,100.4000015258789,444100
2007-03-27 00:00:00,57.461402893066406,100.37000274658203,100.48999786376953,100.2699966430664,100.44999694824219,275600
2007-03-28 00:00:00,57.4900016784668,100.41999816894531,100.6500015258789,100.33999633789062,100.55000305175781,217600
2007-03-29 00:00:00,57.39847946166992,100.26000213623047,100.41999816894531,100.20999908447266,100.36000061035156,223000
2007-03-30 00:00:00,57.39847946166992,100.26000213623047,100.43000030517578,100.06999969482422,100.41999816894531,435200
2007-04-02 00:00:00,57.47260284423828,100.0,100.19000244140625,99.80999755859375,100.19000244140625,1065300
2007-04-03 00:00:00,57.41516876220703,99.9000015258789,100.0199966430664,99.77999877929688,99.9800033569336,390600
2007-04-04 00:00:00,57.47833251953125,100.01000213623047,100.11000061035156,99.91000366210938,100.01000213623047,181400
2007-04-05 00:00:00,57.4266242980957,99.91999816894531,100.0199966430664,99.81999969482422,100.01000213623047,269600
2007-04-09 00:00:00,57.208248138427734,99.54000091552734,99.70999908447266,99.5,99.69999694824219,324200
2007-04-10 00:00:00,57.2944450378418,99.69000244140625,99.86000061035156,99.54000091552734,99.73999786376953,314700
2007-04-11 00:00:00,57.25996398925781,99.62999725341797,99.91000366210938,99.51000213623047,99.83999633789062,344200
2007-04-12 00:00:00,57.32890319824219,99.75,99.83000183105469,99.62999725341797,99.6500015258789,274100
2007-04-13 00:00:00,57.23696517944336,99.58999633789062,99.79000091552734,99.45999908447266,99.79000091552734,291600
2007-04-16 00:00:00,57.351890563964844,99.79000091552734,99.80000305175781,99.56999969482422,99.6500015258789,396400
2007-04-17 00:00:00,57.51860427856445,100.08000183105469,100.08000183105469,99.83999633789062,99.91000366210938,368200
2007-04-18 00:00:00,57.60478210449219,100.2300033569336,100.23999786376953,100.05999755859375,100.19000244140625,160100
2007-04-19 00:00:00,57.58182144165039,100.19000244140625,100.30000305175781,100.05000305175781,100.30000305175781,223500
2007-04-20 00:00:00,57.55305480957031,100.13999938964844,100.26000213623047,100.0199966430664,100.26000213623047,162100
2007-04-23 00:00:00,57.61052322387695,100.23999786376953,100.30000305175781,100.02999877929688,100.18000030517578,409600
2007-04-24 00:00:00,57.63930130004883,100.29000091552734,100.44999694824219,100.26000213623047,100.30999755859375,227500
2007-04-25 00:00:00,57.662227630615234,100.33000183105469,100.44999694824219,100.19999694824219,100.37000274658203,401800
2007-04-26 00:00:00,57.55305480957031,100.13999938964844,100.30999755859375,100.05999755859375,100.30999755859375,251900
2007-04-27 00:00:00,57.54158401489258,100.12000274658203,100.20999908447266,100.02999877929688,100.16000366210938,169100
2007-04-30 00:00:00,57.73697280883789,100.45999908447266,100.45999908447266,100.23999786376953,100.30000305175781,298600
2007-05-01 00:00:00,57.70347213745117,100.0199966430664,100.0999984741211,99.80000305175781,100.0,1029900
2007-05-02 00:00:00,57.7208366394043,100.05000305175781,100.7699966430664,99.80000305175781,100.08000183105469,255200
2007-05-03 00:00:00,57.65736389160156,99.94000244140625,100.05999755859375,99.80999755859375,100.01000213623047,267900
2007-05-04 00:00:00,57.73237609863281,100.06999969482422,100.12999725341797,99.94000244140625,100.05999755859375,233700
2007-05-07 00:00:00,57.79005432128906,100.16999816894531,100.16999816894531,99.97000122070312,100.05000305175781,301500
2007-05-08 00:00:00,57.7265739440918,100.05999755859375,100.19999694824219,100.0199966430664,100.19000244140625,291000
2007-05-09 00:00:00,57.65736389160156,99.94000244140625,100.19000244140625,99.93000030517578,100.19000244140625,302100
2007-05-10 00:00:00,57.755462646484375,100.11000061035156,100.12000274658203,99.94000244140625,100.05000305175781,218200
2007-05-11 00:00:00,57.64004135131836,99.91000366210938,100.2300033569336,99.83999633789062,100.22000122070312,185100
2007-05-14 00:00:00,57.65157699584961,99.93000030517578,100.0199966430664,99.76000213623047,100.0,247300
2007-05-15 00:00:00,57.62846755981445,99.88999938964844,100.0,99.75,99.98999786376953,266100
2007-05-16 00:00:00,57.64004135131836,99.91000366210938,99.93000030517578,99.69999694824219,99.75,238800
2007-05-17 00:00:00,57.54197311401367,99.73999786376953,99.83000183105469,99.66999816894531,99.79000091552734,212200
2007-05-18 00:00:00,57.374637603759766,99.44999694824219,99.73999786376953,99.41000366210938,99.68000030517578,431900
2007-05-21 00:00:00,57.49003219604492,99.6500015258789,99.6500015258789,99.41000366210938,99.52999877929688,316500
2007-05-22 00:00:00,57.374637603759766,99.44999694824219,99.63999938964844,99.30999755859375,99.63999938964844,353000
2007-05-23 00:00:00,57.3285026550293,99.37000274658203,99.5199966430664,99.16000366210938,99.4000015258789,1081300
2007-05-24 00:00:00,57.35158920288086,99.41000366210938,99.41000366210938,99.04000091552734,99.23999786376953,339300
2007-05-25 00:00:00,57.32274627685547,99.36000061035156,99.41000366210938,99.16999816894531,99.31999969482422,222200
2007-05-29 00:00:00,57.26504135131836,99.26000213623047,99.38999938964844,99.1500015258789,99.36000061035156,222700
2007-05-30 00:00:00,57.334251403808594,99.37999725341797,99.47000122070312,99.2699966430664,99.44999694824219,577600
2007-05-31 00:00:00,57.207366943359375,99.16000366210938,99.3499984741211,99.12000274658203,99.25,506000
2007-06-01 00:00:00,57.14826583862305,98.62999725341797,98.7699966430664,98.52999877929688,98.72000122070312,942500
2007-06-04 00:00:00,57.21780014038086,98.75,98.7699966430664,98.61000061035156,98.70999908447266,299000
2007-06-05 00:00:00,57.055519104003906,98.47000122070312,98.69999694824219,98.37000274658203,98.66999816894531,244800
2007-06-06 00:00:00,57.078739166259766,98.51000213623047,98.54000091552734,98.30000305175781,98.5199966430664,1001300
2007-06-07 00:00:00,56.68473815917969,97.83000183105469,98.2300033569336,97.69999694824219,98.2300033569336,319500
2007-06-08 00:00:00,56.615234375,97.70999908447266,97.86000061035156,97.56999969482422,97.5999984741211,389700
2007-06-11 00:00:00,56.655731201171875,97.77999877929688,97.88999938964844,97.56999969482422,97.58000183105469,261000
2007-06-12 00:00:00,56.31969451904297,97.19999694824219,97.56999969482422,97.11000061035156,97.55000305175781,380400
2007-06-13 00:00:00,56.40657424926758,97.3499984741211,97.5,97.0999984741211,97.11000061035156,407100
2007-06-14 00:00:00,56.5167121887207,97.54000091552734,97.68000030517578,97.38999938964844,97.47000122070312,230700
2007-06-15 00:00:00,56.71949005126953,97.88999938964844,97.91000366210938,97.54000091552734,97.66000366210938,470200
2007-06-18 00:00:00,56.760074615478516,97.95999908447266,97.9800033569336,97.66000366210938,97.8499984741211,242200
2007-06-19 00:00:00,56.93962097167969,98.2699966430664,98.33999633789062,98.0199966430664,98.12000274658203,300900
2007-06-20 00:00:00,56.765785217285156,97.97000122070312,98.1500015258789,97.8499984741211,98.04000091552734,298700
2007-06-21 00:00:00,56.69631576538086,97.8499984741211,98.05000305175781,97.77999877929688,97.94000244140625,340000
2007-06-22 00:00:00,56.829593658447266,98.08000183105469,98.08000183105469,97.62999725341797,97.8499984741211,357900
2007-06-25 00:00:00,56.88172912597656,98.16999816894531,98.29000091552734,98.04000091552734,98.23999786376953,305000
2007-06-26 00:00:00,56.81219482421875,98.05000305175781,98.2699966430664,98.01000213623047,98.16999816894531,639900
2007-06-27 00:00:00,56.92227554321289,98.23999786376953,98.45999908447266,98.12999725341797,98.36000061035156,214500
2007-06-28 00:00:00,56.88172912597656,98.16999816894531,98.33000183105469,98.04000091552734,98.20999908447266,293500
2007-06-29 00:00:00,56.99187469482422,98.36000061035156,98.45999908447266,98.18000030517578,98.30999755859375,506700
2007-07-02 00:00:00,57.1436767578125,98.19999694824219,98.36000061035156,97.95999908447266,97.95999908447266,2726200
2007-07-03 00:00:00,57.07965087890625,98.08999633789062,98.48999786376953,98.04000091552734,98.33999633789062,384200
2007-07-05 00:00:00,56.84113311767578,97.68000030517578,97.95999908447266,97.5,97.95999908447266,453000
2007-07-06 00:00:00,56.742164611816406,97.51000213623047,97.5999984741211,97.31999969482422,97.41000366210938,281300
2007-07-09 00:00:00,56.84113311767578,97.68000030517578,97.7300033569336,97.5199966430664,97.70999908447266,232100
2007-07-10 00:00:00,57.08549499511719,98.0999984741211,98.11000061035156,97.77999877929688,97.94999694824219,712600
2007-07-11 00:00:00,56.95747756958008,97.87999725341797,98.20999908447266,97.76000213623047,98.20999908447266,233300
2007-07-12 00:00:00,56.899261474609375,97.77999877929688,98.0199966430664,97.66999816894531,98.0199966430664,234100
2007-07-13 00:00:00,56.96910858154297,97.9000015258789,98.0,97.69999694824219,97.9800033569336,247600
2007-07-16 00:00:00,57.08549499511719,98.0999984741211,98.22000122070312,97.87000274658203,97.97000122070312,279500
2007-07-17 00:00:00,56.98075866699219,97.91999816894531,98.12999725341797,97.8499984741211,98.04000091552734,221300
2007-07-18 00:00:00,57.126220703125,98.16999816894531,98.31999969482422,97.93000030517578,97.94999694824219,226700
2007-07-19 00:00:00,57.126220703125,98.16999816894531,98.22000122070312,98.0,98.05999755859375,321200
2007-07-20 00:00:00,57.260066986083984,98.4000015258789,98.58000183105469,98.12000274658203,98.1500015258789,316300
2007-07-23 00:00:00,57.225196838378906,98.33999633789062,98.4800033569336,98.22000122070312,98.23999786376953,255600
2007-07-24 00:00:00,57.341548919677734,98.54000091552734,98.55999755859375,98.3499984741211,98.38999938964844,208800
2007-07-25 00:00:00,57.306640625,98.4800033569336,98.6500015258789,98.2300033569336,98.2300033569336,580900
2007-07-26 00:00:00,57.51028823852539,98.83000183105469,99.0,98.55000305175781,98.56999969482422,324600
2007-07-27 00:00:00,57.452125549316406,98.7300033569336,98.88999938964844,98.58000183105469,98.70999908447266,329000
2007-07-30 00:00:00,57.42299270629883,98.68000030517578,98.87000274658203,98.61000061035156,98.80999755859375,389300
2007-07-31 00:00:00,57.603389739990234,98.98999786376953,99.01000213623047,98.5999984741211,98.62999725341797,529100
2007-08-01 00:00:00,57.469573974609375,98.33000183105469,98.5999984741211,98.33000183105469,98.5199966430664,814500
2007-08-02 00:00:00,57.44034194946289,98.27999877929688,98.4800033569336,98.16000366210938,98.31999969482422,566300
2007-08-03 00:00:00,57.69165802001953,98.70999908447266,98.70999908447266,98.38999938964844,98.5199966430664,371600
2007-08-06 00:00:00,57.5981330871582,98.55000305175781,98.86000061035156,98.44999694824219,98.86000061035156,231000
2007-08-07 00:00:00,57.55727005004883,98.4800033569336,98.77999877929688,98.41000366210938,98.5999984741211,280300
2007-08-08 00:00:00,57.48712921142578,98.36000061035156,98.48999786376953,98.16999816894531,98.4800033569336,277200
2007-08-09 00:00:00,57.55727005004883,98.4800033569336,98.56999969482422,98.31999969482422,98.45999908447266,271600
2007-08-10 00:00:00,57.36431121826172,98.1500015258789,98.68000030517578,98.12000274658203,98.68000030517578,398700
2007-08-13 00:00:00,57.469573974609375,98.33000183105469,98.48999786376953,98.04000091552734,98.04000091552734,220200
2007-08-14 00:00:00,57.62735366821289,98.5999984741211,98.68000030517578,98.29000091552734,98.29000091552734,250900
2007-08-15 00:00:00,57.703372955322266,98.7300033569336,98.80000305175781,98.47000122070312,98.79000091552734,224900
2007-08-16 00:00:00,57.66824722290039,98.66999816894531,98.9800033569336,98.43000030517578,98.72000122070312,541400
2007-08-17 00:00:00,57.796836853027344,98.88999938964844,98.97000122070312,98.41999816894531,98.66999816894531,311800
2007-08-20 00:00:00,57.7442626953125,98.80000305175781,99.0199966430664,98.79000091552734,98.9000015258789,252400
2007-08-21 00:00:00,58.013099670410156,99.26000213623047,99.37999725341797,99.11000061035156,99.30999755859375,224600
2007-08-22 00:00:00,57.96635055541992,99.18000030517578,99.26000213623047,98.95999908447266,99.1500015258789,545300
2007-08-23 00:00:00,58.03656005859375,99.30000305175781,99.31999969482422,99.01000213623047,99.16000366210938,522300
2007-08-24 00:00:00,57.890357971191406,99.05000305175781,99.30999755859375,99.02999877929688,99.2699966430664,293700
2007-08-27 00:00:00,58.065696716308594,99.3499984741211,99.44000244140625,99.16999816894531,99.23999786376953,301600
2007-08-28 00:00:00,58.299503326416016,99.75,99.7699966430664,99.37000274658203,99.41000366210938,187700
2007-08-29 00:00:00,58.182647705078125,99.55000305175781,99.8499984741211,99.54000091552734,99.7699966430664,201400
2007-08-30 00:00:00,58.30531692504883,99.76000213623047,99.83000183105469,99.63999938964844,99.73999786376953,186400
2007-08-31 00:00:00,58.340389251708984,99.81999969482422,100.08999633789062,99.5199966430664,99.69999694824219,201000
2007-09-04 00:00:00,58.275245666503906,99.27999877929688,101.0,99.0999984741211,99.9800033569336,554500
2007-09-05 00:00:00,58.463043212890625,99.5999984741211,99.73999786376953,99.08999633789062,99.08999633789062,294600
2007-09-06 00:00:00,58.45130157470703,99.58000183105469,99.7300033569336,99.51000213623047,99.63999938964844,761000
2007-09-07 00:00:00,58.81527328491211,100.19999694824219,100.2300033569336,99.75,99.93000030517578,353400
2007-09-10 00:00:00,58.95614242553711,100.44000244140625,100.54000091552734,100.12999725341797,100.29000091552734,285900
2007-09-11 00:00:00,58.85048294067383,100.26000213623047,100.41000366210938,100.02999877929688,100.02999877929688,687000
2007-09-12 00:00:00,58.768314361572266,100.12000274658203,100.26000213623047,100.0199966430664,100.20999908447266,2039700
2007-09-13 00:00:00,58.5981330871582,99.83000183105469,99.94000244140625,99.62999725341797,99.80000305175781,790400
2007-09-14 00:00:00,58.63920974731445,99.9000015258789,100.12999725341797,99.69999694824219,100.0999984741211,320600
2007-09-17 00:00:00,58.662696838378906,99.94000244140625,99.95999908447266,99.7699966430664,99.86000061035156,278000
2007-09-18 00:00:00,58.78595733642578,100.1500015258789,100.3499984741211,99.5999984741211,99.83000183105469,628000
2007-09-19 00:00:00,58.774166107177734,100.12999725341797,100.19000244140625,99.83000183105469,100.0999984741211,441200
2007-09-20 00:00:00,58.35743713378906,99.41999816894531,99.95999908447266,99.3499984741211,99.94000244140625,282100
2007-09-21 00:00:00,58.52761459350586,99.70999908447266,99.73999786376953,99.33000183105469,99.5999984741211,465700
2007-09-24 00:00:00,58.533531188964844,99.72000122070312,99.73999786376953,99.5,99.7300033569336,274000
2007-09-25 00:00:00,58.580467224121094,99.80000305175781,100.01000213623047,99.76000213623047,99.95999908447266,260000
2007-09-26 00:00:00,58.52177810668945,99.69999694824219,99.83999633789062,99.44999694824219,99.66999816894531,702100
2007-09-27 00:00:00,58.62155532836914,99.87000274658203,100.0,99.6500015258789,99.6500015258789,380900
2007-09-28 00:00:00,58.709625244140625,100.0199966430664,100.26000213623047,99.80999755859375,99.9800033569336,336100
2007-10-01 00:00:00,58.51154708862305,99.2699966430664,99.83000183105469,99.2699966430664,99.81999969482422,3538500
2007-10-02 00:00:00,58.7355842590332,99.6500015258789,99.73999786376953,99.18000030517578,99.18000030517578,282100
2007-10-03 00:00:00,58.76502227783203,99.69999694824219,99.9000015258789,99.51000213623047,99.86000061035156,327100
2007-10-04 00:00:00,58.741458892822266,99.66000366210938,99.9000015258789,99.51000213623047,99.79000091552734,445000
2007-10-05 00:00:00,58.27582550048828,98.87000274658203,99.6500015258789,98.23999786376953,99.31999969482422,750200
2007-10-08 00:00:00,58.7355842590332,99.6500015258789,99.94999694824219,99.08000183105469,99.36000061035156,367700
2007-10-09 00:00:00,58.61177062988281,99.44000244140625,99.58999633789062,99.16000366210938,99.52999877929688,182700
2007-10-10 00:00:00,58.68842315673828,99.56999969482422,99.6500015258789,99.19000244140625,99.45999908447266,711600
2007-10-11 00:00:00,58.72964096069336,99.63999938964844,99.63999938964844,99.23999786376953,99.38999938964844,258000
2007-10-12 00:00:00,58.617679595947266,99.44999694824219,99.6500015258789,99.31999969482422,99.55000305175781,470400
2007-10-15 00:00:00,58.6353759765625,99.4800033569336,99.5,99.25,99.43000030517578,200800
2007-10-16 00:00:00,58.72964096069336,99.63999938964844,99.72000122070312,99.44999694824219,99.66000366210938,266400
2007-10-17 00:00:00,58.93004608154297,99.9800033569336,100.02999877929688,99.62000274658203,99.66000366210938,243600
2007-10-18 00:00:00,59.10102462768555,100.2699966430664,100.30000305175781,100.06999969482422,100.27999877929688,270000
2007-10-19 00:00:00,59.37213897705078,100.7300033569336,100.7300033569336,100.33999633789062,100.5,732700
2007-10-22 00:00:00,59.35445785522461,100.69999694824219,100.80999755859375,100.5,100.80999755859375,284500
2007-10-23 00:00:00,59.33675003051758,100.66999816894531,100.66999816894531,100.44999694824219,100.63999938964844,328900
2007-10-24 00:00:00,59.59608459472656,101.11000061035156,101.19999694824219,100.69999694824219,100.87000274658203,1018400
2007-10-25 00:00:00,59.44285202026367,100.8499984741211,101.13999938964844,100.83000183105469,101.12999725341797,236200
2007-10-26 00:00:00,59.389766693115234,100.76000213623047,101.0,100.61000061035156,100.76000213623047,348000
2007-10-29 00:00:00,59.389766693115234,100.76000213623047,100.88999938964844,100.5999984741211,100.77999877929688,261000
2007-10-30 00:00:00,59.4664306640625,100.88999938964844,100.88999938964844,100.69999694824219,100.8499984741211,252400
2007-10-31 00:00:00,59.301448822021484,100.61000061035156,100.86000061035156,100.41000366210938,100.55999755859375,767000
2007-11-01 00:00:00,59.44757843017578,100.44000244140625,100.66000366210938,100.26000213623047,100.30000305175781,251200
2007-11-02 00:00:00,59.512691497802734,100.55000305175781,100.9000015258789,100.43000030517578,100.45999908447266,401100
2007-11-05 00:00:00,59.45940017700195,100.45999908447266,100.7699966430664,100.45999908447266,100.7699966430664,509700
2007-11-06 00:00:00,59.38250732421875,100.33000183105469,100.51000213623047,100.16999816894531,100.4000015258789,418000
2007-11-07 00:00:00,59.3942985534668,100.3499984741211,100.41999816894531,100.12000274658203,100.4000015258789,716100
2007-11-08 00:00:00,59.45351028442383,100.44999694824219,100.56999969482422,100.27999877929688,100.51000213623047,469700
2007-11-09 00:00:00,59.66062927246094,100.80000305175781,100.83999633789062,100.55000305175781,100.66999816894531,184600
2007-11-12 00:00:00,59.577823638916016,100.66000366210938,100.83999633789062,100.5,100.5,224000
2007-11-13 00:00:00,59.58369827270508,100.66999816894531,100.80999755859375,100.55000305175781,100.75,276100
2007-11-14 00:00:00,59.56004333496094,100.62999725341797,100.6500015258789,100.4000015258789,100.54000091552734,336000
2007-11-15 00:00:00,59.81453323364258,101.05999755859375,101.11000061035156,100.62999725341797,100.80999755859375,493500
2007-11-16 00:00:00,59.77308654785156,100.98999786376953,101.0999984741211,100.8499984741211,101.0,1810900
2007-11-19 00:00:00,59.90339660644531,101.20999908447266,101.37999725341797,100.80999755859375,100.80999755859375,416800
2007-11-20 00:00:00,59.779014587402344,101.0,101.25,100.88999938964844,101.2300033569336,332100
2007-11-21 00:00:00,60.234779357910156,101.7699966430664,101.7699966430664,101.18000030517578,101.41000366210938,789200
2007-11-23 00:00:00,59.926971435546875,101.25,101.77999877929688,101.25,101.54000091552734,137700
2007-11-26 00:00:00,60.47153854370117,102.16999816894531,102.41999816894531,101.41000366210938,101.52999877929688,441900
2007-11-27 00:00:00,60.22294235229492,101.75,102.20999908447266,101.43000030517578,102.20999908447266,933000
2007-11-28 00:00:00,60.074954986572266,101.5,101.76000213623047,101.41999816894531,101.62000274658203,536500
2007-11-29 00:00:00,60.246612548828125,101.79000091552734,102.08000183105469,101.51000213623047,101.86000061035156,1496800
2007-11-30 00:00:00,60.370914459228516,102.0,102.11000061035156,101.27999877929688,101.5199966430664,1734300
2007-12-03 00:00:00,60.69001770019531,102.12999725341797,102.58000183105469,101.73999786376953,101.9000015258789,630100
2007-12-04 00:00:00,60.45825958251953,101.73999786376953,102.2300033569336,101.66000366210938,102.16999816894531,580800
2007-12-05 00:00:00,60.3453369140625,101.55000305175781,101.81999969482422,101.54000091552734,101.80000305175781,442400
2007-12-06 00:00:00,60.279998779296875,101.44000244140625,101.69999694824219,101.13999938964844,101.37000274658203,805900
2007-12-07 00:00:00,59.93535232543945,100.86000061035156,101.26000213623047,100.58999633789062,101.26000213623047,406200
2007-12-10 00:00:00,59.81645202636719,100.66000366210938,100.87999725341797,100.31999969482422,100.87999725341797,916400
2007-12-11 00:00:00,60.10765838623047,101.1500015258789,101.41000366210938,100.6500015258789,100.88999938964844,1153500
2007-12-12 00:00:00,60.04826736450195,101.05000305175781,101.2300033569336,100.5199966430664,100.7699966430664,500900
2007-12-13 00:00:00,59.81645202636719,100.66000366210938,100.94000244140625,100.55999755859375,100.94000244140625,425500
2007-12-14 00:00:00,59.650108337402344,100.37999725341797,100.62000274658203,100.23999786376953,100.5999984741211,515300
2007-12-17 00:00:00,59.739227294921875,100.52999877929688,100.7699966430664,100.36000061035156,100.68000030517578,550800
2007-12-18 00:00:00,60.054203033447266,101.05999755859375,101.0999984741211,100.68000030517578,100.93000030517578,402300
2007-12-19 00:00:00,60.17894744873047,101.2699966430664,101.55999755859375,100.88999938964844,101.13999938964844,634800
2007-12-20 00:00:00,60.125492095947266,101.18000030517578,101.66000366210938,101.18000030517578,101.55000305175781,489200
2007-12-21 00:00:00,59.86397933959961,100.73999786376953,101.26000213623047,100.73999786376953,101.26000213623047,411900
2007-12-24 00:00:00,59.881839752197266,100.7699966430664,100.83999633789062,100.62000274658203,100.75,190700
2007-12-26 00:00:00,59.697635650634766,100.45999908447266,100.94000244140625,100.3499984741211,100.75,259200
2007-12-27 00:00:00,60.025177001953125,100.5999984741211,100.5999984741211,100.19999694824219,100.52999877929688,427200
2007-12-28 00:00:00,60.34739685058594,101.13999938964844,101.20999908447266,100.69000244140625,100.81999969482422,442500
2007-12-31 00:00:00,60.36527633666992,101.16999816894531,101.37999725341797,100.8499984741211,101.31999969482422,708000
2008-01-02 00:00:00,60.65169143676758,101.6500015258789,102.61000061035156,101.05999755859375,101.36000061035156,888900
2008-01-03 00:00:00,60.812767028808594,101.91999816894531,101.91999816894531,101.37000274658203,101.62000274658203,370600
2008-01-04 00:00:00,60.93811798095703,102.12999725341797,102.37000274658203,101.80999755859375,101.80999755859375,497700
2008-01-07 00:00:00,61.01569366455078,102.26000213623047,102.36000061035156,101.83000183105469,102.20999908447266,693600
2008-01-08 00:00:00,61.17082595825195,102.5199966430664,102.5199966430664,101.94000244140625,102.16000366210938,1544400
2008-01-09 00:00:00,61.027618408203125,102.27999877929688,102.5,102.11000061035156,102.44000244140625,437700
2008-01-10 00:00:00,60.902339935302734,102.06999969482422,102.29000091552734,101.80000305175781,102.23999786376953,291900
2008-01-11 00:00:00,61.164833068847656,102.51000213623047,102.5199966430664,102.18000030517578,102.19999694824219,315700
2008-01-14 00:00:00,61.21255874633789,102.58999633789062,102.6500015258789,102.37999725341797,102.51000213623047,290400
2008-01-15 00:00:00,61.433380126953125,102.95999908447266,102.95999908447266,102.62000274658203,102.80999755859375,361400
2008-01-16 00:00:00,61.248374938964844,102.6500015258789,103.06999969482422,102.5999984741211,102.95999908447266,620900
2008-01-17 00:00:00,61.61832046508789,103.2699966430664,103.2699966430664,102.58000183105469,102.7699966430664,807500
2008-01-18 00:00:00,61.606407165527344,103.25,103.25,102.80000305175781,102.95999908447266,809400
2008-01-22 00:00:00,61.70185089111328,103.41000366210938,105.48999786376953,102.87999725341797,103.97000122070312,793000
2008-01-23 00:00:00,61.51688003540039,103.0999984741211,104.38999938964844,103.05000305175781,104.38999938964844,911200
2008-01-24 00:00:00,61.361785888671875,102.83999633789062,103.44999694824219,102.70999908447266,103.44999694824219,469200
2008-01-25 00:00:00,61.469154357910156,103.0199966430664,103.26000213623047,102.22000122070312,102.58000183105469,585400
2008-01-28 00:00:00,61.58844757080078,103.22000122070312,103.36000061035156,102.97000122070312,103.01000213623047,484000
2008-01-29 00:00:00,61.39751434326172,102.9000015258789,103.2300033569336,102.83000183105469,103.1500015258789,450900
2008-01-30 00:00:00,61.49300765991211,103.05999755859375,103.18000030517578,102.7699966430664,103.0199966430664,557800
2008-01-31 00:00:00,61.76154708862305,103.51000213623047,103.62000274658203,103.06999969482422,103.4800033569336,649200
2008-02-01 00:00:00,61.698638916015625,102.98999786376953,103.31999969482422,102.98999786376953,103.2699966430664,610300
2008-02-04 00:00:00,61.66269302368164,102.93000030517578,103.01000213623047,102.66000366210938,102.8499984741211,336200
2008-02-05 00:00:00,61.85440444946289,103.25,103.43000030517578,102.91999816894531,103.3499984741211,622800
2008-02-06 00:00:00,61.806461334228516,103.16999816894531,103.23999786376953,102.91999816894531,103.23999786376953,698600
2008-02-07 00:00:00,61.261314392089844,102.26000213623047,103.1500015258789,102.05000305175781,103.12999725341797,622300
2008-02-08 00:00:00,61.554832458496094,102.75,102.9000015258789,102.4800033569336,102.63999938964844,543400
2008-02-11 00:00:00,61.686649322509766,102.97000122070312,103.16999816894531,102.7699966430664,102.87999725341797,746300
2008-02-12 00:00:00,61.66269302368164,102.93000030517578,102.97000122070312,102.45999908447266,102.68000030517578,653400
2008-02-13 00:00:00,61.2972297668457,102.31999969482422,102.83000183105469,102.31999969482422,102.6500015258789,510400
2008-02-14 00:00:00,61.105552673339844,102.0,102.33000183105469,101.73999786376953,102.13999938964844,578800
2008-02-15 00:00:00,61.075565338134766,101.94999694824219,102.12999725341797,101.87999725341797,102.12999725341797,455300
2008-02-19 00:00:00,60.781982421875,101.45999908447266,101.9800033569336,101.30999755859375,101.86000061035156,597200
2008-02-20 00:00:00,60.68619155883789,101.30000305175781,101.5999984741211,101.08999633789062,101.22000122070312,405300
2008-02-21 00:00:00,61.18342208862305,102.12999725341797,102.19000244140625,101.51000213623047,101.76000213623047,486400
2008-02-22 00:00:00,60.859928131103516,101.58999633789062,102.25,101.55000305175781,101.86000061035156,987700
2008-02-25 00:00:00,60.64423751831055,101.2300033569336,101.73999786376953,101.08999633789062,101.68000030517578,557900
2008-02-26 00:00:00,60.93781280517578,101.72000122070312,101.72000122070312,101.30000305175781,101.41000366210938,638400
2008-02-27 00:00:00,61.063568115234375,101.93000030517578,101.97000122070312,101.66000366210938,101.91999816894531,633000
2008-02-28 00:00:00,61.429054260253906,102.54000091552734,102.62999725341797,102.18000030517578,102.3499984741211,434500
2008-02-29 00:00:00,61.66269302368164,102.93000030517578,103.30000305175781,102.48999786376953,102.9000015258789,922900
2008-03-03 00:00:00,61.6524658203125,102.52999877929688,102.79000091552734,102.3499984741211,102.38999938964844,388300
2008-03-04 00:00:00,61.387847900390625,102.08999633789062,102.56999969482422,101.77999877929688,102.41000366210938,385300
2008-03-05 00:00:00,60.99700164794922,101.44000244140625,102.12000274658203,101.37000274658203,102.08999633789062,432100
2008-03-06 00:00:00,60.90682601928711,101.29000091552734,101.70999908447266,101.2699966430664,101.55999755859375,1161200
2008-03-07 00:00:00,61.09323501586914,101.5999984741211,101.93000030517578,101.22000122070312,101.87999725341797,1087600
2008-03-10 00:00:00,61.41791915893555,102.13999938964844,102.19999694824219,101.73999786376953,101.88999938964844,444500
2008-03-11 00:00:00,61.04512023925781,101.5199966430664,101.70999908447266,101.2699966430664,101.54000091552734,564200
2008-03-12 00:00:00,61.670475006103516,102.55999755859375,102.62000274658203,101.62000274658203,101.88999938964844,429500
2008-03-13 00:00:00,61.40591812133789,102.12000274658203,102.5199966430664,101.72000122070312,102.3499984741211,417500
2008-03-14 00:00:00,61.66447830200195,102.55000305175781,102.83999633789062,102.1500015258789,102.45999908447266,490900
2008-03-17 00:00:00,61.92906951904297,102.98999786376953,103.26000213623047,102.13999938964844,102.41999816894531,722200
2008-03-18 00:00:00,61.78474044799805,102.75,103.31999969482422,102.55000305175781,103.02999877929688,398200
2008-03-19 00:00:00,61.97108840942383,103.05999755859375,103.37000274658203,102.7300033569336,102.7699966430664,403300
2008-03-20 00:00:00,62.187625885009766,103.41999816894531,103.47000122070312,102.87000274658203,103.30000305175781,315600
2008-03-24 00:00:00,61.73066329956055,102.66000366210938,102.87999725341797,102.3499984741211,102.87999725341797,423000
2008-03-25 00:00:00,61.84492492675781,102.8499984741211,102.97000122070312,102.55999755859375,102.75,490500
2008-03-26 00:00:00,61.66447830200195,102.55000305175781,103.1500015258789,102.5199966430664,102.8499984741211,341300
2008-03-27 00:00:00,61.68848419189453,102.58999633789062,102.7699966430664,102.30000305175781,102.5,371300
2008-03-28 00:00:00,61.838863372802734,102.83999633789062,102.86000061035156,102.5199966430664,102.62000274658203,466000
2008-03-31 00:00:00,61.74266815185547,102.68000030517578,103.1500015258789,102.68000030517578,102.94000244140625,555900
2008-04-01 00:00:00,61.32307434082031,101.56999969482422,102.29000091552734,101.55000305175781,102.13999938964844,1209100
2008-04-02 00:00:00,61.35323715209961,101.62000274658203,101.97000122070312,101.41999816894531,101.77999877929688,499400
2008-04-03 00:00:00,61.546390533447266,101.94000244140625,102.08000183105469,101.5999984741211,101.88999938964844,480900
2008-04-04 00:00:00,61.86038589477539,102.45999908447266,102.7300033569336,102.27999877929688,102.44999694824219,431000
2008-04-07 00:00:00,61.854366302490234,102.44999694824219,102.4800033569336,102.04000091552734,102.25,417000
2008-04-08 00:00:00,61.848304748535156,102.44000244140625,102.83000183105469,102.38999938964844,102.51000213623047,408800
2008-04-09 00:00:00,62.119930267333984,102.88999938964844,103.0,102.45999908447266,102.61000061035156,492700
2008-04-10 00:00:00,61.9267463684082,102.56999969482422,102.88999938964844,102.27999877929688,102.68000030517578,456500
2008-04-11 00:00:00,62.059593200683594,102.79000091552734,102.93000030517578,102.55999755859375,102.77999877929688,263600
2008-04-14 00:00:00,61.987159729003906,102.66999816894531,102.83999633789062,102.47000122070312,102.55000305175781,683200
2008-04-15 00:00:00,61.65510177612305,102.12000274658203,102.4800033569336,102.06999969482422,102.2699966430664,635600
2008-04-16 00:00:00,61.43174743652344,101.75,102.25,101.56999969482422,102.02999877929688,386500
2008-04-17 00:00:00,61.41963195800781,101.7300033569336,101.79000091552734,101.3499984741211,101.7699966430664,487200
2008-04-18 00:00:00,61.58265686035156,102.0,102.0199966430664,101.18000030517578,101.4000015258789,620000
2008-04-21 00:00:00,61.58866500854492,102.01000213623047,102.05999755859375,101.72000122070312,101.94999694824219,438600
2008-04-22 00:00:00,61.679229736328125,102.16000366210938,102.27999877929688,101.80000305175781,102.0,569100
2008-04-23 00:00:00,61.61886215209961,102.05999755859375,102.08999633789062,101.80999755859375,102.02999877929688,496300
2008-04-24 00:00:00,61.38948059082031,101.68000030517578,101.80000305175781,101.41000366210938,101.6500015258789,364000
2008-04-25 00:00:00,61.32904815673828,101.58000183105469,101.66999816894531,101.33999633789062,101.5199966430664,507900
2008-04-28 00:00:00,61.48001480102539,101.83000183105469,101.86000061035156,101.43000030517578,101.54000091552734,513500
2008-04-29 00:00:00,61.57058334350586,101.9800033569336,102.12999725341797,101.7300033569336,102.0199966430664,697500
2008-04-30 00:00:00,61.94495391845703,102.5999984741211,102.5999984741211,101.4800033569336,101.97000122070312,813300
2008-05-01 00:00:00,61.83946990966797,102.0999984741211,102.37000274658203,101.91999816894531,102.36000061035156,503200
2008-05-02 00:00:00,61.73654556274414,101.93000030517578,102.08999633789062,101.52999877929688,101.5999984741211,462100
2008-05-05 00:00:00,61.760765075683594,101.97000122070312,102.05999755859375,101.69999694824219,102.01000213623047,541600
2008-05-06 00:00:00,61.560882568359375,101.63999938964844,102.13999938964844,101.55000305175781,102.13999938964844,930100
2008-05-07 00:00:00,61.73654556274414,101.93000030517578,101.94000244140625,101.41000366210938,101.56999969482422,299200
2008-05-08 00:00:00,61.89404296875,102.19000244140625,102.87999725341797,101.81999969482422,102.0,731300
2008-05-09 00:00:00,61.918277740478516,102.2300033569336,102.5999984741211,102.08000183105469,102.44000244140625,433600
2008-05-12 00:00:00,61.809207916259766,102.05000305175781,102.38999938964844,102.0,102.16999816894531,579400
2008-05-13 00:00:00,61.45793914794922,101.47000122070312,101.9000015258789,101.41000366210938,101.80999755859375,482700
2008-05-14 00:00:00,61.548763275146484,101.62000274658203,101.83000183105469,101.31999969482422,101.81999969482422,292000
2008-05-15 00:00:00,61.875885009765625,102.16000366210938,102.16000366210938,101.58000183105469,101.69999694824219,350600
2008-05-16 00:00:00,61.724449157714844,101.91000366210938,102.30999755859375,101.77999877929688,101.87000274658203,387200
2008-05-19 00:00:00,61.827362060546875,102.08000183105469,102.19000244140625,101.80000305175781,102.1500015258789,630400
2008-05-20 00:00:00,61.96067810058594,102.30000305175781,102.33000183105469,102.0999984741211,102.30000305175781,670700
2008-05-21 00:00:00,61.875885009765625,102.16000366210938,102.2699966430664,101.97000122070312,102.16000366210938,540800
2008-05-22 00:00:00,61.50636672973633,101.55000305175781,101.91000366210938,101.30000305175781,101.91000366210938,509300
2008-05-23 00:00:00,61.74258041381836,101.94000244140625,101.94999694824219,101.5999984741211,101.73999786376953,584000
2008-05-27 00:00:00,61.3973503112793,101.37000274658203,101.69000244140625,101.3499984741211,101.5,865300
2008-05-28 00:00:00,61.112701416015625,100.9000015258789,101.38999938964844,100.73999786376953,101.2699966430664,371500
2008-05-29 00:00:00,60.943153381347656,100.62000274658203,100.87000274658203,100.44000244140625,100.87000274658203,621300
2008-05-30 00:00:00,61.16116714477539,100.9800033569336,101.2699966430664,100.8499984741211,100.95999908447266,1132500
2008-06-02 00:00:00,61.388587951660156,100.95999908447266,101.2300033569336,100.55999755859375,100.76000213623047,601800
2008-06-03 00:00:00,61.50410461425781,101.1500015258789,101.18000030517578,100.51000213623047,100.68000030517578,476200
2008-06-04 00:00:00,61.285213470458984,100.79000091552734,101.30000305175781,100.62999725341797,101.29000091552734,390900
2008-06-05 00:00:00,61.060184478759766,100.41999816894531,100.69999694824219,100.33999633789062,100.5199966430664,378000
2008-06-06 00:00:00,61.400733947753906,100.9800033569336,101.05999755859375,100.69999694824219,100.91000366210938,434800
2008-06-09 00:00:00,61.0905876159668,100.47000122070312,100.73999786376953,100.36000061035156,100.5,555500
2008-06-10 00:00:00,60.768409729003906,99.94000244140625,100.37999725341797,99.8499984741211,100.25,557200
2008-06-11 00:00:00,60.847373962402344,100.06999969482422,100.43000030517578,99.91000366210938,100.18000030517578,508600
2008-06-12 00:00:00,60.470394134521484,99.44999694824219,99.91000366210938,99.41000366210938,99.88999938964844,513700
2008-06-13 00:00:00,60.318389892578125,99.19999694824219,99.87000274658203,99.19000244140625,99.56999969482422,799000
2008-06-16 00:00:00,60.38528823852539,99.30999755859375,99.5999984741211,99.19000244140625,99.56999969482422,460400
2008-06-17 00:00:00,60.59202194213867,99.6500015258789,99.72000122070312,99.45999908447266,99.69999694824219,407200
2008-06-18 00:00:00,60.847373962402344,100.06999969482422,100.08999633789062,99.7300033569336,99.86000061035156,345900
2008-06-19 00:00:00,60.53730773925781,99.55999755859375,99.98999786376953,99.55999755859375,99.91000366210938,435900
2008-06-20 00:00:00,60.71968460083008,99.86000061035156,100.12999725341797,99.76000213623047,100.11000061035156,419000
2008-06-23 00:00:00,60.64067459106445,99.7300033569336,99.9800033569336,99.5999984741211,99.93000030517578,515600
2008-06-24 00:00:00,60.76235580444336,99.93000030517578,100.06999969482422,99.69999694824219,99.93000030517578,514300
2008-06-25 00:00:00,60.79269790649414,99.9800033569336,100.05000305175781,99.38999938964844,100.04000091552734,487100
2008-06-26 00:00:00,60.87176513671875,100.11000061035156,100.37000274658203,99.98999786376953,100.25,540200
2008-06-27 00:00:00,61.017642974853516,100.3499984741211,100.54000091552734,99.98999786376953,99.98999786376953,466000
2008-06-30 00:00:00,61.04802703857422,100.4000015258789,100.76000213623047,100.36000061035156,100.66000366210938,639600
2008-07-01 00:00:00,60.836891174316406,99.66999816894531,100.62000274658203,99.66999816894531,100.62000274658203,854500
2008-07-02 00:00:00,60.763633728027344,99.55000305175781,100.04000091552734,99.55000305175781,100.01000213623047,812400
2008-07-03 00:00:00,60.78193664550781,99.58000183105469,99.97000122070312,99.55999755859375,99.87000274658203,281300
2008-07-07 00:00:00,60.99562454223633,99.93000030517578,100.08999633789062,99.33999633789062,99.58999633789062,603100
2008-07-08 00:00:00,61.233646392822266,100.31999969482422,100.4000015258789,99.83000183105469,100.0,327300
2008-07-09 00:00:00,61.471683502197266,100.70999908447266,100.80000305175781,100.2699966430664,100.5,392000
2008-07-10 00:00:00,61.52663040161133,100.80000305175781,100.87999725341797,100.44999694824219,100.7699966430664,577200
2008-07-11 00:00:00,61.17866516113281,100.2300033569336,101.05999755859375,100.13999938964844,101.05999755859375,478200
2008-07-14 00:00:00,61.27025604248047,100.37999725341797,100.83999633789062,100.22000122070312,100.22000122070312,366000
2008-07-15 00:00:00,61.50830078125,100.7699966430664,100.9800033569336,100.61000061035156,100.63999938964844,433400
2008-07-16 00:00:00,61.038272857666016,100.0,100.5199966430664,100.0,100.51000213623047,487400
2008-07-17 00:00:00,60.769683837890625,99.55999755859375,100.0999984741211,99.38999938964844,100.0,503300
2008-07-18 00:00:00,60.41574478149414,98.9800033569336,99.68000030517578,98.9800033569336,99.33999633789062,438400
2008-07-21 00:00:00,60.733089447021484,99.5,99.5,99.12000274658203,99.33000183105469,317500
2008-07-22 00:00:00,60.525630950927734,99.16000366210938,99.44000244140625,99.0199966430664,99.41999816894531,302900
2008-07-23 00:00:00,60.59881591796875,99.27999877929688,99.30000305175781,99.02999877929688,99.19999694824219,405700
2008-07-24 00:00:00,61.0200080871582,99.97000122070312,100.01000213623047,99.3499984741211,99.41000366210938,320200
2008-07-25 00:00:00,60.7087287902832,99.45999908447266,99.81999969482422,99.30999755859375,99.80000305175781,394300
2008-07-28 00:00:00,60.98332977294922,99.91000366210938,100.01000213623047,99.70999908447266,99.94999694824219,458500
2008-07-29 00:00:00,60.910125732421875,99.79000091552734,99.88999938964844,99.54000091552734,99.80000305175781,279200
2008-07-30 00:00:00,60.97722244262695,99.9000015258789,99.9800033569336,99.4800033569336,99.87000274658203,403800
2008-07-31 00:00:00,61.28852844238281,100.41000366210938,100.6500015258789,100.11000061035156,100.37000274658203,559600
2008-08-01 00:00:00,61.21623992919922,99.88999938964844,100.19000244140625,99.6500015258789,100.19000244140625,331500
2008-08-04 00:00:00,61.038516998291016,99.5999984741211,100.0199966430664,99.56999969482422,99.80999755859375,391600
2008-08-05 00:00:00,60.9343147277832,99.43000030517578,99.80000305175781,99.41000366210938,99.80000305175781,489500
2008-08-06 00:00:00,60.866912841796875,99.31999969482422,99.44999694824219,98.9800033569336,99.44999694824219,463000
2008-08-07 00:00:00,61.18556594848633,99.83999633789062,99.9000015258789,99.30999755859375,99.44999694824219,391300
2008-08-08 00:00:00,61.0936279296875,99.69000244140625,99.91999816894531,99.62000274658203,99.80000305175781,359600
2008-08-11 00:00:00,60.9404411315918,99.44000244140625,99.81999969482422,99.3499984741211,99.51000213623047,460700
2008-08-12 00:00:00,61.197784423828125,99.86000061035156,99.87999725341797,99.63999938964844,99.69000244140625,392600
2008-08-13 00:00:00,61.0936279296875,99.69000244140625,99.9800033569336,99.5199966430664,99.86000061035156,301000
2008-08-14 00:00:00,61.240779876708984,99.93000030517578,100.0,99.69000244140625,99.87999725341797,417900
2008-08-15 00:00:00,61.41849899291992,100.22000122070312,100.23999786376953,100.0,100.2300033569336,333200
2008-08-18 00:00:00,61.52269744873047,100.38999938964844,100.41999816894531,100.12999725341797,100.25,526500
2008-08-19 00:00:00,61.47364807128906,100.30999755859375,100.37999725341797,100.0999984741211,100.37999725341797,284400
2008-08-20 00:00:00,61.57168197631836,100.47000122070312,100.72000122070312,100.2699966430664,100.45999908447266,277400
2008-08-21 00:00:00,61.58390808105469,100.48999786376953,100.56999969482422,100.2300033569336,100.44999694824219,361800
2008-08-22 00:00:00,61.51655197143555,100.37999725341797,100.41000366210938,100.11000061035156,100.19000244140625,497800
2008-08-25 00:00:00,61.70649719238281,100.69000244140625,100.76000213623047,100.52999877929688,100.76000213623047,267900
2008-08-26 00:00:00,61.632957458496094,100.56999969482422,100.7300033569336,100.44000244140625,100.5199966430664,634400
2008-08-27 00:00:00,61.70649719238281,100.69000244140625,100.87999725341797,100.38999938964844,100.58000183105469,334400
2008-08-28 00:00:00,61.761661529541016,100.77999877929688,100.97000122070312,100.62999725341797,100.80999755859375,372600
2008-08-29 00:00:00,61.743263244628906,100.75,101.26000213623047,100.41999816894531,101.26000213623047,701500
2008-09-02 00:00:00,61.94877243041992,100.69000244140625,100.72000122070312,100.04000091552734,100.30999755859375,1275500
2008-09-03 00:00:00,61.936458587646484,100.66999816894531,100.87000274658203,100.5,100.69999694824219,419800
2008-09-04 00:00:00,62.16411590576172,101.04000091552734,101.19000244140625,100.81999969482422,100.98999786376953,338800
2008-09-05 00:00:00,61.97952651977539,100.73999786376953,101.37999725341797,100.73999786376953,101.23999786376953,667100
2008-09-08 00:00:00,62.36710739135742,101.37000274658203,101.51000213623047,100.83999633789062,100.95999908447266,873300
2008-09-09 00:00:00,62.64394760131836,101.81999969482422,101.87999725341797,101.30999755859375,101.47000122070312,540400
2008-09-10 00:00:00,62.6009521484375,101.75,101.81999969482422,101.4000015258789,101.4000015258789,515400
2008-09-11 00:00:00,62.52094268798828,101.62000274658203,101.9000015258789,101.5,101.9000015258789,371800
2008-09-12 00:00:00,62.26873016357422,101.20999908447266,101.72000122070312,101.0,101.69999694824219,514800
2008-09-15 00:00:00,62.51475524902344,101.61000061035156,101.8499984741211,101.25,101.3499984741211,386900
2008-09-16 00:00:00,61.881099700927734,100.58000183105469,102.08000183105469,100.58000183105469,102.0199966430664,676000
2008-09-17 00:00:00,62.034908294677734,100.83000183105469,101.2699966430664,100.5999984741211,100.7699966430664,707900
2008-09-18 00:00:00,61.86267852783203,100.55000305175781,101.19000244140625,100.25,100.5,1016900
2008-09-19 00:00:00,62.139495849609375,101.0,101.48999786376953,99.7699966430664,100.0,1985000
2008-09-22 00:00:00,61.16745376586914,99.41999816894531,100.72000122070312,99.0,99.87999725341797,1719500
2008-09-23 00:00:00,61.07511901855469,99.2699966430664,99.5999984741211,99.0,99.31999969482422,435500
2008-09-24 00:00:00,61.14897537231445,99.38999938964844,99.44999694824219,98.75,99.0,2371500
2008-09-25 00:00:00,61.038204193115234,99.20999908447266,99.5,98.5999984741211,99.5,633200
2008-09-26 00:00:00,60.73057556152344,98.70999908447266,99.30000305175781,98.1500015258789,98.66000366210938,473200
2008-09-29 00:00:00,60.453704833984375,98.26000213623047,99.22000122070312,97.0,98.55000305175781,751500
2008-09-30 00:00:00,60.656795501708984,98.58999633789062,99.29000091552734,97.02999877929688,98.25,655400
2008-10-01 00:00:00,60.2243537902832,97.5,98.77999877929688,94.5,97.9000015258789,800000
2008-10-02 00:00:00,60.459144592285156,97.87999725341797,98.41999816894531,96.91999816894531,97.44999694824219,400400
2008-10-03 00:00:00,60.91618728637695,98.62000274658203,98.62000274658203,96.86000061035156,98.22000122070312,501200
2008-10-06 00:00:00,60.93472671508789,98.6500015258789,99.44999694824219,95.55000305175781,98.62000274658203,798300
2008-10-07 00:00:00,59.67463302612305,96.61000061035156,98.5999984741211,96.5199966430664,98.41000366210938,818000
2008-10-08 00:00:00,58.47633743286133,94.66999816894531,96.95999908447266,93.05000305175781,96.16999816894531,835000
2008-10-09 00:00:00,58.61221694946289,94.88999938964844,95.37000274658203,92.9000015258789,94.5199966430664,946600
2008-10-10 00:00:00,54.60342788696289,88.4000015258789,91.98999786376953,86.80000305175781,91.30000305175781,1559700
2008-10-13 00:00:00,56.715919494628906,91.81999969482422,93.55999755859375,90.0,90.38999938964844,911000
2008-10-14 00:00:00,57.90800094604492,93.75,95.25,92.5999984741211,92.62999725341797,773100
2008-10-15 00:00:00,58.8345832824707,95.25,95.80000305175781,92.79000091552734,94.41999816894531,678200
2008-10-16 00:00:00,57.90800094604492,93.75,95.79000091552734,93.48999786376953,95.25,482900
2008-10-17 00:00:00,58.11806106567383,94.08999633789062,95.95999908447266,92.51000213623047,93.37999725341797,588500
2008-10-20 00:00:00,59.155818939208984,95.7699966430664,96.16000366210938,94.41000366210938,94.88999938964844,537600
2008-10-21 00:00:00,59.67463302612305,96.61000061035156,97.22000122070312,94.5999984741211,96.41000366210938,571000
2008-10-22 00:00:00,60.36646270751953,97.7300033569336,98.0,96.75,97.2699966430664,666800
2008-10-23 00:00:00,59.304039001464844,96.01000213623047,97.97000122070312,95.51000213623047,97.97000122070312,855400
2008-10-24 00:00:00,58.8036994934082,95.19999694824219,96.3499984741211,94.88999938964844,96.1500015258789,400100
2008-10-27 00:00:00,58.2169189453125,94.25,95.8499984741211,93.69999694824219,94.69999694824219,675400
2008-10-28 00:00:00,58.42072296142578,94.58000183105469,95.23999786376953,93.75,94.69999694824219,602700
2008-10-29 00:00:00,59.53254318237305,96.37999725341797,96.5,94.68000030517578,95.20999908447266,597800
2008-10-30 00:00:00,59.458457946777344,96.26000213623047,96.3499984741211,95.37000274658203,96.3499984741211,386400
2008-10-31 00:00:00,59.27311325073242,95.95999908447266,96.30000305175781,95.11000061035156,95.54000091552734,732700
2008-11-03 00:00:00,58.33035659790039,94.04000091552734,95.98999786376953,93.51000213623047,95.98999786376953,613700
2008-11-04 00:00:00,59.26693344116211,95.55000305175781,95.77999877929688,94.52999877929688,95.16000366210938,531100
2008-11-05 00:00:00,60.166324615478516,97.0,97.0,96.19000244140625,96.83000183105469,612600
2008-11-06 00:00:00,59.918235778808594,96.5999984741211,97.48999786376953,96.30999755859375,97.48999786376953,516000
2008-11-07 00:00:00,60.22218322753906,97.08999633789062,97.13999938964844,95.2300033569336,96.87000274658203,878500
2008-11-10 00:00:00,59.83763122558594,96.47000122070312,97.41000366210938,95.91000366210938,97.29000091552734,424400
2008-11-11 00:00:00,60.29039001464844,97.19999694824219,97.37999725341797,95.94999694824219,95.94999694824219,402500
2008-11-12 00:00:00,59.76935577392578,96.36000061035156,97.61000061035156,96.02999877929688,97.58000183105469,823300
2008-11-13 00:00:00,59.97406005859375,96.69000244140625,97.16000366210938,96.16000366210938,96.68000030517578,523800
2008-11-14 00:00:00,60.15392303466797,96.9800033569336,97.0,96.31999969482422,97.0,546100
2008-11-17 00:00:00,60.315185546875,97.23999786376953,97.23999786376953,96.62000274658203,96.91000366210938,407500
2008-11-18 00:00:00,60.22835922241211,97.0999984741211,97.4000015258789,96.95999908447266,97.06999969482422,415000
2008-11-19 00:00:00,60.402034759521484,97.37999725341797,97.88999938964844,97.30000305175781,97.45999908447266,546500
2008-11-20 00:00:00,60.41445541381836,97.4000015258789,97.94000244140625,97.16000366210938,97.9000015258789,826200
2008-11-21 00:00:00,59.93065643310547,96.62000274658203,97.86000061035156,96.41999816894531,97.4000015258789,1015200
2008-11-24 00:00:00,59.924434661865234,96.61000061035156,97.76000213623047,96.04000091552734,97.11000061035156,1524000
2008-11-25 00:00:00,61.41925811767578,99.0199966430664,99.12000274658203,97.66999816894531,97.73999786376953,1049800
2008-11-26 00:00:00,61.18357849121094,98.63999938964844,99.7699966430664,98.29000091552734,99.19999694824219,859500
2008-11-28 00:00:00,61.0656852722168,98.44999694824219,99.26000213623047,98.0999984741211,98.93000030517578,294800
2008-12-01 00:00:00,61.927066802978516,99.43000030517578,99.4800033569336,98.43000030517578,98.9800033569336,604100
2008-12-02 00:00:00,61.989349365234375,99.52999877929688,99.68000030517578,98.86000061035156,99.01000213623047,641600
2008-12-03 00:00:00,61.995601654052734,99.54000091552734,99.5999984741211,98.9000015258789,99.5999984741211,583300
2008-12-04 00:00:00,62.201072692871094,99.87000274658203,99.87000274658203,99.0199966430664,99.62000274658203,713900
2008-12-05 00:00:00,61.858558654785156,99.31999969482422,99.97000122070312,97.87999725341797,99.51000213623047,616400
2008-12-08 00:00:00,61.77760696411133,99.19000244140625,99.81999969482422,99.0,99.81999969482422,653600
2008-12-09 00:00:00,62.356849670410156,100.12000274658203,100.12000274658203,99.20999908447266,99.75,762100
2008-12-10 00:00:00,62.24472427368164,99.94000244140625,100.1500015258789,99.62000274658203,99.6500015258789,810100
2008-12-11 00:00:00,62.568599700927734,100.45999908447266,100.45999908447266,99.73999786376953,100.19999694824219,682100
2008-12-12 00:00:00,62.58726119995117,100.48999786376953,100.6500015258789,99.69999694824219,100.5999984741211,679800
2008-12-15 00:00:00,62.736732482910156,100.7300033569336,100.7300033569336,100.18000030517578,100.43000030517578,501000
2008-12-16 00:00:00,62.98588943481445,101.12999725341797,101.12999725341797,100.30000305175781,101.12999725341797,670800
2008-12-17 00:00:00,63.322208404541016,101.66999816894531,102.08999633789062,101.01000213623047,101.76000213623047,934200
2008-12-18 00:00:00,63.720855712890625,102.30999755859375,102.45999908447266,101.12000274658203,101.91000366210938,931100
2008-12-19 00:00:00,63.51530838012695,101.9800033569336,102.30999755859375,101.5,101.93000030517578,829700
2008-12-22 00:00:00,63.857852935791016,102.52999877929688,102.54000091552734,101.9800033569336,102.30000305175781,1490200
2008-12-23 00:00:00,64.4806900024414,103.52999877929688,103.54000091552734,102.13999938964844,102.29000091552734,774200
2008-12-24 00:00:00,64.78584289550781,104.0199966430664,104.19000244140625,103.16999816894531,103.27999877929688,491500
2008-12-26 00:00:00,64.56781005859375,103.66999816894531,104.22000122070312,103.4800033569336,104.0999984741211,467300
2008-12-29 00:00:00,65.06542205810547,104.08999633789062,104.19000244140625,103.02999877929688,103.02999877929688,614000
2008-12-30 00:00:00,65.09041595458984,104.12999725341797,104.3499984741211,103.55000305175781,103.66000366210938,570300
2008-12-31 00:00:00,65.13420104980469,104.19999694824219,104.33000183105469,103.54000091552734,104.23999786376953,611900
2009-01-02 00:00:00,64.72786712646484,103.55000305175781,104.38999938964844,103.5,103.75,484600
2009-01-05 00:00:00,65.75926208496094,105.19999694824219,105.31999969482422,103.0999984741211,103.5,3306400
2009-01-06 00:00:00,65.3905029296875,104.61000061035156,104.87000274658203,103.41000366210938,104.73999786376953,670200
2009-01-07 00:00:00,64.7904052734375,103.6500015258789,104.27999877929688,103.26000213623047,104.20999908447266,1222800
2009-01-08 00:00:00,64.29659271240234,102.86000061035156,104.05999755859375,102.5999984741211,103.91000366210938,1616300
2009-01-09 00:00:00,64.07779693603516,102.51000213623047,103.30999755859375,102.33999633789062,102.70999908447266,1137600
2009-01-12 00:00:00,64.41529846191406,103.05000305175781,103.27999877929688,102.37000274658203,102.5,774400
2009-01-13 00:00:00,64.5215835571289,103.22000122070312,103.30999755859375,102.79000091552734,103.30000305175781,585600
2009-01-14 00:00:00,64.43409729003906,103.08000183105469,103.44999694824219,102.61000061035156,103.44999694824219,951900
2009-01-15 00:00:00,64.42778778076172,103.06999969482422,103.5199966430664,102.6500015258789,102.8499984741211,1047400
2009-01-16 00:00:00,64.75911712646484,103.5999984741211,103.86000061035156,102.80999755859375,102.97000122070312,608700
2009-01-20 00:00:00,64.42156219482422,103.05999755859375,103.19000244140625,102.63999938964844,102.70999908447266,663100
2009-01-21 00:00:00,64.0840072631836,102.5199966430664,103.2300033569336,102.51000213623047,103.2300033569336,621200
2009-01-22 00:00:00,63.80899429321289,102.08000183105469,102.69000244140625,101.80000305175781,102.69000244140625,446800
2009-01-23 00:00:00,63.70903396606445,101.91999816894531,102.38999938964844,101.63999938964844,102.0199966430664,578000
2009-01-26 00:00:00,63.64646530151367,101.81999969482422,102.06999969482422,100.87999725341797,101.7300033569336,550800
2009-01-27 00:00:00,63.97159194946289,102.33999633789062,102.5,101.44999694824219,101.62999725341797,541200
2009-01-28 00:00:00,64.0090560913086,102.4000015258789,102.7699966430664,102.12999725341797,102.73999786376953,478400
2009-01-29 00:00:00,63.44020080566406,101.48999786376953,102.54000091552734,101.4000015258789,102.2699966430664,869600
2009-01-30 00:00:00,63.840240478515625,102.12999725341797,102.33000183105469,101.62999725341797,101.6500015258789,608300
2009-02-02 00:00:00,63.73108673095703,101.58999633789062,102.16000366210938,101.56999969482422,101.72000122070312,592000
2009-02-03 00:00:00,63.448787689208984,101.13999938964844,102.0,101.13999938964844,101.76000213623047,575200
2009-02-04 00:00:00,63.36093521118164,101.0,101.45999908447266,100.87000274658203,101.30000305175781,673400
2009-02-05 00:00:00,63.16022872924805,100.68000030517578,101.47000122070312,100.61000061035156,101.2699966430664,702200
2009-02-06 00:00:00,63.32957077026367,100.94999694824219,101.18000030517578,99.97000122070312,100.91999816894531,1936800
2009-02-09 00:00:00,63.335819244384766,100.95999908447266,101.23999786376953,100.7300033569336,101.1500015258789,588300
2009-02-10 00:00:00,63.7248420715332,101.58000183105469,101.80000305175781,100.8499984741211,101.1500015258789,524800
2009-02-11 00:00:00,63.71229934692383,101.55999755859375,102.1500015258789,101.4000015258789,101.4800033569336,518800
2009-02-12 00:00:00,64.051025390625,102.0999984741211,102.19999694824219,101.6500015258789,101.9000015258789,366900
2009-02-13 00:00:00,63.85654067993164,101.79000091552734,102.02999877929688,101.38999938964844,101.38999938964844,851900
2009-02-17 00:00:00,63.90674591064453,101.87000274658203,102.26000213623047,101.63999938964844,102.1500015258789,436100
2009-02-18 00:00:00,63.774993896484375,101.66000366210938,102.0999984741211,101.58999633789062,101.88999938964844,495800
2009-02-19 00:00:00,63.67463302612305,101.5,101.69999694824219,101.26000213623047,101.5999984741211,532400
2009-02-20 00:00:00,63.34846115112305,100.9800033569336,101.91000366210938,100.7699966430664,101.68000030517578,656300
2009-02-23 00:00:00,63.67463302612305,101.5,101.6500015258789,100.9000015258789,101.6500015258789,621500
2009-02-24 00:00:00,63.5491828918457,101.30000305175781,101.8499984741211,101.11000061035156,101.33999633789062,605600
2009-02-25 00:00:00,63.49271774291992,101.20999908447266,101.41999816894531,101.04000091552734,101.25,485800
2009-02-26 00:00:00,63.16022872924805,100.68000030517578,101.0999984741211,100.61000061035156,100.7699966430664,509300
2009-02-27 00:00:00,63.16648483276367,100.69000244140625,100.94999694824219,100.5,100.62000274658203,463800
2009-03-02 00:00:00,63.37856674194336,100.69999694824219,100.81999969482422,100.30000305175781,100.69999694824219,627400
2009-03-03 00:00:00,63.29672622680664,100.56999969482422,100.68000030517578,100.08999633789062,100.55000305175781,970700
2009-03-04 00:00:00,63.00102615356445,100.0999984741211,100.37999725341797,99.7699966430664,100.37999725341797,548900
2009-03-05 00:00:00,63.208656311035156,100.43000030517578,100.66999816894531,100.05000305175781,100.29000091552734,685000
2009-03-06 00:00:00,63.37856674194336,100.69999694824219,100.70999908447266,100.1500015258789,100.55999755859375,701200
2009-03-09 00:00:00,62.94430923461914,100.01000213623047,100.70999908447266,100.01000213623047,100.70999908447266,645300
2009-03-10 00:00:00,63.089073181152344,100.23999786376953,100.25,99.81999969482422,99.9000015258789,507500
2009-03-11 00:00:00,63.24010467529297,100.4800033569336,100.56999969482422,99.8499984741211,100.33000183105469,607500
2009-03-12 00:00:00,63.29672622680664,100.56999969482422,100.7300033569336,100.25,100.43000030517578,603500
2009-03-13 00:00:00,63.35971450805664,100.66999816894531,100.73999786376953,100.3499984741211,100.4000015258789,561400
2009-03-16 00:00:00,63.16457748413086,100.36000061035156,100.47000122070312,100.16999816894531,100.23999786376953,644000
2009-03-17 00:00:00,62.975791931152344,100.05999755859375,100.5999984741211,100.02999877929688,100.5199966430664,644200
2009-03-18 00:00:00,63.97647476196289,101.6500015258789,101.87999725341797,100.12000274658203,100.19999694824219,493700
2009-03-19 00:00:00,64.13384246826172,101.9000015258789,102.88999938964844,101.41000366210938,101.73999786376953,738500
2009-03-20 00:00:00,63.775054931640625,101.33000183105469,102.02999877929688,101.26000213623047,101.88999938964844,513100
2009-03-23 00:00:00,63.775054931640625,101.33000183105469,101.48999786376953,101.16999816894531,101.44000244140625,518100
2009-03-24 00:00:00,63.34083938598633,100.63999938964844,101.18000030517578,100.63999938964844,100.83000183105469,934100
2009-03-25 00:00:00,63.063838958740234,100.19999694824219,101.0,100.08999633789062,100.66000366210938,1241000
2009-03-26 00:00:00,63.18978500366211,100.4000015258789,100.47000122070312,100.05000305175781,100.37999725341797,1187900
2009-03-27 00:00:00,63.24010467529297,100.4800033569336,100.88999938964844,100.13999938964844,100.62000274658203,1303900
2009-03-30 00:00:00,63.53589630126953,100.94999694824219,101.08999633789062,100.41000366210938,100.41000366210938,616300
2009-03-31 00:00:00,63.86320114135742,101.47000122070312,101.47000122070312,100.7300033569336,101.0,638100
2009-04-01 00:00:00,63.832305908203125,101.06999969482422,101.27999877929688,100.61000061035156,101.19000244140625,579100
2009-04-02 00:00:00,63.630165100097656,100.75,101.12000274658203,100.54000091552734,101.11000061035156,960500
2009-04-03 00:00:00,63.42169952392578,100.41999816894531,100.9000015258789,100.01000213623047,100.9000015258789,3081500
2009-04-06 00:00:00,63.40906524658203,100.4000015258789,100.68000030517578,100.0999984741211,100.66000366210938,495100
2009-04-07 00:00:00,63.30802536010742,100.23999786376953,100.47000122070312,100.01000213623047,100.41999816894531,807100
2009-04-08 00:00:00,63.51646041870117,100.56999969482422,100.72000122070312,100.30000305175781,100.43000030517578,528400
2009-04-09 00:00:00,63.42169952392578,100.41999816894531,100.70999908447266,100.20999908447266,100.27999877929688,564100
2009-04-13 00:00:00,63.88280487060547,101.1500015258789,101.1500015258789,100.33000183105469,100.81999969482422,475800
2009-04-14 00:00:00,63.870140075683594,101.12999725341797,101.13999938964844,100.62999725341797,100.69999694824219,594200
2009-04-15 00:00:00,64.04706573486328,101.41000366210938,101.41000366210938,101.0,101.20999908447266,534500
2009-04-16 00:00:00,63.93330383300781,101.2300033569336,101.31999969482422,101.0199966430664,101.26000213623047,457700
2009-04-17 00:00:00,63.579673767089844,100.66999816894531,101.11000061035156,100.66999816894531,101.05000305175781,486900
2009-04-20 00:00:00,63.94595718383789,101.25,101.25,100.77999877929688,101.11000061035156,705600
2009-04-21 00:00:00,63.74386215209961,100.93000030517578,101.41999816894531,100.86000061035156,101.41000366210938,702100
2009-04-22 00:00:00,63.914363861083984,101.19999694824219,101.26000213623047,100.8499984741211,101.0199966430664,448500
2009-04-23 00:00:00,63.99644470214844,101.33000183105469,101.36000061035156,100.95999908447266,101.19999694824219,318700
2009-04-24 00:00:00,64.06594848632812,101.44000244140625,101.44000244140625,101.0,101.37000274658203,533400
2009-04-27 00:00:00,64.16703033447266,101.5999984741211,101.83000183105469,101.25,101.58000183105469,614400
2009-04-28 00:00:00,64.1480484008789,101.56999969482422,101.91000366210938,101.41000366210938,101.91000366210938,397800
2009-04-29 00:00:00,63.88280487060547,101.1500015258789,101.69000244140625,101.0999984741211,101.69000244140625,488000
2009-04-30 00:00:00,64.19223022460938,101.63999938964844,101.63999938964844,100.95999908447266,101.33000183105469,760700
2009-05-01 00:00:00,63.94456100463867,100.91999816894531,101.16000366210938,100.75,101.08000183105469,536100
2009-05-04 00:00:00,63.99523162841797,101.0,101.41000366210938,100.77999877929688,101.30999755859375,690600
2009-05-05 00:00:00,64.12828826904297,101.20999908447266,101.58000183105469,101.01000213623047,101.31999969482422,886600
2009-05-06 00:00:00,64.27401733398438,101.44000244140625,101.69999694824219,101.29000091552734,101.37999725341797,833700
2009-05-07 00:00:00,63.98887252807617,100.98999786376953,101.66999816894531,100.80000305175781,101.5,1418800
2009-05-08 00:00:00,64.10924530029297,101.18000030517578,101.41999816894531,100.83999633789062,101.08000183105469,706000
2009-05-11 00:00:00,64.15357971191406,101.25,101.56999969482422,101.13999938964844,101.13999938964844,431900
2009-05-12 00:00:00,64.50838470458984,101.80999755859375,101.83999633789062,101.2699966430664,101.30000305175781,786700
2009-05-13 00:00:00,64.56552124023438,101.9000015258789,102.13999938964844,101.5999984741211,101.94999694824219,430700
2009-05-14 00:00:00,64.60348510742188,101.95999908447266,102.08000183105469,101.69000244140625,102.05000305175781,453900
2009-05-15 00:00:00,64.74919128417969,102.19000244140625,102.19000244140625,101.83999633789062,101.83999633789062,616200
2009-05-18 00:00:00,64.55907440185547,101.88999938964844,102.22000122070312,101.80000305175781,102.19000244140625,420900
2009-05-19 00:00:00,64.61612701416016,101.9800033569336,102.05000305175781,101.80000305175781,101.8499984741211,586100
2009-05-20 00:00:00,64.81255340576172,102.29000091552734,102.5,101.91999816894531,101.94999694824219,543600
2009-05-21 00:00:00,64.60978698730469,101.97000122070312,102.44000244140625,101.75,102.30000305175781,393400
2009-05-22 00:00:00,64.43875122070312,101.69999694824219,101.95999908447266,101.5999984741211,101.88999938964844,433400
2009-05-26 00:00:00,64.2929916381836,101.47000122070312,101.88999938964844,101.3499984741211,101.87000274658203,469300
2009-05-27 00:00:00,63.938209533691406,100.91000366210938,101.55999755859375,100.75,101.44999694824219,636200
2009-05-28 00:00:00,63.963523864746094,100.94999694824219,101.06999969482422,100.41999816894531,100.83999633789062,634200
2009-05-29 00:00:00,64.64784240722656,102.02999877929688,102.1500015258789,100.80000305175781,100.80000305175781,1142100
2009-06-01 00:00:00,63.845767974853516,100.45999908447266,101.3499984741211,100.38999938964844,101.2300033569336,1111000
2009-06-02 00:00:00,64.28431701660156,101.1500015258789,101.2300033569336,100.55999755859375,101.05999755859375,618100
2009-06-03 00:00:00,64.46231842041016,101.43000030517578,101.4800033569336,101.0,101.0,797700
2009-06-04 00:00:00,63.92842102050781,100.58999633789062,101.29000091552734,100.54000091552734,101.29000091552734,591900
2009-06-05 00:00:00,63.59794235229492,100.06999969482422,100.56999969482422,100.06999969482422,100.5,479100
2009-06-08 00:00:00,63.426368713378906,99.80000305175781,100.30000305175781,99.80000305175781,100.05000305175781,648800
2009-06-09 00:00:00,63.712337493896484,100.25,100.37000274658203,99.9800033569336,100.13999938964844,442300
2009-06-10 00:00:00,63.53440856933594,99.97000122070312,100.54000091552734,99.97000122070312,100.01000213623047,772600
2009-06-11 00:00:00,63.7568244934082,100.31999969482422,100.66999816894531,99.55999755859375,99.9000015258789,481900
2009-06-12 00:00:00,64.06822204589844,100.80999755859375,100.91000366210938,100.33000183105469,100.33000183105469,358000
2009-06-15 00:00:00,64.30976104736328,101.19000244140625,101.19000244140625,100.77999877929688,101.0999984741211,491000
2009-06-16 00:00:00,64.39871215820312,101.33000183105469,101.43000030517578,100.94999694824219,101.12999725341797,430900
2009-06-17 00:00:00,64.52578735351562,101.52999877929688,101.7699966430664,101.33999633789062,101.5,454900
2009-06-18 00:00:00,64.10637664794922,100.87000274658203,101.36000061035156,100.8499984741211,101.3499984741211,550300
2009-06-19 00:00:00,64.34148406982422,101.23999786376953,101.25,100.66000366210938,100.66000366210938,584400
2009-06-22 00:00:00,64.43684387207031,101.38999938964844,101.63999938964844,101.25,101.55999755859375,516800
2009-06-23 00:00:00,64.64659881591797,101.72000122070312,101.80000305175781,101.29000091552734,101.44000244140625,524300
2009-06-24 00:00:00,64.47496032714844,101.44999694824219,101.98999786376953,101.44999694824219,101.6500015258789,525700
2009-06-25 00:00:00,64.77362823486328,101.91999816894531,102.12000274658203,101.44000244140625,101.58000183105469,575200
2009-06-26 00:00:00,64.96429443359375,102.22000122070312,102.22000122070312,101.91999816894531,102.08999633789062,471300
2009-06-29 00:00:00,64.90709686279297,102.12999725341797,102.37000274658203,102.02999877929688,102.02999877929688,398400
2009-06-30 00:00:00,64.91983795166016,102.1500015258789,102.30000305175781,101.91999816894531,101.9800033569336,805500
2009-07-01 00:00:00,64.89559173583984,101.7699966430664,101.87000274658203,101.55999755859375,101.62000274658203,450600
2009-07-02 00:00:00,65.04866027832031,102.01000213623047,102.16000366210938,101.75,101.75,533000
2009-07-06 00:00:00,64.99765014648438,101.93000030517578,102.0999984741211,101.8499984741211,101.88999938964844,436600
2009-07-07 00:00:00,65.20807647705078,102.26000213623047,102.30000305175781,101.97000122070312,101.98999786376953,518600
2009-07-08 00:00:00,65.56514739990234,102.81999969482422,102.81999969482422,102.2300033569336,102.2300033569336,790000
2009-07-09 00:00:00,65.38026428222656,102.52999877929688,102.69000244140625,102.30999755859375,102.45999908447266,600100
2009-07-10 00:00:00,65.60340118408203,102.87999725341797,103.0,102.62999725341797,102.72000122070312,504600
2009-07-13 00:00:00,65.57151794433594,102.83000183105469,103.12000274658203,102.7699966430664,102.9000015258789,397800
2009-07-14 00:00:00,65.37385559082031,102.5199966430664,102.7699966430664,102.41000366210938,102.5999984741211,529700
2009-07-15 00:00:00,64.94662475585938,101.8499984741211,102.38999938964844,101.8499984741211,102.20999908447266,849600
2009-07-16 00:00:00,65.15065002441406,102.16999816894531,102.36000061035156,102.01000213623047,102.01000213623047,410800
2009-07-17 00:00:00,65.15065002441406,102.16999816894531,102.2699966430664,101.9800033569336,102.01000213623047,437300
2009-07-20 00:00:00,65.22718811035156,102.29000091552734,102.48999786376953,101.97000122070312,102.01000213623047,675400
2009-07-21 00:00:00,65.67992401123047,103.0,103.01000213623047,102.08999633789062,102.08999633789062,812700
2009-07-22 00:00:00,65.45674896240234,102.6500015258789,102.95999908447266,102.52999877929688,102.88999938964844,450600
2009-07-23 00:00:00,65.291015625,102.38999938964844,102.73999786376953,102.23999786376953,102.73999786376953,564500
2009-07-24 00:00:00,65.291015625,102.38999938964844,102.55000305175781,102.11000061035156,102.19999694824219,579900
2009-07-27 00:00:00,65.09331512451172,102.08000183105469,102.37000274658203,101.8499984741211,102.0,883400
2009-07-28 00:00:00,65.21441650390625,102.2699966430664,102.52999877929688,102.01000213623047,102.01000213623047,674500
2009-07-29 00:00:00,65.3292465209961,102.44999694824219,102.68000030517578,102.16000366210938,102.55999755859375,451400
2009-07-30 00:00:00,65.412109375,102.58000183105469,102.69999694824219,102.20999908447266,102.27999877929688,1108700
2009-07-31 00:00:00,65.74366760253906,103.0999984741211,103.33000183105469,102.75,102.94999694824219,1058900
2009-08-03 00:00:00,65.60552215576172,102.55000305175781,102.79000091552734,102.30999755859375,102.77999877929688,716600
2009-08-04 00:00:00,65.40719604492188,102.23999786376953,102.86000061035156,102.13999938964844,102.79000091552734,629900
2009-08-05 00:00:00,65.34962463378906,102.1500015258789,102.33000183105469,102.0,102.33000183105469,608200
2009-08-06 00:00:00,65.38162994384766,102.19999694824219,102.3499984741211,102.02999877929688,102.19999694824219,564300
2009-08-07 00:00:00,64.99128723144531,101.58999633789062,102.08999633789062,101.36000061035156,101.70999908447266,1076900
2009-08-10 00:00:00,65.49673461914062,102.37999725341797,102.43000030517578,101.66000366210938,102.04000091552734,920700
2009-08-11 00:00:00,65.72706604003906,102.73999786376953,102.75,102.44000244140625,102.62999725341797,741400
2009-08-12 00:00:00,65.69510650634766,102.69000244140625,102.81999969482422,102.31999969482422,102.77999877929688,672100
2009-08-13 00:00:00,65.86141204833984,102.94999694824219,103.16999816894531,102.62000274658203,102.76000213623047,523700
2009-08-14 00:00:00,65.97655487060547,103.12999725341797,103.44000244140625,103.0199966430664,103.16999816894531,453600
2009-08-17 00:00:00,66.25166320800781,103.55999755859375,103.58999633789062,103.04000091552734,103.33000183105469,631300
2009-08-18 00:00:00,66.03411102294922,103.22000122070312,103.55000305175781,103.22000122070312,103.41999816894531,442400
2009-08-19 00:00:00,66.16849517822266,103.43000030517578,103.5999984741211,103.20999908447266,103.33000183105469,486900
2009-08-20 00:00:00,66.27725982666016,103.5999984741211,103.61000061035156,100.22000122070312,103.5199966430664,596600
2009-08-21 00:00:00,65.89336395263672,103.0,103.66000366210938,103.0,103.62999725341797,504900
2009-08-24 00:00:00,66.162109375,103.41999816894531,103.55999755859375,102.94999694824219,103.0999984741211,434400
2009-08-25 00:00:00,66.27085876464844,103.58999633789062,103.69999694824219,103.22000122070312,103.22000122070312,477400
2009-08-26 00:00:00,66.36679077148438,103.73999786376953,103.83999633789062,103.61000061035156,103.68000030517578,692400
2009-08-27 00:00:00,66.31562805175781,103.66000366210938,103.7300033569336,103.41999816894531,103.5,487300
2009-08-28 00:00:00,66.27085876464844,103.58999633789062,103.87000274658203,103.43000030517578,103.48999786376953,503600
2009-08-31 00:00:00,66.54586029052734,104.0199966430664,104.0199966430664,103.69999694824219,103.75,809600
2009-09-01 00:00:00,66.43171691894531,103.51000213623047,103.80999755859375,103.36000061035156,103.55999755859375,816200
2009-09-02 00:00:00,66.78469848632812,104.05999755859375,104.18000030517578,103.51000213623047,103.66000366210938,843200
2009-09-03 00:00:00,66.66275024414062,103.87000274658203,104.02999877929688,103.66000366210938,103.83000183105469,750900
2009-09-04 00:00:00,66.53439331054688,103.66999816894531,103.95999908447266,103.58999633789062,103.8499984741211,542300
2009-09-08 00:00:00,66.4381332397461,103.5199966430664,103.79000091552734,103.5199966430664,103.55000305175781,473500
2009-09-09 00:00:00,66.56649017333984,103.72000122070312,103.79000091552734,103.41000366210938,103.4800033569336,605800
2009-09-10 00:00:00,66.90660095214844,104.25,104.33999633789062,103.72000122070312,103.87000274658203,567200
2009-09-11 00:00:00,66.90023040771484,104.23999786376953,104.47000122070312,104.13999938964844,104.30999755859375,447500
2009-09-14 00:00:00,66.80392456054688,104.08999633789062,104.37999725341797,104.0,104.0,375400
2009-09-15 00:00:00,66.70127868652344,103.93000030517578,104.16000366210938,103.9000015258789,103.95999908447266,471600
2009-09-16 00:00:00,66.75259399414062,104.01000213623047,104.13999938964844,103.88999938964844,104.11000061035156,594600
2009-09-17 00:00:00,67.06704711914062,104.5,104.5,103.98999786376953,104.06999969482422,468400
2009-09-18 00:00:00,66.90023040771484,104.23999786376953,104.38999938964844,104.12000274658203,104.25,470300
2009-09-21 00:00:00,66.84886932373047,104.16000366210938,104.38999938964844,104.08999633789062,104.19999694824219,433600
2009-09-22 00:00:00,66.80392456054688,104.08999633789062,104.31999969482422,104.02999877929688,104.02999877929688,567000
2009-09-23 00:00:00,66.97077941894531,104.3499984741211,104.38999938964844,104.0,104.13999938964844,616700
2009-09-24 00:00:00,67.05425262451172,104.4800033569336,104.58999633789062,104.33000183105469,104.38999938964844,459200
2009-09-25 00:00:00,67.25325012207031,104.79000091552734,104.79000091552734,104.47000122070312,104.55999755859375,512100
2009-09-28 00:00:00,67.24677276611328,104.77999877929688,104.83000183105469,104.58999633789062,104.7300033569336,610400
2009-09-29 00:00:00,67.21466827392578,104.7300033569336,104.8499984741211,104.52999877929688,104.66999816894531,937700
2009-09-30 00:00:00,67.33660888671875,104.91999816894531,104.91999816894531,104.63999938964844,104.6500015258789,818800
2009-10-01 00:00:00,67.49246978759766,104.81999969482422,104.83999633789062,104.4000015258789,104.63999938964844,784700
2009-10-02 00:00:00,67.36365509033203,104.62000274658203,107.94999694824219,104.52999877929688,105.01000213623047,683700
2009-10-05 00:00:00,67.40870666503906,104.69000244140625,104.94999694824219,104.6500015258789,104.81999969482422,666900
2009-10-06 00:00:00,67.3121337890625,104.54000091552734,104.81999969482422,104.54000091552734,104.79000091552734,509000
2009-10-07 00:00:00,67.58258056640625,104.95999908447266,105.05999755859375,104.77999877929688,104.86000061035156,531500
2009-10-08 00:00:00,67.53756713867188,104.88999938964844,105.12000274658203,104.68000030517578,105.0999984741211,512000
2009-10-09 00:00:00,67.06749725341797,104.16000366210938,104.70999908447266,104.1500015258789,104.68000030517578,567500
2009-10-12 00:00:00,67.22203063964844,104.4000015258789,104.45999908447266,104.19999694824219,104.43000030517578,417000
2009-10-13 00:00:00,67.38947296142578,104.66000366210938,104.68000030517578,104.45999908447266,104.55999755859375,380200
2009-10-14 00:00:00,67.22846984863281,104.41000366210938,104.54000091552734,104.29000091552734,104.29000091552734,491400
2009-10-15 00:00:00,67.12544250488281,104.25,104.31999969482422,104.02999877929688,104.2300033569336,727700
2009-10-16 00:00:00,67.11897277832031,104.23999786376953,104.33000183105469,104.08000183105469,104.18000030517578,458700
2009-10-19 00:00:00,67.25421142578125,104.44999694824219,104.44999694824219,104.02999877929688,104.30999755859375,455500
2009-10-20 00:00:00,67.4151611328125,104.69999694824219,104.69999694824219,104.51000213623047,104.55999755859375,473300
2009-10-21 00:00:00,67.3700942993164,104.62999725341797,104.62999725341797,104.27999877929688,104.52999877929688,460500
2009-10-22 00:00:00,67.26708221435547,104.47000122070312,104.54000091552734,104.30000305175781,104.4000015258789,518700
2009-10-23 00:00:00,67.1833724975586,104.33999633789062,104.44999694824219,104.23999786376953,104.33000183105469,677300
2009-10-26 00:00:00,67.00306701660156,104.05999755859375,104.47000122070312,104.02999877929688,104.27999877929688,470500
2009-10-27 00:00:00,67.26708221435547,104.47000122070312,104.52999877929688,104.0999984741211,104.20999908447266,420100
2009-10-28 00:00:00,67.36365509033203,104.62000274658203,104.66000366210938,104.33000183105469,104.4800033569336,651700
2009-10-29 00:00:00,67.22846984863281,104.41000366210938,104.56999969482422,104.29000091552734,104.52999877929688,590400
2009-10-30 00:00:00,67.48600769042969,104.80999755859375,104.83999633789062,104.45999908447266,104.5,515200
2009-11-02 00:00:00,67.3787612915039,104.31999969482422,104.5999984741211,104.23999786376953,104.55000305175781,1036700
2009-11-03 00:00:00,67.28836822509766,104.18000030517578,104.51000213623047,104.16999816894531,104.4000015258789,684600
2009-11-04 00:00:00,67.17854309082031,104.01000213623047,104.41000366210938,104.01000213623047,104.23999786376953,490700
2009-11-05 00:00:00,67.35293579101562,104.27999877929688,104.33000183105469,103.69999694824219,104.0,899100
2009-11-06 00:00:00,67.41112518310547,104.37000274658203,104.45999908447266,104.18000030517578,104.23999786376953,435500
2009-11-09 00:00:00,67.5015640258789,104.51000213623047,104.56999969482422,104.3499984741211,104.44999694824219,509400
2009-11-10 00:00:00,67.5208740234375,104.54000091552734,104.68000030517578,104.41000366210938,104.5999984741211,464500
2009-11-11 00:00:00,67.54670715332031,104.58000183105469,104.80999755859375,104.45999908447266,104.5,509800
2009-11-12 00:00:00,67.68241882324219,104.79000091552734,104.79000091552734,104.33999633789062,104.5199966430664,507000
2009-11-13 00:00:00,67.75340270996094,104.9000015258789,104.9000015258789,104.58000183105469,104.7699966430664,408000
2009-11-16 00:00:00,67.91490936279297,105.1500015258789,105.29000091552734,104.81999969482422,104.81999969482422,479900
2009-11-17 00:00:00,67.97301483154297,105.23999786376953,105.23999786376953,105.0,105.05999755859375,681400
2009-11-18 00:00:00,67.83087158203125,105.0199966430664,105.36000061035156,104.9000015258789,105.19000244140625,528100
2009-11-19 00:00:00,67.90193939208984,105.12999725341797,105.23999786376953,104.98999786376953,105.18000030517578,393600
2009-11-20 00:00:00,67.92778778076172,105.16999816894531,105.19999694824219,105.02999877929688,105.16000366210938,422500
2009-11-23 00:00:00,67.91490936279297,105.1500015258789,105.16999816894531,104.91999816894531,105.05000305175781,470600
2009-11-24 00:00:00,68.11509704589844,105.45999908447266,105.45999908447266,105.02999877929688,105.26000213623047,508000
2009-11-25 00:00:00,68.17963409423828,105.55999755859375,105.55999755859375,105.29000091552734,105.41000366210938,418200
2009-11-27 00:00:00,68.23783111572266,105.6500015258789,105.6500015258789,105.30000305175781,105.30999755859375,182500
2009-11-30 00:00:00,68.35405731201172,105.83000183105469,105.83000183105469,105.33999633789062,105.62999725341797,632700
2009-12-01 00:00:00,68.18751525878906,105.22000122070312,105.41999816894531,105.16999816894531,105.3499984741211,788800
2009-12-02 00:00:00,68.05786895751953,105.0199966430664,105.30000305175781,104.94000244140625,105.19000244140625,480300
2009-12-03 00:00:00,68.06437683105469,105.02999877929688,105.02999877929688,104.7699966430664,104.94999694824219,744800
2009-12-04 00:00:00,67.92830657958984,104.81999969482422,104.9000015258789,104.47000122070312,104.66999816894531,1243100
2009-12-07 00:00:00,67.99310302734375,104.91999816894531,105.0,104.75,104.86000061035156,558200
2009-12-08 00:00:00,68.08386993408203,105.05999755859375,105.27999877929688,105.02999877929688,105.1500015258789,708300
2009-12-09 00:00:00,68.01258087158203,104.94999694824219,105.19999694824219,104.9000015258789,105.0999984741211,455200
2009-12-10 00:00:00,67.96073913574219,104.87000274658203,104.94999694824219,104.70999908447266,104.87000274658203,533100
2009-12-11 00:00:00,67.79867553710938,104.62000274658203,104.76000213623047,104.55999755859375,104.73999786376953,517200
2009-12-14 00:00:00,67.83753967285156,104.68000030517578,104.83000183105469,104.63999938964844,104.81999969482422,423300
2009-12-15 00:00:00,67.64965057373047,104.38999938964844,104.55999755859375,104.36000061035156,104.44999694824219,475200
2009-12-16 00:00:00,67.77275848388672,104.58000183105469,104.72000122070312,104.5,104.51000213623047,519000
2009-12-17 00:00:00,67.88291931152344,104.75,104.8499984741211,104.62000274658203,104.80000305175781,481700
2009-12-18 00:00:00,67.88291931152344,104.75,105.0,104.73999786376953,104.81999969482422,525900
2009-12-21 00:00:00,67.59776306152344,104.30999755859375,104.69999694824219,104.29000091552734,104.66999816894531,628500
2009-12-22 00:00:00,67.40335845947266,104.01000213623047,104.16999816894531,103.87999725341797,104.12999725341797,609400
2009-12-23 00:00:00,67.42929077148438,104.05000305175781,104.19999694824219,104.0,104.08000183105469,589100
2009-12-24 00:00:00,67.31262969970703,103.87000274658203,103.98999786376953,103.7300033569336,103.87999725341797,388700
2009-12-28 00:00:00,66.9044189453125,103.23999786376953,103.9000015258789,103.19999694824219,103.7699966430664,3458400
2009-12-29 00:00:00,66.98363494873047,103.05999755859375,103.19999694824219,103.0,103.11000061035156,833800
2009-12-30 00:00:00,67.15270233154297,103.31999969482422,103.31999969482422,103.08000183105469,103.30000305175781,532000
2009-12-31 00:00:00,67.0682144165039,103.19000244140625,103.30000305175781,102.77999877929688,103.04000091552734,651800
2010-01-04 00:00:00,67.14620971679688,103.30999755859375,103.41000366210938,103.1500015258789,103.2699966430664,987900
2010-01-05 00:00:00,67.45162963867188,103.77999877929688,103.81999969482422,103.5199966430664,103.62000274658203,500500
2010-01-06 00:00:00,67.41268920898438,103.72000122070312,103.81999969482422,103.41000366210938,103.81999969482422,714300
2010-01-07 00:00:00,67.33463287353516,103.5999984741211,103.70999908447266,103.47000122070312,103.66000366210938,705700
2010-01-08 00:00:00,67.37364196777344,103.66000366210938,103.87000274658203,103.54000091552734,103.87000274658203,412300
2010-01-11 00:00:00,67.32167053222656,103.58000183105469,103.72000122070312,103.51000213623047,103.6500015258789,684400
2010-01-12 00:00:00,67.75060272216797,104.23999786376953,104.23999786376953,103.81999969482422,103.87000274658203,1818500
2010-01-13 00:00:00,67.46466064453125,103.80000305175781,104.16999816894531,103.79000091552734,104.08999633789062,530900
2010-01-14 00:00:00,67.64016723632812,104.06999969482422,104.18000030517578,103.87000274658203,103.97000122070312,498600
2010-01-15 00:00:00,67.77011108398438,104.2699966430664,104.4000015258789,104.18000030517578,104.30000305175781,575300
2010-01-19 00:00:00,67.65959167480469,104.0999984741211,104.26000213623047,104.0,104.19999694824219,754800
2010-01-20 00:00:00,67.83512878417969,104.37000274658203,104.4000015258789,104.19999694824219,104.2699966430664,614200
2010-01-21 00:00:00,67.85466003417969,104.4000015258789,104.6500015258789,104.2699966430664,104.37000274658203,540200
2010-01-22 00:00:00,67.89363861083984,104.45999908447266,104.63999938964844,104.3499984741211,104.37999725341797,426600
2010-01-25 00:00:00,67.88709259033203,104.44999694824219,104.48999786376953,104.26000213623047,104.48999786376953,514200
2010-01-26 00:00:00,67.97158813476562,104.58000183105469,104.70999908447266,104.47000122070312,104.6500015258789,1288200
2010-01-27 00:00:00,67.91963195800781,104.5,104.70999908447266,104.43000030517578,104.47000122070312,618300
2010-01-28 00:00:00,67.86112976074219,104.41000366210938,104.55999755859375,104.33999633789062,104.4000015258789,640300
2010-01-29 00:00:00,68.01710510253906,104.6500015258789,104.72000122070312,104.31999969482422,104.33999633789062,748600
2010-02-01 00:00:00,67.92387390136719,104.18000030517578,104.4000015258789,104.12999725341797,104.36000061035156,501300
2010-02-02 00:00:00,68.00211334228516,104.30000305175781,104.33000183105469,104.19000244140625,104.19999694824219,619000
2010-02-03 00:00:00,67.87825775146484,104.11000061035156,104.25,103.88999938964844,104.13999938964844,2040600
2010-02-04 00:00:00,68.04125213623047,104.36000061035156,104.5199966430664,104.22000122070312,104.27999877929688,595300
2010-02-05 00:00:00,68.06734466552734,104.4000015258789,104.73999786376953,104.27999877929688,104.43000030517578,777600
2010-02-08 00:00:00,68.19770050048828,104.5999984741211,104.5999984741211,104.33000183105469,104.51000213623047,658400
2010-02-09 00:00:00,68.07382202148438,104.41000366210938,104.63999938964844,104.3499984741211,104.41000366210938,707100
2010-02-10 00:00:00,67.91732788085938,104.16999816894531,104.47000122070312,104.04000091552734,104.41999816894531,458300
2010-02-11 00:00:00,67.80653381347656,104.0,104.0999984741211,103.81999969482422,104.04000091552734,547400
2010-02-12 00:00:00,67.81952667236328,104.0199966430664,104.26000213623047,104.0199966430664,104.23999786376953,506100
2010-02-16 00:00:00,67.98906707763672,104.27999877929688,104.33000183105469,103.97000122070312,104.02999877929688,592800
2010-02-17 00:00:00,67.78043365478516,103.95999908447266,104.26000213623047,103.91000366210938,104.23999786376953,509200
2010-02-18 00:00:00,67.75435638427734,103.91999816894531,104.0999984741211,103.75,103.98999786376953,400100
2010-02-19 00:00:00,67.80653381347656,104.0,104.0,103.69000244140625,103.75,501500
2010-02-22 00:00:00,67.68915557861328,103.81999969482422,104.01000213623047,103.77999877929688,103.87999725341797,1120700
2010-02-23 00:00:00,67.93043518066406,104.19000244140625,104.25,103.91999816894531,103.91999816894531,539400
2010-02-24 00:00:00,68.00211334228516,104.30000305175781,104.41000366210938,104.16999816894531,104.30999755859375,542100
2010-02-25 00:00:00,68.13905334472656,104.51000213623047,104.51000213623047,104.2300033569336,104.45999908447266,658800
2010-02-26 00:00:00,68.15204620361328,104.52999877929688,104.6500015258789,104.5,104.5,658600
2010-03-01 00:00:00,68.25212860107422,104.36000061035156,104.4800033569336,104.25,104.3499984741211,618000
2010-03-02 00:00:00,68.27833557128906,104.4000015258789,104.44999694824219,104.29000091552734,104.29000091552734,661200
2010-03-03 00:00:00,68.27833557128906,104.4000015258789,104.44999694824219,104.29000091552734,104.30000305175781,492600
2010-03-04 00:00:00,68.40255737304688,104.58999633789062,104.62999725341797,104.33999633789062,104.33999633789062,782700
2010-03-05 00:00:00,68.2717514038086,104.38999938964844,104.5,104.25,104.5,1057500
2010-03-08 00:00:00,68.31756591796875,104.45999908447266,104.47000122070312,104.30000305175781,104.38999938964844,1827100
2010-03-09 00:00:00,68.39599609375,104.58000183105469,104.63999938964844,104.4800033569336,104.62000274658203,1140200
2010-03-10 00:00:00,68.35026550292969,104.51000213623047,104.51000213623047,104.37999725341797,104.37999725341797,512000
2010-03-11 00:00:00,68.35026550292969,104.51000213623047,104.5999984741211,104.41999816894531,104.47000122070312,540000
2010-03-12 00:00:00,68.35677337646484,104.5199966430664,104.62999725341797,104.4000015258789,104.48999786376953,854200
2010-03-15 00:00:00,68.44181060791016,104.6500015258789,104.66000366210938,104.5,104.62000274658203,832600
2010-03-16 00:00:00,68.56602478027344,104.83999633789062,104.88999938964844,104.58999633789062,104.63999938964844,507700
2010-03-17 00:00:00,68.61837768554688,104.91999816894531,104.97000122070312,104.80000305175781,104.80000305175781,662100
2010-03-18 00:00:00,68.5595474243164,104.83000183105469,104.91999816894531,104.79000091552734,104.91000366210938,618200
2010-03-19 00:00:00,68.50716400146484,104.75,104.8499984741211,104.69999694824219,104.75,388600
2010-03-22 00:00:00,68.5595474243164,104.83000183105469,104.91000366210938,104.75,104.87000274658203,526700
2010-03-23 00:00:00,68.57257080078125,104.8499984741211,104.94000244140625,104.79000091552734,104.79000091552734,725700
2010-03-24 00:00:00,68.2259521484375,104.31999969482422,104.66999816894531,104.22000122070312,104.66999816894531,602700
2010-03-25 00:00:00,68.04937744140625,104.05000305175781,104.23999786376953,103.86000061035156,104.2300033569336,1416700
2010-03-26 00:00:00,68.1605453491211,104.22000122070312,104.25,103.95999908447266,103.97000122070312,1251100
2010-03-29 00:00:00,68.0820541381836,104.0999984741211,104.25,104.04000091552734,104.25,480000
2010-03-30 00:00:00,68.1082763671875,104.13999938964844,104.19999694824219,104.0199966430664,104.12000274658203,460500
2010-03-31 00:00:00,68.14750671386719,104.19999694824219,104.33999633789062,104.1500015258789,104.16999816894531,808300
2010-04-01 00:00:00,68.12191772460938,103.83999633789062,103.93000030517578,103.72000122070312,103.81999969482422,1386100
2010-04-05 00:00:00,67.70206451416016,103.19999694824219,103.58999633789062,103.12999725341797,103.58999633789062,849300
2010-04-06 00:00:00,67.78729248046875,103.33000183105469,103.47000122070312,103.27999877929688,103.27999877929688,934800
2010-04-07 00:00:00,68.07596588134766,103.7699966430664,103.7699966430664,103.4000015258789,103.4000015258789,746600
2010-04-08 00:00:00,68.0103759765625,103.66999816894531,103.94000244140625,103.63999938964844,103.91000366210938,406700
2010-04-09 00:00:00,68.08251190185547,103.77999877929688,103.81999969482422,103.5999984741211,103.70999908447266,414200
2010-04-12 00:00:00,68.24004364013672,104.0199966430664,104.04000091552734,103.80000305175781,103.91000366210938,476500
2010-04-13 00:00:00,68.35151672363281,104.19000244140625,104.22000122070312,104.05000305175781,104.12000274658203,680900
2010-04-14 00:00:00,68.27281951904297,104.06999969482422,104.25,103.97000122070312,104.1500015258789,513500
2010-04-15 00:00:00,68.39742279052734,104.26000213623047,104.2699966430664,103.88999938964844,104.04000091552734,837700
2010-04-16 00:00:00,68.50238800048828,104.41999816894531,104.5,104.22000122070312,104.30000305175781,479300
2010-04-19 00:00:00,68.37776184082031,104.2300033569336,104.5,104.20999908447266,104.41000366210938,769500
2010-04-20 00:00:00,68.48927307128906,104.4000015258789,104.4000015258789,104.19999694824219,104.2300033569336,652200
2010-04-21 00:00:00,68.60735321044922,104.58000183105469,104.58000183105469,104.31999969482422,104.4000015258789,747600
2010-04-22 00:00:00,68.46961212158203,104.37000274658203,104.6500015258789,104.29000091552734,104.55000305175781,221600
2010-04-23 00:00:00,68.38433837890625,104.23999786376953,104.29000091552734,104.12999725341797,104.19999694824219,481000
2010-04-26 00:00:00,68.37776184082031,104.2300033569336,104.37999725341797,104.19999694824219,104.30000305175781,587100
2010-04-27 00:00:00,68.59423065185547,104.55999755859375,104.72000122070312,104.3499984741211,104.37000274658203,950900
2010-04-28 00:00:00,68.48927307128906,104.4000015258789,104.55999755859375,104.30000305175781,104.41000366210938,929600
2010-04-29 00:00:00,68.51554107666016,104.44000244140625,104.52999877929688,104.33000183105469,104.41999816894531,662300
2010-04-30 00:00:00,68.81072235107422,104.88999938964844,104.94999694824219,104.48999786376953,104.48999786376953,920200
2010-05-03 00:00:00,68.68046569824219,104.37999725341797,104.48999786376953,104.25,104.4000015258789,638600
2010-05-04 00:00:00,68.95683288574219,104.80000305175781,104.81999969482422,104.55999755859375,104.73999786376953,690200
2010-05-05 00:00:00,68.9041976928711,104.72000122070312,105.0,104.72000122070312,104.88999938964844,662400
2010-05-06 00:00:00,69.00292205810547,104.87000274658203,105.58999633789062,104.72000122070312,104.91000366210938,1366600
2010-05-07 00:00:00,68.7001953125,104.41000366210938,105.5,104.4000015258789,105.0999984741211,1415400
2010-05-10 00:00:00,68.69361114501953,104.4000015258789,104.62000274658203,104.33999633789062,104.41999816894531,1173600
2010-05-11 00:00:00,68.95024108886719,104.79000091552734,104.80000305175781,104.44999694824219,104.80000305175781,417500
2010-05-12 00:00:00,68.87787628173828,104.68000030517578,104.79000091552734,104.56999969482422,104.66999816894531,426600
2010-05-13 00:00:00,68.97657775878906,104.83000183105469,104.91999816894531,104.66000366210938,104.87999725341797,352700
2010-05-14 00:00:00,69.22655487060547,105.20999908447266,105.36000061035156,104.9800033569336,105.16999816894531,585600
2010-05-17 00:00:00,69.1739501953125,105.12999725341797,105.48999786376953,105.05000305175781,105.12999725341797,312900
2010-05-18 00:00:00,69.41085052490234,105.48999786376953,105.54000091552734,105.16000366210938,105.27999877929688,572400
2010-05-19 00:00:00,69.44375610351562,105.54000091552734,105.62999725341797,105.33999633789062,105.5199966430664,577300
2010-05-20 00:00:00,69.38451385498047,105.44999694824219,105.83000183105469,105.30000305175781,105.76000213623047,876900
2010-05-21 00:00:00,69.68059539794922,105.9000015258789,105.97000122070312,105.55999755859375,105.76000213623047,1048200
2010-05-24 00:00:00,69.64112091064453,105.83999633789062,106.0,105.81999969482422,105.9000015258789,1322700
2010-05-25 00:00:00,69.72665405273438,105.97000122070312,106.2699966430664,105.93000030517578,106.0999984741211,1154700
2010-05-26 00:00:00,69.64769744873047,105.8499984741211,105.94000244140625,105.69999694824219,105.91000366210938,886400
2010-05-27 00:00:00,69.48318481445312,105.5999984741211,105.66999816894531,105.37000274658203,105.66999816894531,1072500
2010-05-28 00:00:00,69.55558013916016,105.70999908447266,105.80999755859375,105.56999969482422,105.58000183105469,658900
2010-06-01 00:00:00,69.6703872680664,105.55999755859375,105.61000061035156,105.29000091552734,105.33000183105469,1717500
2010-06-02 00:00:00,69.59783172607422,105.44999694824219,105.62999725341797,105.44000244140625,105.58999633789062,1241600
2010-06-03 00:00:00,69.56478881835938,105.4000015258789,105.51000213623047,105.2300033569336,105.31999969482422,1231300
2010-06-04 00:00:00,69.74302673339844,105.66999816894531,105.81999969482422,105.51000213623047,105.66999816894531,1365400
2010-06-07 00:00:00,69.9476089477539,105.9800033569336,105.98999786376953,105.56999969482422,105.56999969482422,417100
2010-06-08 00:00:00,69.86841583251953,105.86000061035156,106.04000091552734,105.86000061035156,105.95999908447266,636400
2010-06-09 00:00:00,69.9079818725586,105.91999816894531,105.95999908447266,105.66999816894531,105.80000305175781,539000
2010-06-10 00:00:00,69.69682312011719,105.5999984741211,105.83000183105469,105.55000305175781,105.76000213623047,649200
2010-06-11 00:00:00,69.73640441894531,105.66000366210938,105.88999938964844,105.56999969482422,105.63999938964844,442000
2010-06-14 00:00:00,69.83540344238281,105.80999755859375,105.80999755859375,105.45999908447266,105.63999938964844,600200
2010-06-15 00:00:00,69.83540344238281,105.80999755859375,105.94999694824219,105.6500015258789,105.86000061035156,882800
2010-06-16 00:00:00,69.94099426269531,105.97000122070312,105.98999786376953,105.72000122070312,105.72000122070312,654100
2010-06-17 00:00:00,70.10603332519531,106.22000122070312,106.3499984741211,105.94999694824219,105.94999694824219,776100
2010-06-18 00:00:00,69.99383544921875,106.05000305175781,106.33999633789062,106.02999877929688,106.33999633789062,634000
2010-06-21 00:00:00,70.14564514160156,106.27999877929688,106.27999877929688,105.81999969482422,105.97000122070312,696100
2010-06-22 00:00:00,70.21826171875,106.38999938964844,106.45999908447266,106.12999725341797,106.27999877929688,560100
2010-06-23 00:00:00,70.39644622802734,106.66000366210938,106.73999786376953,106.3499984741211,106.3499984741211,334200
2010-06-24 00:00:00,70.33705139160156,106.56999969482422,106.87999725341797,106.48999786376953,106.80000305175781,812300
2010-06-25 00:00:00,70.43604278564453,106.72000122070312,106.79000091552734,106.47000122070312,106.47000122070312,513800
2010-06-28 00:00:00,70.56802368164062,106.91999816894531,107.0,106.80999755859375,106.97000122070312,529600
2010-06-29 00:00:00,70.77920532226562,107.23999786376953,107.26000213623047,106.9800033569336,107.16999816894531,469000
2010-06-30 00:00:00,70.7858657836914,107.25,107.3499984741211,107.04000091552734,107.31999969482422,1050800
2010-07-01 00:00:00,70.74876403808594,106.87999725341797,107.12000274658203,106.79000091552734,107.01000213623047,744800
2010-07-02 00:00:00,70.64950561523438,106.7300033569336,106.88999938964844,106.68000030517578,106.69000244140625,586100
2010-07-06 00:00:00,70.867919921875,107.05999755859375,107.0999984741211,106.75,106.8499984741211,553200
2010-07-07 00:00:00,70.7752685546875,106.91999816894531,107.1500015258789,106.9000015258789,107.12999725341797,1011200
2010-07-08 00:00:00,70.76201629638672,106.9000015258789,106.9800033569336,106.66999816894531,106.81999969482422,622100
2010-07-09 00:00:00,70.65614318847656,106.73999786376953,106.91000366210938,106.66999816894531,106.66999816894531,490600
2010-07-12 00:00:00,70.73555755615234,106.86000061035156,107.0,106.80000305175781,106.9000015258789,323500
2010-07-13 00:00:00,70.55682373046875,106.58999633789062,106.87000274658203,106.58000183105469,106.86000061035156,402300
2010-07-14 00:00:00,70.7950668334961,106.94999694824219,106.9800033569336,106.7300033569336,106.73999786376953,786900
2010-07-15 00:00:00,70.89437103271484,107.0999984741211,107.23999786376953,106.97000122070312,107.05999755859375,1254100
2010-07-16 00:00:00,71.11285400390625,107.43000030517578,107.48999786376953,107.19999694824219,107.29000091552734,386100
2010-07-19 00:00:00,71.046630859375,107.33000183105469,107.47000122070312,107.26000213623047,107.37999725341797,425600
2010-07-20 00:00:00,70.9936752319336,107.25,107.5,107.23999786376953,107.4000015258789,616900
2010-07-21 00:00:00,71.30480194091797,107.72000122070312,107.75,107.26000213623047,107.26000213623047,518400
2010-07-22 00:00:00,71.2386245727539,107.62000274658203,107.62999725341797,107.48999786376953,107.62999725341797,920000
2010-07-23 00:00:00,71.11285400390625,107.43000030517578,107.63999938964844,107.29000091552734,107.63999938964844,708800
2010-07-26 00:00:00,71.099609375,107.41000366210938,107.47000122070312,107.23999786376953,107.47000122070312,836300
2010-07-27 00:00:00,71.07310485839844,107.37000274658203,107.48999786376953,107.31999969482422,107.38999938964844,516900
2010-07-28 00:00:00,71.20552062988281,107.56999969482422,107.61000061035156,107.36000061035156,107.37000274658203,495000
2010-07-29 00:00:00,71.27172088623047,107.66999816894531,107.66999816894531,107.4000015258789,107.44000244140625,444800
2010-07-30 00:00:00,71.390869140625,107.8499984741211,107.95999908447266,107.72000122070312,107.94000244140625,937100
2010-08-02 00:00:00,71.2939224243164,107.41000366210938,107.55999755859375,107.31999969482422,107.48999786376953,1532400
2010-08-03 00:00:00,71.34037780761719,107.4800033569336,107.62999725341797,107.41999816894531,107.55999755859375,1150000
2010-08-04 00:00:00,71.21430206298828,107.29000091552734,107.58000183105469,107.1500015258789,107.4800033569336,981700
2010-08-05 00:00:00,71.30059051513672,107.41999816894531,107.48999786376953,107.27999877929688,107.43000030517578,972200
2010-08-06 00:00:00,71.43993377685547,107.62999725341797,107.73999786376953,107.4800033569336,107.66999816894531,809200
2010-08-09 00:00:00,71.43993377685547,107.62999725341797,107.68000030517578,107.52999877929688,107.66000366210938,506900
2010-08-10 00:00:00,71.5594253540039,107.80999755859375,107.91999816894531,107.55999755859375,107.62999725341797,571900
2010-08-11 00:00:00,71.62579345703125,107.91000366210938,107.95999908447266,107.79000091552734,107.91000366210938,682300
2010-08-12 00:00:00,71.51296997070312,107.73999786376953,107.9800033569336,107.66999816894531,107.93000030517578,671600
2010-08-13 00:00:00,71.678955078125,107.98999786376953,108.0,107.66999816894531,107.7699966430664,580300
2010-08-16 00:00:00,71.91785430908203,108.3499984741211,108.37000274658203,108.20999908447266,108.33000183105469,773200
2010-08-17 00:00:00,71.83161163330078,108.22000122070312,108.26000213623047,108.11000061035156,108.23999786376953,513500
2010-08-18 00:00:00,71.75193786621094,108.0999984741211,108.33999633789062,108.05000305175781,108.33999633789062,558300
2010-08-19 00:00:00,71.98423767089844,108.44999694824219,108.5,108.08000183105469,108.11000061035156,469500
2010-08-20 00:00:00,71.8846664428711,108.30000305175781,108.43000030517578,108.19000244140625,108.41000366210938,665300
2010-08-23 00:00:00,71.95764923095703,108.41000366210938,108.41000366210938,108.19999694824219,108.30999755859375,479900
2010-08-24 00:00:00,72.24311065673828,108.83999633789062,108.86000061035156,108.37999725341797,108.56999969482422,834000
2010-08-25 00:00:00,72.07716369628906,108.58999633789062,109.08999633789062,108.55000305175781,108.95999908447266,486000
2010-08-26 00:00:00,72.17010498046875,108.7300033569336,108.94000244140625,108.55999755859375,108.62999725341797,1177900
2010-08-27 00:00:00,71.77183532714844,108.12999725341797,108.83000183105469,108.12000274658203,108.5999984741211,475500
2010-08-30 00:00:00,72.25641632080078,108.86000061035156,108.86000061035156,108.33000183105469,108.4800033569336,429900
2010-08-31 00:00:00,72.30950927734375,108.94000244140625,108.98999786376953,108.73999786376953,108.8499984741211,737700
2010-09-01 00:00:00,72.155029296875,108.41000366210938,108.55000305175781,108.06999969482422,108.41999816894531,976100
2010-09-02 00:00:00,72.06185913085938,108.2699966430664,108.27999877929688,108.0999984741211,108.25,1217500
2010-09-03 00:00:00,71.89547729492188,108.0199966430664,108.08000183105469,107.77999877929688,107.9000015258789,856000
2010-09-07 00:00:00,72.10181427001953,108.33000183105469,108.43000030517578,108.08999633789062,108.13999938964844,512400
2010-09-08 00:00:00,72.04856872558594,108.25,108.33999633789062,108.13999938964844,108.19999694824219,819800
2010-09-09 00:00:00,71.70247650146484,107.7300033569336,108.08000183105469,107.69999694824219,108.0,769800
2010-09-10 00:00:00,71.54936981201172,107.5,107.72000122070312,107.4800033569336,107.62000274658203,770900
2010-09-13 00:00:00,71.7091293334961,107.73999786376953,107.83000183105469,107.47000122070312,107.5199966430664,1044100
2010-09-14 00:00:00,71.96868133544922,108.12999725341797,108.13999938964844,107.7699966430664,107.81999969482422,792300
2010-09-15 00:00:00,71.83563995361328,107.93000030517578,108.16999816894531,107.87999725341797,108.0,813500
2010-09-16 00:00:00,71.71578216552734,107.75,107.88999938964844,107.55999755859375,107.79000091552734,691600
2010-09-17 00:00:00,71.80894470214844,107.88999938964844,108.0,107.73999786376953,107.73999786376953,719400
2010-09-20 00:00:00,71.83563995361328,107.93000030517578,108.0,107.7699966430664,107.8499984741211,717000
2010-09-21 00:00:00,72.14175415039062,108.38999938964844,108.45999908447266,107.98999786376953,108.01000213623047,497200
2010-09-22 00:00:00,72.1617431640625,108.41999816894531,108.62000274658203,108.36000061035156,108.47000122070312,652900
2010-09-23 00:00:00,72.24160766601562,108.54000091552734,108.66000366210938,108.4000015258789,108.66000366210938,837200
2010-09-24 00:00:00,71.9753646850586,108.13999938964844,108.4000015258789,108.12999725341797,108.36000061035156,1116600
2010-09-27 00:00:00,72.22166442871094,108.51000213623047,108.58000183105469,108.30000305175781,108.38999938964844,956800
2010-09-28 00:00:00,72.39468383789062,108.7699966430664,108.87000274658203,108.48999786376953,108.48999786376953,980300
2010-09-29 00:00:00,72.34140014648438,108.69000244140625,108.80000305175781,108.5999984741211,108.72000122070312,833500
2010-09-30 00:00:00,72.31485748291016,108.6500015258789,108.69999694824219,108.29000091552734,108.63999938964844,2628600
2010-10-01 00:00:00,72.23141479492188,108.26000213623047,108.37000274658203,108.13999938964844,108.26000213623047,1366700
2010-10-04 00:00:00,72.35150909423828,108.44000244140625,108.51000213623047,108.26000213623047,108.29000091552734,772100
2010-10-05 00:00:00,72.35150909423828,108.44000244140625,108.61000061035156,108.37999725341797,108.61000061035156,758500
2010-10-06 00:00:00,72.42494201660156,108.55000305175781,108.7699966430664,108.54000091552734,108.66999816894531,1041900
2010-10-07 00:00:00,72.45826721191406,108.5999984741211,108.7300033569336,108.55999755859375,108.69000244140625,962900
2010-10-08 00:00:00,72.60509490966797,108.81999969482422,108.93000030517578,108.76000213623047,108.91000366210938,604500
2010-10-11 00:00:00,72.56501770019531,108.76000213623047,108.8499984741211,108.72000122070312,108.81999969482422,434600
2010-10-12 00:00:00,72.49162292480469,108.6500015258789,108.9000015258789,108.5999984741211,108.81999969482422,573300
2010-10-13 00:00:00,72.48491668701172,108.63999938964844,108.72000122070312,108.44999694824219,108.69999694824219,984200
2010-10-14 00:00:00,72.21805572509766,108.23999786376953,108.66999816894531,108.19999694824219,108.62000274658203,1091800
2010-10-15 00:00:00,72.07122802734375,108.0199966430664,108.2300033569336,107.97000122070312,108.20999908447266,882600
2010-10-18 00:00:00,72.3248062133789,108.4000015258789,108.47000122070312,108.16999816894531,108.25,755700
2010-10-19 00:00:00,72.38480377197266,108.48999786376953,108.62000274658203,108.25,108.30000305175781,607200
2010-10-20 00:00:00,72.47157287597656,108.62000274658203,108.72000122070312,108.41000366210938,108.48999786376953,849500
2010-10-21 00:00:00,72.3581771850586,108.44999694824219,108.66000366210938,108.44999694824219,108.58000183105469,507100
2010-10-22 00:00:00,72.39154815673828,108.5,108.56999969482422,108.41000366210938,108.44999694824219,551400
2010-10-25 00:00:00,72.39820098876953,108.51000213623047,108.80000305175781,108.48999786376953,108.80000305175781,723500
2010-10-26 00:00:00,72.23141479492188,108.26000213623047,108.41000366210938,108.19999694824219,108.37999725341797,433200
2010-10-27 00:00:00,72.09130859375,108.05000305175781,108.3499984741211,108.0199966430664,108.1500015258789,587900
2010-10-28 00:00:00,72.27142333984375,108.31999969482422,108.3499984741211,108.1500015258789,108.1500015258789,505300
2010-10-29 00:00:00,72.42494201660156,108.55000305175781,108.55000305175781,108.36000061035156,108.44999694824219,963600
2010-11-01 00:00:00,72.39545440673828,108.2300033569336,108.48999786376953,108.12000274658203,108.37999725341797,737100
2010-11-02 00:00:00,72.52253723144531,108.41999816894531,108.47000122070312,108.33000183105469,108.47000122070312,1052600
2010-11-03 00:00:00,72.50914764404297,108.4000015258789,108.81999969482422,108.29000091552734,108.61000061035156,462600
2010-11-04 00:00:00,72.85706329345703,108.91999816894531,108.98999786376953,108.66999816894531,108.75,626100
2010-11-05 00:00:00,72.65634155273438,108.62000274658203,108.75,108.5199966430664,108.62000274658203,1150200
2010-11-08 00:00:00,72.62288665771484,108.56999969482422,108.75,108.54000091552734,108.61000061035156,370500
2010-11-09 00:00:00,72.26834106445312,108.04000091552734,108.5999984741211,108.0,108.55000305175781,686800
2010-11-10 00:00:00,72.20821380615234,107.94999694824219,108.13999938964844,107.62000274658203,108.02999877929688,910100
2010-11-11 00:00:00,72.20146179199219,107.94000244140625,108.0,107.80999755859375,107.94999694824219,425100
2010-11-12 00:00:00,71.91388702392578,107.51000213623047,107.94000244140625,107.51000213623047,107.80000305175781,759500
2010-11-15 00:00:00,71.51915740966797,106.91999816894531,107.4000015258789,106.88999938964844,107.30000305175781,2020300
2010-11-16 00:00:00,71.69313049316406,107.18000030517578,107.20999908447266,106.68000030517578,107.01000213623047,1459500
2010-11-17 00:00:00,71.71318817138672,107.20999908447266,107.47000122070312,107.1500015258789,107.33000183105469,822500
2010-11-18 00:00:00,71.69313049316406,107.18000030517578,107.19999694824219,106.93000030517578,107.08000183105469,916100
2010-11-19 00:00:00,71.77337646484375,107.30000305175781,107.37000274658203,107.19000244140625,107.22000122070312,658200
2010-11-22 00:00:00,71.9472427368164,107.55999755859375,107.61000061035156,107.44000244140625,107.44000244140625,512200
2010-11-23 00:00:00,72.0208969116211,107.66999816894531,107.88999938964844,107.66999816894531,107.83999633789062,412300
2010-11-24 00:00:00,71.67303466796875,107.1500015258789,107.5199966430664,107.13999938964844,107.5,740700
2010-11-26 00:00:00,71.82026672363281,107.37000274658203,107.41999816894531,107.22000122070312,107.2300033569336,134200
2010-11-29 00:00:00,71.86699676513672,107.44000244140625,107.58999633789062,107.3499984741211,107.58999633789062,658900
2010-11-30 00:00:00,71.82026672363281,107.37000274658203,107.73999786376953,107.33000183105469,107.73999786376953,767900
2010-12-01 00:00:00,71.44574737548828,106.26000213623047,106.55999755859375,106.25,106.55999755859375,950600
2010-12-02 00:00:00,71.30451965332031,106.05000305175781,106.3499984741211,106.04000091552734,106.31999969482422,1124900
2010-12-03 00:00:00,71.44574737548828,106.26000213623047,106.5,106.12000274658203,106.44000244140625,660000
2010-12-06 00:00:00,71.70791625976562,106.6500015258789,106.6500015258789,106.4000015258789,106.44999694824219,2606200
2010-12-07 00:00:00,71.14988708496094,105.81999969482422,106.33000183105469,105.68000030517578,106.26000213623047,1214600
2010-12-08 00:00:00,70.80694580078125,105.30999755859375,105.55000305175781,104.93000030517578,105.55000305175781,1856200
2010-12-09 00:00:00,70.9347152709961,105.5,105.62999725341797,105.2699966430664,105.4800033569336,805800
2010-12-10 00:00:00,70.80023193359375,105.30000305175781,105.48999786376953,105.20999908447266,105.48999786376953,1217500
2010-12-13 00:00:00,70.84725189208984,105.37000274658203,105.4800033569336,104.97000122070312,105.06999969482422,1813000
2010-12-14 00:00:00,70.45059967041016,104.77999877929688,105.27999877929688,104.5999984741211,105.16000366210938,941200
2010-12-15 00:00:00,70.32954406738281,104.5999984741211,104.98999786376953,104.36000061035156,104.86000061035156,1357500
2010-12-16 00:00:00,70.46403503417969,104.80000305175781,104.83999633789062,104.30000305175781,104.5,1647800
2010-12-17 00:00:00,70.84725189208984,105.37000274658203,105.41000366210938,104.83000183105469,104.83000183105469,1579300
2010-12-20 00:00:00,70.89435577392578,105.44000244140625,105.66999816894531,105.26000213623047,105.41000366210938,930100
2010-12-21 00:00:00,71.02886962890625,105.63999938964844,105.6500015258789,105.37999725341797,105.48999786376953,1520300
2010-12-22 00:00:00,70.94816589355469,105.5199966430664,105.70999908447266,105.4000015258789,105.70999908447266,669500
2010-12-23 00:00:00,70.8136978149414,105.31999969482422,105.44000244140625,105.25,105.41000366210938,1285800
2010-12-27 00:00:00,71.01541900634766,105.62000274658203,105.68000030517578,105.16000366210938,105.36000061035156,686600
2010-12-28 00:00:00,70.59986114501953,104.66000366210938,105.27999877929688,104.66000366210938,105.16000366210938,709000
2010-12-29 00:00:00,71.09905242919922,105.4000015258789,105.47000122070312,104.68000030517578,104.70999908447266,487100
2010-12-30 00:00:00,71.04505157470703,105.31999969482422,105.38999938964844,105.0999984741211,105.27999877929688,780500
2010-12-31 00:00:00,71.33513641357422,105.75,105.75,105.37000274658203,105.37999725341797,551600
2011-01-03 00:00:00,71.25416564941406,105.62999725341797,105.68000030517578,105.30000305175781,105.4000015258789,739700
2011-01-04 00:00:00,71.2743911743164,105.66000366210938,105.7699966430664,105.5,105.68000030517578,625500
2011-01-05 00:00:00,70.93036651611328,105.1500015258789,105.36000061035156,104.94000244140625,105.27999877929688,864200
2011-01-06 00:00:00,70.94390106201172,105.16999816894531,105.30999755859375,105.11000061035156,105.30999755859375,2032600
2011-01-07 00:00:00,71.1732177734375,105.51000213623047,105.61000061035156,105.18000030517578,105.30999755859375,968500
2011-01-10 00:00:00,71.36212158203125,105.79000091552734,105.79000091552734,105.55000305175781,105.58999633789062,566000
2011-01-11 00:00:00,71.22048950195312,105.58000183105469,105.80999755859375,105.44000244140625,105.80999755859375,620800
2011-01-12 00:00:00,71.21368408203125,105.56999969482422,105.5999984741211,105.30999755859375,105.48999786376953,562400
2011-01-13 00:00:00,71.47010040283203,105.94999694824219,105.94999694824219,105.41999816894531,105.43000030517578,943500
2011-01-14 00:00:00,71.32166290283203,105.7300033569336,106.0,105.7300033569336,105.98999786376953,751900
2011-01-18 00:00:00,71.2743911743164,105.66000366210938,105.73999786376953,105.45999908447266,105.69000244140625,445200
2011-01-19 00:00:00,71.28791809082031,105.68000030517578,105.76000213623047,105.52999877929688,105.55999755859375,912100
2011-01-20 00:00:00,71.01808166503906,105.27999877929688,105.58000183105469,105.19999694824219,105.51000213623047,846300
2011-01-21 00:00:00,71.24068450927734,105.61000061035156,105.61000061035156,105.23999786376953,105.25,578200
2011-01-24 00:00:00,71.20024871826172,105.55000305175781,105.69000244140625,105.48999786376953,105.48999786376953,535300
2011-01-25 00:00:00,71.42284393310547,105.87999725341797,105.93000030517578,105.4800033569336,105.56999969482422,483400
2011-01-26 00:00:00,71.18671417236328,105.52999877929688,105.77999877929688,105.51000213623047,105.73999786376953,568400
2011-01-27 00:00:00,71.30818939208984,105.70999908447266,105.75,105.5199966430664,105.63999938964844,598500
2011-01-28 00:00:00,71.40931701660156,105.86000061035156,105.97000122070312,105.58000183105469,105.5999984741211,783100
2011-01-31 00:00:00,71.2743911743164,105.66000366210938,105.94000244140625,105.58999633789062,105.8499984741211,1691500
2011-02-01 00:00:00,71.12284088134766,105.12000274658203,105.26000213623047,105.02999877929688,105.25,700500
2011-02-02 00:00:00,71.04166412353516,105.0,105.2300033569336,104.87999725341797,105.1500015258789,513000
2011-02-03 00:00:00,70.77781677246094,104.61000061035156,104.87000274658203,104.61000061035156,104.79000091552734,912300
2011-02-04 00:00:00,70.54100799560547,104.26000213623047,104.62999725341797,104.19999694824219,104.47000122070312,1116600
2011-02-07 00:00:00,70.56804656982422,104.30000305175781,104.33000183105469,104.11000061035156,104.16999816894531,604700
2011-02-08 00:00:00,70.36512756347656,104.0,104.31999969482422,103.91000366210938,104.30999755859375,741000
2011-02-09 00:00:00,70.49364471435547,104.19000244140625,104.31999969482422,103.93000030517578,104.04000091552734,518100
2011-02-10 00:00:00,70.29061889648438,103.88999938964844,104.16999816894531,103.8499984741211,104.11000061035156,520800
2011-02-11 00:00:00,70.56804656982422,104.30000305175781,104.36000061035156,104.06999969482422,104.30999755859375,797200
2011-02-14 00:00:00,70.6019058227539,104.3499984741211,104.44999694824219,104.20999908447266,104.20999908447266,1024900
2011-02-15 00:00:00,70.68984985351562,104.4800033569336,104.48999786376953,104.31999969482422,104.3499984741211,513500
2011-02-16 00:00:00,70.68984985351562,104.4800033569336,104.6500015258789,104.4000015258789,104.4800033569336,474800
2011-02-17 00:00:00,70.85902404785156,104.7300033569336,104.81999969482422,104.66000366210938,104.69999694824219,606300
2011-02-18 00:00:00,70.8319091796875,104.69000244140625,104.72000122070312,104.5,104.56999969482422,694400
2011-02-22 00:00:00,71.08899688720703,105.06999969482422,105.13999938964844,104.80000305175781,104.80999755859375,1033400
2011-02-23 00:00:00,71.14321899414062,105.1500015258789,105.29000091552734,105.04000091552734,105.19999694824219,707000
2011-02-24 00:00:00,71.15668487548828,105.16999816894531,105.33999633789062,105.16000366210938,105.23999786376953,1135300
2011-02-25 00:00:00,71.3460922241211,105.44999694824219,105.47000122070312,105.25,105.2699966430664,542000
2011-02-28 00:00:00,71.48146057128906,105.6500015258789,105.6500015258789,105.45999908447266,105.52999877929688,558200
2011-03-01 00:00:00,71.4238052368164,105.27999877929688,105.37999725341797,105.05000305175781,105.0999984741211,735700
2011-03-02 00:00:00,71.30848693847656,105.11000061035156,105.38999938964844,105.08999633789062,105.30999755859375,506200
2011-03-03 00:00:00,71.05745697021484,104.73999786376953,104.91999816894531,104.68000030517578,104.91000366210938,618700
2011-03-04 00:00:00,71.24742126464844,105.0199966430664,105.11000061035156,104.8499984741211,104.88999938964844,761700
2011-03-07 00:00:00,71.28131103515625,105.06999969482422,105.22000122070312,104.80999755859375,104.94000244140625,621200
2011-03-08 00:00:00,71.22706604003906,104.98999786376953,105.06999969482422,104.9000015258789,104.94999694824219,527200
2011-03-09 00:00:00,71.39665222167969,105.23999786376953,105.37000274658203,104.95999908447266,105.05000305175781,590600
2011-03-10 00:00:00,71.64764404296875,105.61000061035156,105.66000366210938,105.27999877929688,105.41000366210938,467900
2011-03-11 00:00:00,71.66122436523438,105.62999725341797,105.73999786376953,105.51000213623047,105.63999938964844,473800
2011-03-14 00:00:00,71.70195007324219,105.69000244140625,105.9800033569336,105.69000244140625,105.81999969482422,415900
2011-03-15 00:00:00,71.72907257080078,105.7300033569336,106.05999755859375,105.70999908447266,106.0,672500
2011-03-16 00:00:00,71.93258666992188,106.02999877929688,106.54000091552734,105.86000061035156,105.95999908447266,1012200
2011-03-17 00:00:00,71.88510131835938,105.95999908447266,106.08000183105469,105.73999786376953,105.87000274658203,584800
2011-03-18 00:00:00,71.85796356201172,105.91999816894531,105.95999908447266,105.7300033569336,105.80999755859375,382900
2011-03-21 00:00:00,71.68836212158203,105.66999816894531,105.87999725341797,105.55000305175781,105.87000274658203,460900
2011-03-22 00:00:00,71.69515228271484,105.68000030517578,105.7300033569336,105.54000091552734,105.55999755859375,604800
2011-03-23 00:00:00,71.66122436523438,105.62999725341797,105.8499984741211,105.58000183105469,105.83000183105469,472300
2011-03-24 00:00:00,71.4645004272461,105.33999633789062,105.52999877929688,105.27999877929688,105.45999908447266,1570000
2011-03-25 00:00:00,71.40340423583984,105.25,105.52999877929688,105.18000030517578,105.52999877929688,811200
2011-03-28 00:00:00,71.36953735351562,105.19999694824219,105.26000213623047,105.08000183105469,105.12999725341797,1443600
2011-03-29 00:00:00,71.28131103515625,105.06999969482422,105.30999755859375,105.02999877929688,105.12000274658203,538100
2011-03-30 00:00:00,71.40340423583984,105.25,105.30000305175781,105.0999984741211,105.16999816894531,791500
2011-03-31 00:00:00,71.32200622558594,105.12999725341797,105.4000015258789,105.12999725341797,105.37000274658203,1014400
2011-04-01 00:00:00,71.41934967041016,104.95999908447266,105.02999877929688,104.68000030517578,104.70999908447266,983700
2011-04-04 00:00:00,71.53498077392578,105.12999725341797,105.25,105.0199966430664,105.02999877929688,517500
2011-04-05 00:00:00,71.38532257080078,104.91000366210938,105.11000061035156,104.8499984741211,105.08999633789062,801900
2011-04-06 00:00:00,71.17439270019531,104.5999984741211,104.91000366210938,104.5999984741211,104.9000015258789,980400
2011-04-07 00:00:00,71.28325653076172,104.76000213623047,104.91999816894531,104.66000366210938,104.69000244140625,681700
2011-04-08 00:00:00,71.14712524414062,104.55999755859375,104.69000244140625,104.52999877929688,104.62000274658203,392900
2011-04-11 00:00:00,71.21522521972656,104.66000366210938,104.75,104.55000305175781,104.5999984741211,387000
2011-04-12 00:00:00,71.48731231689453,105.05999755859375,105.12000274658203,104.83000183105469,104.83000183105469,563000
2011-04-13 00:00:00,71.56219482421875,105.16999816894531,105.2300033569336,104.88999938964844,104.88999938964844,531500
2011-04-14 00:00:00,71.49419403076172,105.06999969482422,105.26000213623047,105.06999969482422,105.19000244140625,654100
2011-04-15 00:00:00,71.75271606445312,105.44999694824219,105.51000213623047,105.30999755859375,105.30999755859375,391100
2011-04-18 00:00:00,71.87522888183594,105.62999725341797,105.76000213623047,105.43000030517578,105.48999786376953,720400
2011-04-19 00:00:00,72.01814270019531,105.83999633789062,105.87999725341797,105.75,105.80999755859375,470800
2011-04-20 00:00:00,71.91602325439453,105.69000244140625,105.83000183105469,105.63999938964844,105.75,388800
2011-04-21 00:00:00,71.96370697021484,105.76000213623047,105.83000183105469,105.66999816894531,105.69999694824219,447800
2011-04-25 00:00:00,72.00447845458984,105.81999969482422,105.91999816894531,105.69999694824219,105.75,541700
2011-04-26 00:00:00,72.2698974609375,106.20999908447266,106.20999908447266,105.91000366210938,105.91000366210938,569700
2011-04-27 00:00:00,72.20867156982422,106.12000274658203,106.1500015258789,105.87000274658203,106.0199966430664,473300
2011-04-28 00:00:00,72.37875366210938,106.37000274658203,106.38999938964844,106.16999816894531,106.27999877929688,573100
2011-04-29 00:00:00,72.4400405883789,106.45999908447266,106.48999786376953,106.23999786376953,106.23999786376953,499000
2011-05-02 00:00:00,72.47818756103516,106.19999694824219,106.23999786376953,106.04000091552734,106.20999908447266,613500
2011-05-03 00:00:00,72.49867248535156,106.2300033569336,106.33999633789062,106.1500015258789,106.26000213623047,485900
2011-05-04 00:00:00,72.63517761230469,106.43000030517578,106.44000244140625,106.22000122070312,106.22000122070312,659200
2011-05-05 00:00:00,72.79896545410156,106.66999816894531,106.72000122070312,106.47000122070312,106.47000122070312,800700
2011-05-06 00:00:00,72.7921371459961,106.66000366210938,106.83000183105469,106.43000030517578,106.55999755859375,1020900
2011-05-09 00:00:00,72.87406158447266,106.77999877929688,106.81999969482422,106.69000244140625,106.69000244140625,502200
2011-05-10 00:00:00,72.74436950683594,106.58999633789062,106.7300033569336,106.54000091552734,106.6500015258789,536100
2011-05-11 00:00:00,72.87406158447266,106.77999877929688,106.80999755859375,106.5,106.5,538800
2011-05-12 00:00:00,72.76483154296875,106.62000274658203,106.80999755859375,106.52999877929688,106.72000122070312,767000
2011-05-13 00:00:00,72.8808364868164,106.79000091552734,106.98999786376953,106.69999694824219,106.73999786376953,312700
2011-05-16 00:00:00,73.037841796875,107.0199966430664,107.06999969482422,106.77999877929688,106.80000305175781,678100
2011-05-17 00:00:00,73.11975860595703,107.13999938964844,107.20999908447266,107.05999755859375,107.11000061035156,683500
2011-05-18 00:00:00,73.00369262695312,106.97000122070312,107.1500015258789,106.9000015258789,107.0999984741211,618600
2011-05-19 00:00:00,72.94908905029297,106.88999938964844,106.94999694824219,106.63999938964844,106.68000030517578,632800
2011-05-20 00:00:00,73.01739501953125,106.98999786376953,107.04000091552734,106.91000366210938,106.94000244140625,938500
2011-05-23 00:00:00,73.07878875732422,107.08000183105469,107.2300033569336,107.06999969482422,107.19000244140625,804100
2011-05-24 00:00:00,73.1060562133789,107.12000274658203,107.16999816894531,106.9800033569336,107.02999877929688,579400
2011-05-25 00:00:00,73.09246063232422,107.0999984741211,107.23999786376953,107.05999755859375,107.0999984741211,543400
2011-05-26 00:00:00,73.24939727783203,107.33000183105469,107.38999938964844,107.11000061035156,107.16000366210938,861600
2011-05-27 00:00:00,73.31764221191406,107.43000030517578,107.51000213623047,107.33000183105469,107.38999938964844,509700
2011-05-31 00:00:00,73.338134765625,107.45999908447266,107.62000274658203,107.27999877929688,107.31999969482422,1047300
2011-06-01 00:00:00,73.6550521850586,107.61000061035156,107.62999725341797,107.30999755859375,107.30999755859375,1139400
2011-06-02 00:00:00,73.36073303222656,107.18000030517578,107.47000122070312,107.16999816894531,107.30999755859375,666600
2011-06-03 00:00:00,73.45652770996094,107.31999969482422,107.52999877929688,107.16999816894531,107.52999877929688,522300
2011-06-06 00:00:00,73.47019958496094,107.33999633789062,107.43000030517578,107.18000030517578,107.2300033569336,1477400
2011-06-07 00:00:00,73.62079620361328,107.55999755859375,107.55999755859375,107.18000030517578,107.23999786376953,1737600
2011-06-08 00:00:00,73.68238830566406,107.6500015258789,107.80000305175781,107.54000091552734,107.54000091552734,1085200
2011-06-09 00:00:00,73.57292175292969,107.48999786376953,107.66000366210938,107.38999938964844,107.5999984741211,646500
2011-06-10 00:00:00,73.56607055664062,107.4800033569336,107.6500015258789,107.38999938964844,107.52999877929688,1160500
2011-06-13 00:00:00,73.47019958496094,107.33999633789062,107.61000061035156,107.30999755859375,107.36000061035156,956000
2011-06-14 00:00:00,73.27174377441406,107.05000305175781,107.18000030517578,107.0199966430664,107.1500015258789,1199000
2011-06-15 00:00:00,73.45652770996094,107.31999969482422,107.47000122070312,107.05999755859375,107.08000183105469,1395500
2011-06-16 00:00:00,73.50447082519531,107.38999938964844,107.56999969482422,107.37000274658203,107.4000015258789,1211900
2011-06-17 00:00:00,73.57292175292969,107.48999786376953,107.51000213623047,107.33999633789062,107.44000244140625,871300
2011-06-20 00:00:00,73.47709655761719,107.3499984741211,107.5199966430664,107.29000091552734,107.5199966430664,731900
2011-06-21 00:00:00,73.54549407958984,107.44999694824219,107.47000122070312,107.2300033569336,107.25,803600
2011-06-22 00:00:00,73.49760437011719,107.37999725341797,107.55999755859375,107.23999786376953,107.5,897800
2011-06-23 00:00:00,73.73715209960938,107.7300033569336,107.80000305175781,107.52999877929688,107.55000305175781,2735300
2011-06-24 00:00:00,73.66868591308594,107.62999725341797,107.87999725341797,107.62000274658203,107.62999725341797,1084100
2011-06-27 00:00:00,73.53865051269531,107.44000244140625,107.69999694824219,107.36000061035156,107.69999694824219,730600
2011-06-28 00:00:00,73.24436950683594,107.01000213623047,107.37999725341797,106.94999694824219,107.33999633789062,1038500
2011-06-29 00:00:00,73.0253677368164,106.69000244140625,107.08999633789062,106.68000030517578,107.02999877929688,2533800
2011-06-30 00:00:00,73.0116195678711,106.66999816894531,106.91000366210938,106.4000015258789,106.87000274658203,1295600
2011-07-01 00:00:00,73.03494262695312,106.4000015258789,106.54000091552734,106.2699966430664,106.5,1970000
2011-07-05 00:00:00,73.31641387939453,106.80999755859375,106.81999969482422,106.56999969482422,106.56999969482422,799200
2011-07-06 00:00:00,73.35755157470703,106.87000274658203,106.93000030517578,106.76000213623047,106.79000091552734,774600
2011-07-07 00:00:00,73.15168762207031,106.56999969482422,106.66999816894531,106.44999694824219,106.62999725341797,1291600
2011-07-08 00:00:00,73.52924346923828,107.12000274658203,107.19999694824219,106.93000030517578,106.9800033569336,682800
2011-07-11 00:00:00,73.72823333740234,107.41000366210938,107.54000091552734,107.25,107.33999633789062,615000
2011-07-12 00:00:00,73.79004669189453,107.5,107.61000061035156,107.33000183105469,107.51000213623047,681500
2011-07-13 00:00:00,73.93418884277344,107.70999908447266,107.72000122070312,107.4000015258789,107.43000030517578,508400
2011-07-14 00:00:00,73.74884796142578,107.44000244140625,107.70999908447266,107.41999816894531,107.56999969482422,1724900
2011-07-15 00:00:00,73.85179901123047,107.58999633789062,107.69000244140625,107.31999969482422,107.38999938964844,638300
2011-07-18 00:00:00,73.7419662475586,107.43000030517578,107.6500015258789,107.37999725341797,107.56999969482422,641600
2011-07-19 00:00:00,73.89985656738281,107.66000366210938,107.66000366210938,107.33000183105469,107.37000274658203,780100
2011-07-20 00:00:00,73.78321075439453,107.48999786376953,107.80000305175781,107.47000122070312,107.55000305175781,627300
2011-07-21 00:00:00,73.66649627685547,107.31999969482422,107.47000122070312,107.16999816894531,107.36000061035156,839200
2011-07-22 00:00:00,73.82437896728516,107.55000305175781,107.56999969482422,107.38999938964844,107.41000366210938,458000
2011-07-25 00:00:00,73.611572265625,107.23999786376953,107.55999755859375,107.20999908447266,107.29000091552734,1154600
2011-07-26 00:00:00,73.78321075439453,107.48999786376953,107.58999633789062,107.30999755859375,107.3499984741211,832200
2011-07-27 00:00:00,73.65959930419922,107.30999755859375,107.51000213623047,107.25,107.33999633789062,662700
2011-07-28 00:00:00,73.80377960205078,107.5199966430664,107.62999725341797,107.41000366210938,107.51000213623047,823600
2011-07-29 00:00:00,74.24311828613281,108.16000366210938,108.19999694824219,107.69999694824219,107.80000305175781,1400700
2011-08-01 00:00:00,74.42201232910156,108.12000274658203,108.2300033569336,107.81999969482422,107.83999633789062,1300600
2011-08-02 00:00:00,74.73866271972656,108.58000183105469,108.66999816894531,108.13999938964844,108.29000091552734,1010600
2011-08-03 00:00:00,74.81436157226562,108.69000244140625,108.94999694824219,108.61000061035156,108.69000244140625,1237500
2011-08-04 00:00:00,75.21360778808594,109.2699966430664,109.37000274658203,108.76000213623047,108.80000305175781,1585700
2011-08-05 00:00:00,74.71803283691406,108.55000305175781,109.26000213623047,108.41999816894531,108.97000122070312,2184400
2011-08-08 00:00:00,74.7524185180664,108.5999984741211,108.80000305175781,108.51000213623047,108.68000030517578,2068500
2011-08-09 00:00:00,75.19292449951172,109.23999786376953,109.97000122070312,108.44999694824219,108.5999984741211,1642600
2011-08-10 00:00:00,75.80552673339844,110.12999725341797,110.16999816894531,109.63999938964844,109.75,1102400
2011-08-11 00:00:00,74.86260223388672,108.76000213623047,109.94000244140625,108.7300033569336,109.94000244140625,2596300
2011-08-12 00:00:00,75.19292449951172,109.23999786376953,109.55999755859375,108.93000030517578,109.16000366210938,2472300
2011-08-15 00:00:00,75.30994415283203,109.41000366210938,109.56999969482422,109.25,109.52999877929688,1034200
2011-08-16 00:00:00,75.46833038330078,109.63999938964844,109.76000213623047,109.29000091552734,109.29000091552734,900100
2011-08-17 00:00:00,75.59217834472656,109.81999969482422,109.97000122070312,109.5,109.7300033569336,1119500
2011-08-18 00:00:00,75.70233154296875,109.9800033569336,110.5,109.9000015258789,110.23999786376953,954300
2011-08-19 00:00:00,75.73672485351562,110.02999877929688,110.05999755859375,109.80999755859375,109.9800033569336,1271800
2011-08-22 00:00:00,75.64038848876953,109.88999938964844,109.9800033569336,109.72000122070312,109.81999969482422,761800
2011-08-23 00:00:00,75.4614028930664,109.62999725341797,109.72000122070312,109.5,109.72000122070312,757100
2011-08-24 00:00:00,75.03467559814453,109.01000213623047,109.51000213623047,108.93000030517578,109.5,663300
2011-08-25 00:00:00,75.1861343383789,109.2300033569336,109.33000183105469,109.02999877929688,109.13999938964844,647100
2011-08-26 00:00:00,75.289306640625,109.37999725341797,109.58000183105469,109.19000244140625,109.5199966430664,674700
2011-08-29 00:00:00,75.20671844482422,109.26000213623047,109.2699966430664,109.08000183105469,109.16000366210938,1150700
2011-08-30 00:00:00,75.44071960449219,109.5999984741211,109.7699966430664,109.41999816894531,109.55000305175781,1108200
2011-08-31 00:00:00,75.37193298339844,109.5,109.87999725341797,109.48999786376953,109.77999877929688,2444400
2011-09-01 00:00:00,75.61474609375,109.62000274658203,109.69000244140625,109.16000366210938,109.47000122070312,1541600
2011-09-02 00:00:00,75.84236145019531,109.94999694824219,110.16000366210938,109.80000305175781,109.97000122070312,923900
2011-09-06 00:00:00,76.04237365722656,110.23999786376953,110.41000366210938,110.19000244140625,110.41000366210938,1104100
2011-09-07 00:00:00,75.8630599975586,109.9800033569336,110.12000274658203,109.8499984741211,110.05999755859375,919500
2011-09-08 00:00:00,75.88374328613281,110.01000213623047,110.16999816894531,109.86000061035156,110.16000366210938,1169400
2011-09-09 00:00:00,75.98719024658203,110.16000366210938,110.2699966430664,109.9800033569336,110.05999755859375,809700
2011-09-12 00:00:00,75.83546447753906,109.94000244140625,110.19000244140625,109.83999633789062,110.19000244140625,1038000
2011-09-13 00:00:00,75.8630599975586,109.9800033569336,110.05999755859375,109.8499984741211,110.04000091552734,701400
2011-09-14 00:00:00,75.87684631347656,110.0,110.11000061035156,109.86000061035156,109.9000015258789,1065300
2011-09-15 00:00:00,75.6561050415039,109.68000030517578,109.91999816894531,109.68000030517578,109.83999633789062,1046700
2011-09-16 00:00:00,75.76653289794922,109.83999633789062,109.83999633789062,109.54000091552734,109.66999816894531,885700
2011-09-19 00:00:00,75.93202209472656,110.08000183105469,110.25,110.05000305175781,110.18000030517578,786500
2011-09-20 00:00:00,76.08377838134766,110.30000305175781,110.30000305175781,110.08000183105469,110.25,701600
2011-09-21 00:00:00,76.20799255371094,110.4800033569336,110.52999877929688,110.08000183105469,110.2699966430664,1242900
2011-09-22 00:00:00,76.42866516113281,110.80000305175781,111.02999877929688,110.63999938964844,110.79000091552734,875000
2011-09-23 00:00:00,76.03557586669922,110.2300033569336,110.93000030517578,110.20999908447266,110.93000030517578,1113400
2011-09-26 00:00:00,75.8630599975586,109.9800033569336,110.27999877929688,109.91000366210938,110.13999938964844,1158800
2011-09-27 00:00:00,75.75960540771484,109.83000183105469,109.8499984741211,109.61000061035156,109.72000122070312,1287400
2011-09-28 00:00:00,75.69755554199219,109.73999786376953,109.80000305175781,109.5199966430664,109.79000091552734,850400
2011-09-29 00:00:00,75.66990661621094,109.69999694824219,109.87000274658203,109.55999755859375,109.63999938964844,825000
2011-09-30 00:00:00,75.95269775390625,110.11000061035156,110.22000122070312,109.86000061035156,110.0,1020700
2011-10-03 00:00:00,76.2630844116211,110.33999633789062,110.38999938964844,109.94000244140625,110.11000061035156,2372400
2011-10-04 00:00:00,76.02806854248047,110.0,110.52999877929688,109.98999786376953,110.43000030517578,1351400
2011-10-05 00:00:00,75.7723617553711,109.62999725341797,109.93000030517578,109.5999984741211,109.9000015258789,1499100
2011-10-06 00:00:00,75.64794158935547,109.44999694824219,109.7300033569336,109.38999938964844,109.62000274658203,1022500
2011-10-07 00:00:00,75.49590301513672,109.2300033569336,109.37000274658203,109.02999877929688,109.2300033569336,1513800
2011-10-10 00:00:00,75.34382629394531,109.01000213623047,109.2300033569336,108.69999694824219,109.16000366210938,711500
2011-10-11 00:00:00,75.52350616455078,109.2699966430664,109.29000091552734,108.95999908447266,109.08000183105469,2155000
2011-10-12 00:00:00,75.37837219238281,109.05999755859375,109.16000366210938,108.81999969482422,108.88999938964844,1120800
2011-10-13 00:00:00,75.41986846923828,109.12000274658203,109.31999969482422,108.93000030517578,109.16999816894531,939600
2011-10-14 00:00:00,75.29544067382812,108.94000244140625,109.0999984741211,108.77999877929688,108.77999877929688,587500
2011-10-17 00:00:00,75.59263610839844,109.37000274658203,109.37000274658203,109.0,109.01000213623047,826700
2011-10-18 00:00:00,75.50971984863281,109.25,109.54000091552734,109.12000274658203,109.31999969482422,958800
2011-10-19 00:00:00,75.62025451660156,109.41000366210938,109.56999969482422,109.16000366210938,109.2699966430664,780200
2011-10-20 00:00:00,75.57878875732422,109.3499984741211,109.62999725341797,109.20999908447266,109.37999725341797,860800
2011-10-21 00:00:00,75.62025451660156,109.41000366210938,109.52999877929688,109.23999786376953,109.45999908447266,555300
2011-10-24 00:00:00,75.50279998779297,109.23999786376953,109.45999908447266,109.16000366210938,109.45999908447266,867600
2011-10-25 00:00:00,75.88985443115234,109.80000305175781,109.80999755859375,109.26000213623047,109.33000183105469,1478200
2011-10-26 00:00:00,75.6824722290039,109.5,109.7699966430664,109.38999938964844,109.58999633789062,664200
2011-10-27 00:00:00,75.39219665527344,109.08000183105469,109.41999816894531,108.91000366210938,109.38999938964844,960200
2011-10-28 00:00:00,75.689453125,109.51000213623047,109.54000091552734,109.1500015258789,109.16999816894531,979100
2011-10-31 00:00:00,76.048828125,110.02999877929688,110.02999877929688,109.7300033569336,109.83000183105469,1747000
2011-11-01 00:00:00,76.41399383544922,110.2699966430664,110.29000091552734,109.8499984741211,109.9000015258789,1443700
2011-11-02 00:00:00,76.41399383544922,110.2699966430664,110.33999633789062,109.91999816894531,109.97000122070312,732400
2011-11-03 00:00:00,76.24768829345703,110.02999877929688,110.18000030517578,109.87999725341797,109.97000122070312,1116000
2011-11-04 00:00:00,76.22687530517578,110.0,110.19999694824219,109.95999908447266,110.02999877929688,2040100
2011-11-07 00:00:00,76.28921508789062,110.08999633789062,110.33999633789062,109.97000122070312,109.98999786376953,745300
2011-11-08 00:00:00,76.18531799316406,109.94000244140625,110.18000030517578,109.8499984741211,109.94999694824219,949300
2011-11-09 00:00:00,76.31693267822266,110.12999725341797,110.33999633789062,110.0199966430664,110.16999816894531,780000
2011-11-10 00:00:00,76.17145538330078,109.91999816894531,110.16000366210938,109.66999816894531,109.9000015258789,1307800
2011-11-11 00:00:00,76.08135986328125,109.79000091552734,109.87000274658203,109.69000244140625,109.80000305175781,1803400
2011-11-14 00:00:00,76.14373779296875,109.87999725341797,110.01000213623047,109.75,109.95999908447266,1189600
2011-11-15 00:00:00,76.04674530029297,109.73999786376953,109.93000030517578,109.58999633789062,109.86000061035156,787800
2011-11-16 00:00:00,76.0190200805664,109.69999694824219,109.98999786376953,109.5999984741211,109.9800033569336,1213100
2011-11-17 00:00:00,75.9774398803711,109.63999938964844,109.8499984741211,109.5,109.66000366210938,1670000
2011-11-18 00:00:00,75.9636001586914,109.62000274658203,109.7300033569336,109.44000244140625,109.7300033569336,805700
2011-11-21 00:00:00,75.94971466064453,109.5999984741211,109.77999877929688,109.56999969482422,109.76000213623047,838800
2011-11-22 00:00:00,76.00511932373047,109.68000030517578,109.75,109.43000030517578,109.55999755859375,1051000
2011-11-23 00:00:00,76.07444763183594,109.77999877929688,109.94000244140625,109.54000091552734,109.5999984741211,865500
2011-11-25 00:00:00,75.97050476074219,109.62999725341797,109.86000061035156,109.58000183105469,109.79000091552734,764800
2011-11-28 00:00:00,75.9636001586914,109.62000274658203,109.66999816894531,109.23999786376953,109.37000274658203,1726100
2011-11-29 00:00:00,75.99128723144531,109.66000366210938,109.70999908447266,109.2699966430664,109.48999786376953,1718500
2011-11-30 00:00:00,75.79721069335938,109.37999725341797,109.61000061035156,109.2699966430664,109.58999633789062,1280300
2011-12-01 00:00:00,75.82373809814453,108.83999633789062,108.97000122070312,108.5999984741211,108.80000305175781,1831000
2011-12-02 00:00:00,76.01883697509766,109.12000274658203,109.20999908447266,108.76000213623047,108.80999755859375,917500
2011-12-05 00:00:00,76.10238647460938,109.23999786376953,109.23999786376953,108.9000015258789,108.98999786376953,1063700
2011-12-06 00:00:00,76.03271484375,109.13999938964844,109.20999908447266,108.86000061035156,109.11000061035156,1105300
2011-12-07 00:00:00,76.17202758789062,109.33999633789062,109.43000030517578,109.05999755859375,109.22000122070312,691000
2011-12-08 00:00:00,76.24869537353516,109.44999694824219,109.58000183105469,109.2699966430664,109.30000305175781,1228900
2011-12-09 00:00:00,76.20689392089844,109.38999938964844,109.58000183105469,109.26000213623047,109.43000030517578,934900
2011-12-12 00:00:00,76.22781372070312,109.41999816894531,109.62999725341797,109.41000366210938,109.47000122070312,1220900
2011-12-13 00:00:00,76.38105773925781,109.63999938964844,109.77999877929688,109.37999725341797,109.43000030517578,1468000
2011-12-14 00:00:00,76.56915283203125,109.91000366210938,110.04000091552734,109.7300033569336,109.79000091552734,928500
2011-12-15 00:00:00,76.4089126586914,109.68000030517578,109.95999908447266,109.58999633789062,109.86000061035156,3769300
2011-12-16 00:00:00,76.66666412353516,110.05000305175781,110.12000274658203,109.83999633789062,109.87999725341797,1182000
2011-12-19 00:00:00,76.74327850341797,110.16000366210938,110.2300033569336,109.95999908447266,110.05000305175781,1123700
2011-12-20 00:00:00,76.63883209228516,110.01000213623047,110.19999694824219,109.97000122070312,110.05999755859375,2779500
2011-12-21 00:00:00,76.44376373291016,109.7300033569336,110.02999877929688,109.69000244140625,109.98999786376953,930000
2011-12-22 00:00:00,76.56220245361328,109.9000015258789,109.94000244140625,109.77999877929688,109.9000015258789,1465900
2011-12-23 00:00:00,76.47158813476562,109.7699966430664,109.83000183105469,109.45999908447266,109.70999908447266,679700
2011-12-27 00:00:00,76.60956573486328,109.94000244140625,109.94000244140625,109.66999816894531,109.69999694824219,1090600
2011-12-28 00:00:00,76.7419662475586,110.12999725341797,110.2300033569336,109.91000366210938,109.98999786376953,873800
2011-12-29 00:00:00,76.92317962646484,110.38999938964844,110.44000244140625,110.08000183105469,110.23999786376953,985400
2011-12-30 00:00:00,76.82562255859375,110.25,110.63999938964844,110.23999786376953,110.51000213623047,1098300
2012-01-03 00:00:00,76.67230224609375,110.02999877929688,110.19999694824219,109.91999816894531,110.19999694824219,1994600
2012-01-04 00:00:00,76.56778717041016,109.87999725341797,110.06999969482422,109.7699966430664,110.06999969482422,1299200
2012-01-05 00:00:00,76.67230224609375,110.02999877929688,110.05000305175781,109.8499984741211,109.91000366210938,856500
2012-01-06 00:00:00,76.73506927490234,110.12000274658203,110.25,110.0199966430664,110.02999877929688,897900
2012-01-09 00:00:00,76.67230224609375,110.02999877929688,110.31999969482422,110.0,110.12999725341797,976200
2012-01-10 00:00:00,76.65140533447266,110.0,110.16999816894531,109.94000244140625,110.02999877929688,1002100
2012-01-11 00:00:00,76.92317962646484,110.38999938964844,110.38999938964844,110.05999755859375,110.12999725341797,789900
2012-01-12 00:00:00,76.86042785644531,110.30000305175781,110.37999725341797,110.16999816894531,110.33000183105469,844200
2012-01-13 00:00:00,77.03463745117188,110.55000305175781,110.6500015258789,110.41000366210938,110.41000366210938,765000
2012-01-17 00:00:00,77.05557250976562,110.58000183105469,110.75,110.52999877929688,110.68000030517578,1272900
2012-01-18 00:00:00,76.95802307128906,110.44000244140625,110.68000030517578,110.4000015258789,110.55999755859375,1216900
2012-01-19 00:00:00,76.83259582519531,110.26000213623047,110.47000122070312,110.16999816894531,110.43000030517578,1032300
2012-01-20 00:00:00,76.63749694824219,109.9800033569336,110.31999969482422,109.9000015258789,110.31999969482422,1032600
2012-01-23 00:00:00,76.57473754882812,109.88999938964844,109.98999786376953,109.7699966430664,109.7699966430664,819600
2012-01-24 00:00:00,76.63749694824219,109.9800033569336,109.98999786376953,109.83999633789062,109.97000122070312,791600
2012-01-25 00:00:00,76.74890899658203,110.13999938964844,110.4800033569336,109.8499984741211,109.9800033569336,1559600
2012-01-26 00:00:00,76.90225219726562,110.36000061035156,110.5,110.33000183105469,110.38999938964844,1231700
2012-01-27 00:00:00,77.02770233154297,110.54000091552734,110.62000274658203,110.37000274658203,110.52999877929688,778100
2012-01-30 00:00:00,77.25064849853516,110.86000061035156,110.94000244140625,110.69000244140625,110.75,1490300
2012-01-31 00:00:00,77.3830795288086,111.05000305175781,111.06999969482422,110.72000122070312,110.83999633789062,3255900
2012-02-01 00:00:00,77.24685668945312,110.58000183105469,110.72000122070312,110.44999694824219,110.61000061035156,1965000
2012-02-02 00:00:00,77.267822265625,110.61000061035156,110.68000030517578,110.47000122070312,110.55000305175781,1182200
2012-02-03 00:00:00,77.23284149169922,110.55999755859375,110.5999984741211,110.22000122070312,110.30000305175781,1142400
2012-02-06 00:00:00,77.28875732421875,110.63999938964844,110.63999938964844,110.4000015258789,110.5199966430664,1854400
2012-02-07 00:00:00,77.21186828613281,110.52999877929688,110.56999969482422,110.33999633789062,110.45999908447266,966600
2012-02-08 00:00:00,77.14906311035156,110.44000244140625,110.55000305175781,110.33000183105469,110.47000122070312,1479600
2012-02-09 00:00:00,77.02332305908203,110.26000213623047,110.41999816894531,110.18000030517578,110.37000274658203,1068400
2012-02-10 00:00:00,77.12811279296875,110.41000366210938,110.52999877929688,110.33999633789062,110.3499984741211,714900
2012-02-13 00:00:00,77.15606689453125,110.44999694824219,110.55000305175781,110.38999938964844,110.4800033569336,914800
2012-02-14 00:00:00,77.21892547607422,110.54000091552734,110.72000122070312,110.5199966430664,110.55999755859375,876200
2012-02-15 00:00:00,77.19092559814453,110.5,110.68000030517578,110.48999786376953,110.6500015258789,875500
2012-02-16 00:00:00,77.17701721191406,110.4800033569336,110.58000183105469,110.37999725341797,110.5,918800
2012-02-17 00:00:00,77.07917785644531,110.33999633789062,110.37000274658203,110.19999694824219,110.31999969482422,853700
2012-02-21 00:00:00,76.96046447753906,110.16999816894531,110.31999969482422,110.16000366210938,110.2699966430664,1043800
2012-02-22 00:00:00,77.17701721191406,110.4800033569336,110.4800033569336,110.27999877929688,110.33999633789062,975200
2012-02-23 00:00:00,77.23988342285156,110.56999969482422,110.5999984741211,110.37000274658203,110.41999816894531,788400
2012-02-24 00:00:00,77.2608413696289,110.5999984741211,110.79000091552734,110.58000183105469,110.63999938964844,1364300
2012-02-27 00:00:00,77.50531768798828,110.94999694824219,110.94999694824219,110.76000213623047,110.83000183105469,712000
2012-02-28 00:00:00,77.44943237304688,110.87000274658203,111.05000305175781,110.80999755859375,111.0199966430664,795300
2012-02-29 00:00:00,77.37261962890625,110.76000213623047,110.94000244140625,110.5999984741211,110.94000244140625,1993600
2012-03-01 00:00:00,77.21640014648438,110.26000213623047,110.30999755859375,110.08000183105469,110.2300033569336,1242600
2012-03-02 00:00:00,77.38450622558594,110.5,110.51000213623047,110.30000305175781,110.31999969482422,863900
2012-03-05 00:00:00,77.2724609375,110.33999633789062,110.5199966430664,110.31999969482422,110.4800033569336,1098100
2012-03-06 00:00:00,77.42650604248047,110.55999755859375,110.62000274658203,110.44999694824219,110.55000305175781,1056500
2012-03-07 00:00:00,77.3565444946289,110.45999908447266,110.55999755859375,110.41999816894531,110.55000305175781,836100
2012-03-08 00:00:00,77.18143463134766,110.20999908447266,110.4800033569336,110.18000030517578,110.44999694824219,971300
2012-03-09 00:00:00,77.16741180419922,110.19000244140625,110.2300033569336,110.12999725341797,110.2300033569336,710900
2012-03-12 00:00:00,77.23745727539062,110.29000091552734,110.44999694824219,110.25,110.38999938964844,1096600
2012-03-13 00:00:00,76.97831726074219,109.91999816894531,110.2300033569336,109.9000015258789,110.22000122070312,1444700
2012-03-14 00:00:00,76.55814361572266,109.31999969482422,109.83999633789062,109.25,109.76000213623047,1119800
2012-03-15 00:00:00,76.5230712890625,109.2699966430664,109.45999908447266,109.25,109.26000213623047,800500
2012-03-16 00:00:00,76.53010559082031,109.27999877929688,109.31999969482422,109.05999755859375,109.1500015258789,933900
2012-03-19 00:00:00,76.28498077392578,108.93000030517578,109.30000305175781,108.88999938964844,109.30000305175781,1146800
2012-03-20 00:00:00,76.39708709716797,109.08999633789062,109.08999633789062,108.83999633789062,108.91999816894531,960400
2012-03-21 00:00:00,76.57911682128906,109.3499984741211,109.38999938964844,109.12999725341797,109.2300033569336,590700
2012-03-22 00:00:00,76.649169921875,109.44999694824219,109.47000122070312,109.3499984741211,109.3499984741211,666900
2012-03-23 00:00:00,76.82424926757812,109.69999694824219,109.69999694824219,109.44000244140625,109.47000122070312,758400
2012-03-26 00:00:00,76.76825714111328,109.62000274658203,109.68000030517578,109.44000244140625,109.6500015258789,867800
2012-03-27 00:00:00,76.85231018066406,109.73999786376953,109.80000305175781,109.61000061035156,109.69000244140625,2551700
2012-03-28 00:00:00,76.8382568359375,109.72000122070312,109.87999725341797,109.68000030517578,109.7300033569336,812700
2012-03-29 00:00:00,77.04834747314453,110.0199966430664,110.05999755859375,109.83999633789062,109.94999694824219,1208100
2012-03-30 00:00:00,76.92929077148438,109.8499984741211,110.11000061035156,109.69000244140625,110.11000061035156,1121300
2012-04-02 00:00:00,76.93842315673828,109.62000274658203,109.87999725341797,109.45999908447266,109.87999725341797,2398400
2012-04-03 00:00:00,76.60857391357422,109.1500015258789,109.79000091552734,109.06999969482422,109.70999908447266,767100
2012-04-04 00:00:00,76.76996612548828,109.37999725341797,109.41000366210938,109.20999908447266,109.3499984741211,1137200
2012-04-05 00:00:00,76.94544982910156,109.62999725341797,109.62999725341797,109.41000366210938,109.5999984741211,749100
2012-04-09 00:00:00,77.28231048583984,110.11000061035156,110.19000244140625,110.04000091552734,110.18000030517578,575600
2012-04-10 00:00:00,77.28941345214844,110.12000274658203,110.33999633789062,110.06999969482422,110.19000244140625,1893900
2012-04-11 00:00:00,77.29637908935547,110.12999725341797,110.12999725341797,109.88999938964844,110.05000305175781,1203100
2012-04-12 00:00:00,77.21916198730469,110.0199966430664,110.13999938964844,110.0,110.0999984741211,505900
2012-04-13 00:00:00,77.45780944824219,110.36000061035156,110.37999725341797,110.20999908447266,110.30000305175781,1103900
2012-04-16 00:00:00,77.47184753417969,110.37999725341797,110.48999786376953,110.23999786376953,110.23999786376953,1121200
2012-04-17 00:00:00,77.48588562011719,110.4000015258789,110.4000015258789,110.25,110.30000305175781,737600
2012-04-18 00:00:00,77.58413696289062,110.54000091552734,110.54000091552734,110.3499984741211,110.44000244140625,884300
2012-04-19 00:00:00,77.52803039550781,110.45999908447266,110.58000183105469,110.45999908447266,110.5,618700
2012-04-20 00:00:00,77.54208374023438,110.4800033569336,110.5199966430664,110.37000274658203,110.4800033569336,1530200
2012-04-23 00:00:00,77.61919403076172,110.58999633789062,110.73999786376953,110.52999877929688,110.73999786376953,787100
2012-04-24 00:00:00,77.50690460205078,110.43000030517578,110.58000183105469,110.41000366210938,110.52999877929688,627500
2012-04-25 00:00:00,77.54208374023438,110.4800033569336,110.5,110.23999786376953,110.41000366210938,982300
2012-04-26 00:00:00,77.66134643554688,110.6500015258789,110.69000244140625,110.54000091552734,110.63999938964844,1021600
2012-04-27 00:00:00,77.65433502197266,110.63999938964844,110.66999816894531,110.55000305175781,110.61000061035156,656600
2012-04-30 00:00:00,77.62626647949219,110.5999984741211,110.7300033569336,110.58999633789062,110.7300033569336,881900
2012-05-01 00:00:00,77.59812927246094,110.33000183105469,110.5,110.26000213623047,110.45999908447266,772800
2012-05-02 00:00:00,77.67549896240234,110.44000244140625,110.51000213623047,110.36000061035156,110.45999908447266,1298500
2012-05-03 00:00:00,77.7598876953125,110.55999755859375,110.55999755859375,110.41000366210938,110.43000030517578,575400
2012-05-04 00:00:00,77.83720397949219,110.66999816894531,110.69999694824219,110.56999969482422,110.66000366210938,611500
2012-05-07 00:00:00,77.86537170410156,110.70999908447266,110.7699966430664,110.66999816894531,110.73999786376953,646100
2012-05-08 00:00:00,77.92162322998047,110.79000091552734,110.94999694824219,110.77999877929688,110.83999633789062,580200
2012-05-09 00:00:00,77.9427719116211,110.81999969482422,110.91999816894531,110.72000122070312,110.91999816894531,930000
2012-05-10 00:00:00,77.86537170410156,110.70999908447266,110.76000213623047,110.62999725341797,110.72000122070312,527000
2012-05-11 00:00:00,77.92162322998047,110.79000091552734,110.93000030517578,110.75,110.91999816894531,446300
2012-05-14 00:00:00,78.0974349975586,111.04000091552734,111.05999755859375,110.93000030517578,111.0,763300
2012-05-15 00:00:00,78.05524444580078,110.9800033569336,111.0999984741211,110.87999725341797,111.0999984741211,1187200
2012-05-16 00:00:00,78.04122924804688,110.95999908447266,111.08999633789062,110.83000183105469,110.87000274658203,986400
2012-05-17 00:00:00,78.09041595458984,111.02999877929688,111.12999725341797,110.83000183105469,110.87999725341797,1420700
2012-05-18 00:00:00,78.06929779052734,111.0,111.08000183105469,110.9000015258789,110.98999786376953,1184700
2012-05-21 00:00:00,78.05524444580078,110.9800033569336,111.05000305175781,110.97000122070312,111.0199966430664,1208500
2012-05-22 00:00:00,77.86537170410156,110.70999908447266,110.91999816894531,110.70999908447266,110.81999969482422,1007400
2012-05-23 00:00:00,77.95679473876953,110.83999633789062,111.01000213623047,110.81999969482422,110.94999694824219,696000
2012-05-24 00:00:00,77.89346313476562,110.75,110.87999725341797,110.70999908447266,110.87999725341797,938900
2012-05-25 00:00:00,78.01311492919922,110.91999816894531,110.94999694824219,110.80999755859375,110.83999633789062,454300
2012-05-29 00:00:00,77.97084045410156,110.86000061035156,110.98999786376953,110.83000183105469,110.94999694824219,1192100
2012-05-30 00:00:00,78.23110961914062,111.2300033569336,111.30000305175781,111.11000061035156,111.19999694824219,547100
2012-05-31 00:00:00,78.4631576538086,111.55999755859375,111.62000274658203,111.3499984741211,111.44999694824219,2984100
2012-06-01 00:00:00,78.65914154052734,111.5999984741211,111.66999816894531,111.41000366210938,111.5,1851600
2012-06-04 00:00:00,78.47587585449219,111.33999633789062,111.87000274658203,111.31999969482422,111.31999969482422,1046100
2012-06-05 00:00:00,78.31375885009766,111.11000061035156,111.33000183105469,111.0999984741211,111.16999816894531,951100
2012-06-06 00:00:00,78.08116149902344,110.77999877929688,111.2300033569336,110.77999877929688,111.2300033569336,1864400
2012-06-07 00:00:00,78.20096588134766,110.94999694824219,110.94999694824219,110.77999877929688,110.81999969482422,751800
2012-06-08 00:00:00,78.1657943725586,110.9000015258789,111.18000030517578,110.83999633789062,111.16999816894531,710200
2012-06-11 00:00:00,78.23626708984375,111.0,111.08999633789062,110.80999755859375,110.87000274658203,516100
2012-06-12 00:00:00,78.17281341552734,110.91000366210938,111.04000091552734,110.83000183105469,110.9800033569336,482000
2012-06-13 00:00:00,78.37722778320312,111.19999694824219,111.22000122070312,110.8499984741211,110.98999786376953,2650900
2012-06-14 00:00:00,78.32086181640625,111.12000274658203,111.18000030517578,111.02999877929688,111.0999984741211,559200
2012-06-15 00:00:00,78.50408172607422,111.37999725341797,111.38999938964844,111.2300033569336,111.3499984741211,1030800
2012-06-18 00:00:00,78.48294830322266,111.3499984741211,111.43000030517578,111.2300033569336,111.33000183105469,696000
2012-06-19 00:00:00,78.39130401611328,111.22000122070312,111.30000305175781,111.11000061035156,111.30000305175781,605500
2012-06-20 00:00:00,78.27144622802734,111.05000305175781,111.20999908447266,110.87999725341797,111.06999969482422,1256100
2012-06-21 00:00:00,78.37722778320312,111.19999694824219,111.31999969482422,111.05999755859375,111.18000030517578,939900
2012-06-22 00:00:00,78.26443481445312,111.04000091552734,111.19999694824219,111.04000091552734,111.16999816894531,600200
2012-06-25 00:00:00,78.51106262207031,111.38999938964844,111.4000015258789,111.22000122070312,111.25,2321900
2012-06-26 00:00:00,78.426513671875,111.2699966430664,111.37000274658203,111.23999786376953,111.2699966430664,789100
2012-06-27 00:00:00,78.4618148803711,111.31999969482422,111.38999938964844,111.23999786376953,111.3499984741211,1552600
2012-06-28 00:00:00,78.55345916748047,111.44999694824219,111.55999755859375,111.41999816894531,111.52999877929688,1180400
2012-06-29 00:00:00,78.44768524169922,111.30000305175781,111.33000183105469,111.19999694824219,111.25,2052800
2012-07-02 00:00:00,78.59815216064453,111.29000091552734,111.31999969482422,111.08000183105469,111.16999816894531,1994500
2012-07-03 00:00:00,78.54164123535156,111.20999908447266,111.29000091552734,111.18000030517578,111.20999908447266,1002900
2012-07-05 00:00:00,78.74646759033203,111.5,111.5,111.23999786376953,111.23999786376953,740700
2012-07-06 00:00:00,78.80294036865234,111.58000183105469,111.68000030517578,111.5,111.51000213623047,1520200
2012-07-09 00:00:00,78.95829010009766,111.80000305175781,111.81999969482422,111.6500015258789,111.66999816894531,472600
2012-07-10 00:00:00,78.99365234375,111.8499984741211,111.91000366210938,111.7300033569336,111.76000213623047,521600
2012-07-11 00:00:00,78.98660278320312,111.83999633789062,112.0,111.80999755859375,111.86000061035156,566400
2012-07-12 00:00:00,79.12776184082031,112.04000091552734,112.04000091552734,111.93000030517578,112.0,382700
2012-07-13 00:00:00,79.15605926513672,112.08000183105469,112.08999633789062,111.94000244140625,112.06999969482422,435300
2012-07-16 00:00:00,79.2196273803711,112.16999816894531,112.31999969482422,112.16000366210938,112.20999908447266,480800
2012-07-17 00:00:00,79.19139099121094,112.12999725341797,112.23999786376953,112.12000274658203,112.20999908447266,600200
2012-07-18 00:00:00,79.34674072265625,112.3499984741211,112.36000061035156,112.23999786376953,112.23999786376953,470300
2012-07-19 00:00:00,79.28317260742188,112.26000213623047,112.43000030517578,112.2300033569336,112.30000305175781,901600
2012-07-20 00:00:00,79.39616394042969,112.41999816894531,112.55000305175781,112.38999938964844,112.38999938964844,602200
2012-07-23 00:00:00,79.46682739257812,112.5199966430664,112.62000274658203,112.48999786376953,112.62000274658203,498200
2012-07-24 00:00:00,79.56565856933594,112.66000366210938,112.68000030517578,112.43000030517578,112.47000122070312,521200
2012-07-25 00:00:00,79.59391784667969,112.69999694824219,112.70999908447266,112.61000061035156,112.62999725341797,874700
2012-07-26 00:00:00,79.54447937011719,112.62999725341797,112.69000244140625,112.62000274658203,112.66000366210938,857900
2012-07-27 00:00:00,79.30438995361328,112.29000091552734,112.45999908447266,112.1500015258789,112.44999694824219,1010200
2012-07-30 00:00:00,79.43855285644531,112.4800033569336,112.5199966430664,112.2699966430664,112.30999755859375,618400
2012-07-31 00:00:00,79.51628875732422,112.58999633789062,112.6500015258789,112.43000030517578,112.58000183105469,983600
2012-08-01 00:00:00,79.42424774169922,112.23999786376953,112.38999938964844,111.98999786376953,112.25,2480600
2012-08-02 00:00:00,79.43840026855469,112.26000213623047,112.5,112.26000213623047,112.33000183105469,846300
2012-08-03 00:00:00,79.24736785888672,111.98999786376953,112.16000366210938,111.95999908447266,112.0999984741211,1832400
2012-08-06 00:00:00,79.36766815185547,112.16000366210938,112.2300033569336,112.04000091552734,112.12000274658203,1832500
2012-08-07 00:00:00,79.15536499023438,111.86000061035156,111.91000366210938,111.80999755859375,111.83999633789062,1733100
2012-08-08 00:00:00,79.05628967285156,111.72000122070312,111.94000244140625,111.69999694824219,111.94000244140625,550400
2012-08-09 00:00:00,79.03509521484375,111.69000244140625,111.77999877929688,111.55000305175781,111.62999725341797,835900
2012-08-10 00:00:00,79.16242218017578,111.87000274658203,111.9800033569336,111.79000091552734,111.9800033569336,627400
2012-08-13 00:00:00,79.15536499023438,111.86000061035156,111.98999786376953,111.86000061035156,111.91999816894531,570500
2012-08-14 00:00:00,78.97136688232422,111.5999984741211,111.68000030517578,111.54000091552734,111.58999633789062,567100
2012-08-15 00:00:00,78.71662139892578,111.23999786376953,111.44999694824219,111.19000244140625,111.44999694824219,550000
2012-08-16 00:00:00,78.61753845214844,111.0999984741211,111.31999969482422,110.97000122070312,111.30000305175781,668300
2012-08-17 00:00:00,78.70954895019531,111.2300033569336,111.29000091552734,111.1500015258789,111.19000244140625,505700
2012-08-20 00:00:00,78.6812515258789,111.19000244140625,111.2699966430664,111.13999938964844,111.1500015258789,419000
2012-08-21 00:00:00,78.7873764038086,111.33999633789062,111.3499984741211,111.04000091552734,111.18000030517578,738600
2012-08-22 00:00:00,79.1270751953125,111.81999969482422,111.81999969482422,111.51000213623047,111.5999984741211,405500
2012-08-23 00:00:00,79.18367004394531,111.9000015258789,111.94000244140625,111.83000183105469,111.83999633789062,421500
2012-08-24 00:00:00,79.1270751953125,111.81999969482422,111.9800033569336,111.79000091552734,111.9800033569336,649600
2012-08-27 00:00:00,79.23323059082031,111.97000122070312,112.0,111.88999938964844,111.9000015258789,493100
2012-08-28 00:00:00,79.29690551757812,112.05999755859375,112.11000061035156,111.9800033569336,112.04000091552734,699200
2012-08-29 00:00:00,79.21904754638672,111.94999694824219,112.04000091552734,111.9000015258789,112.01000213623047,717100
2012-08-30 00:00:00,79.26856231689453,112.0199966430664,112.13999938964844,112.0199966430664,112.0199966430664,436200
2012-08-31 00:00:00,79.51627349853516,112.37000274658203,112.43000030517578,112.06999969482422,112.0999984741211,1203400
2012-09-04 00:00:00,79.5013656616211,112.12999725341797,112.1500015258789,111.95999908447266,112.13999938964844,1596700
2012-09-05 00:00:00,79.5013656616211,112.12999725341797,112.16999816894531,112.02999877929688,112.05000305175781,503000
2012-09-06 00:00:00,79.3170166015625,111.87000274658203,111.88999938964844,111.76000213623047,111.88999938964844,1805200
2012-09-07 00:00:00,79.3311996459961,111.88999938964844,112.19999694824219,111.8499984741211,112.1500015258789,1554400
2012-09-10 00:00:00,79.34540557861328,111.91000366210938,111.93000030517578,111.7699966430664,111.9000015258789,1303000
2012-09-11 00:00:00,79.25321197509766,111.77999877929688,111.87999725341797,111.75,111.7699966430664,3037100
2012-09-12 00:00:00,79.10429382324219,111.56999969482422,111.69000244140625,111.5199966430664,111.66000366210938,1679500
2012-09-13 00:00:00,79.28864288330078,111.83000183105469,111.88999938964844,111.37000274658203,111.75,2165200
2012-09-14 00:00:00,78.96247100830078,111.37000274658203,111.61000061035156,111.33000183105469,111.61000061035156,1011200
2012-09-17 00:00:00,79.09009552001953,111.55000305175781,111.62000274658203,111.43000030517578,111.51000213623047,1063800
2012-09-18 00:00:00,79.13976287841797,111.62000274658203,111.80999755859375,111.61000061035156,111.72000122070312,1133600
2012-09-19 00:00:00,79.29572296142578,111.83999633789062,111.91000366210938,111.76000213623047,111.87000274658203,732200
2012-09-20 00:00:00,79.24613189697266,111.7699966430664,111.95999908447266,111.75,111.94999694824219,2518600
2012-09-21 00:00:00,79.37374877929688,111.94999694824219,111.94999694824219,111.75,111.7699966430664,829200
2012-09-24 00:00:00,79.45878601074219,112.06999969482422,112.08999633789062,111.94000244140625,111.94000244140625,1220800
2012-09-25 00:00:00,79.58645629882812,112.25,112.25,112.01000213623047,112.12000274658203,836400
2012-09-26 00:00:00,79.66442108154297,112.36000061035156,112.4000015258789,112.26000213623047,112.36000061035156,793500
2012-09-27 00:00:00,79.61477661132812,112.29000091552734,112.37999725341797,112.2699966430664,112.30000305175781,1127100
2012-09-28 00:00:00,79.72823333740234,112.44999694824219,112.45999908447266,112.25,112.38999938964844,2745500
2012-10-01 00:00:00,79.69768524169922,112.19999694824219,112.25,112.06999969482422,112.16999816894531,1674400
2012-10-02 00:00:00,79.76161193847656,112.29000091552734,112.29000091552734,112.11000061035156,112.16000366210938,903300
2012-10-03 00:00:00,79.73321533203125,112.25,112.30999755859375,112.18000030517578,112.18000030517578,1187500
2012-10-04 00:00:00,79.61956787109375,112.08999633789062,112.25,112.06999969482422,112.16000366210938,459200
2012-10-05 00:00:00,79.45618438720703,111.86000061035156,111.98999786376953,111.83999633789062,111.94000244140625,580200
2012-10-08 00:00:00,79.57693481445312,112.02999877929688,112.05000305175781,111.9000015258789,111.9000015258789,524800
2012-10-09 00:00:00,79.49171447753906,111.91000366210938,112.06999969482422,111.86000061035156,111.94000244140625,2316400
2012-10-10 00:00:00,79.61956787109375,112.08999633789062,112.16000366210938,111.87999725341797,111.9000015258789,555400
2012-10-11 00:00:00,79.7190170288086,112.2300033569336,112.25,111.97000122070312,111.97000122070312,523400
2012-10-12 00:00:00,79.7829360961914,112.31999969482422,112.41000366210938,112.26000213623047,112.31999969482422,1646900
2012-10-15 00:00:00,79.82556915283203,112.37999725341797,112.37999725341797,112.25,112.30000305175781,1646300
2012-10-16 00:00:00,79.69768524169922,112.19999694824219,112.36000061035156,112.16999816894531,112.30999755859375,978500
2012-10-17 00:00:00,79.44905853271484,111.8499984741211,112.05000305175781,111.81999969482422,112.04000091552734,1199200
2012-10-18 00:00:00,79.4206314086914,111.80999755859375,111.93000030517578,111.70999908447266,111.93000030517578,1249500
2012-10-19 00:00:00,79.52012634277344,111.94999694824219,112.02999877929688,111.79000091552734,111.79000091552734,683700
2012-10-22 00:00:00,79.4135971069336,111.80000305175781,111.95999908447266,111.80000305175781,111.9000015258789,438100
2012-10-23 00:00:00,79.59115600585938,112.05000305175781,112.06999969482422,111.87000274658203,111.87000274658203,628100
2012-10-24 00:00:00,79.53434753417969,111.97000122070312,112.05999755859375,111.9000015258789,111.94999694824219,604900
2012-10-25 00:00:00,79.36384582519531,111.7300033569336,111.94999694824219,111.70999908447266,111.77999877929688,970700
2012-10-26 00:00:00,79.57693481445312,112.02999877929688,112.08000183105469,111.87999725341797,111.88999938964844,908900
2012-10-31 00:00:00,79.69061279296875,112.19000244140625,112.23999786376953,112.0,112.04000091552734,2200200
2012-11-01 00:00:00,79.5859603881836,111.80000305175781,112.05000305175781,111.77999877929688,112.05000305175781,1350800
2012-11-02 00:00:00,79.63575744628906,111.87000274658203,111.91999816894531,111.66999816894531,111.83000183105469,961700
2012-11-05 00:00:00,79.77106475830078,112.05999755859375,112.08999633789062,111.94999694824219,112.0,2684000
2012-11-06 00:00:00,79.54325103759766,111.73999786376953,112.01000213623047,111.72000122070312,112.0,589600
2012-11-07 00:00:00,79.72830963134766,112.0,112.20999908447266,112.0,112.16000366210938,1563100
2012-11-08 00:00:00,79.82798767089844,112.13999938964844,112.20999908447266,111.94999694824219,111.9800033569336,1411400
2012-11-09 00:00:00,79.7852554321289,112.08000183105469,112.11000061035156,111.91999816894531,112.01000213623047,1295200
2012-11-12 00:00:00,79.76390075683594,112.05000305175781,112.1500015258789,112.0199966430664,112.12999725341797,612700
2012-11-13 00:00:00,79.90626525878906,112.25,112.33000183105469,112.11000061035156,112.27999877929688,3355800
2012-11-14 00:00:00,79.92764282226562,112.27999877929688,112.27999877929688,112.04000091552734,112.05000305175781,1242700
2012-11-15 00:00:00,79.849365234375,112.16999816894531,112.2300033569336,112.11000061035156,112.19000244140625,1532600
2012-11-16 00:00:00,79.87782287597656,112.20999908447266,112.30000305175781,112.1500015258789,112.19999694824219,981700
2012-11-19 00:00:00,79.93476104736328,112.29000091552734,112.29000091552734,112.05999755859375,112.08999633789062,917000
2012-11-20 00:00:00,79.7852554321289,112.08000183105469,112.23999786376953,112.05999755859375,112.19000244140625,666800
2012-11-21 00:00:00,79.65003204345703,111.88999938964844,112.05999755859375,111.87999725341797,111.97000122070312,1160800
2012-11-23 00:00:00,79.69984436035156,111.95999908447266,111.9800033569336,111.88999938964844,111.95999908447266,220300
2012-11-26 00:00:00,79.72830963134766,112.0,112.08999633789062,111.94999694824219,112.0199966430664,629500
2012-11-27 00:00:00,79.83509826660156,112.1500015258789,112.16999816894531,112.01000213623047,112.01000213623047,571900
2012-11-28 00:00:00,79.849365234375,112.16999816894531,112.26000213623047,112.16000366210938,112.19999694824219,458700
2012-11-29 00:00:00,79.9489517211914,112.30999755859375,112.30999755859375,112.13999938964844,112.13999938964844,661800
2012-11-30 00:00:00,79.90626525878906,112.25,112.31999969482422,112.19000244140625,112.26000213623047,908600
2012-12-03 00:00:00,79.91777038574219,111.5999984741211,111.61000061035156,111.36000061035156,111.44999694824219,809900
2012-12-04 00:00:00,79.9678726196289,111.66999816894531,111.69000244140625,111.51000213623047,111.5999984741211,871900
2012-12-05 00:00:00,80.03951263427734,111.7699966430664,111.79000091552734,111.68000030517578,111.69000244140625,538200
2012-12-06 00:00:00,80.03234100341797,111.76000213623047,111.83999633789062,111.7300033569336,111.7699966430664,519400
2012-12-07 00:00:00,79.960693359375,111.66000366210938,111.70999908447266,111.55000305175781,111.61000061035156,966200
2012-12-10 00:00:00,79.97504425048828,111.68000030517578,111.70999908447266,111.61000061035156,111.63999938964844,843500
2012-12-11 00:00:00,79.94637298583984,111.63999938964844,111.6500015258789,111.55000305175781,111.5999984741211,814100
2012-12-12 00:00:00,79.72440338134766,111.33000183105469,111.66000366210938,111.33000183105469,111.58999633789062,1448600
2012-12-13 00:00:00,79.5954818725586,111.1500015258789,111.33999633789062,111.13999938964844,111.30000305175781,1209700
2012-12-14 00:00:00,79.73873138427734,111.3499984741211,111.41999816894531,111.27999877929688,111.33999633789062,1678800
2012-12-17 00:00:00,79.54534149169922,111.08000183105469,111.36000061035156,111.04000091552734,111.3499984741211,1464100
2012-12-18 00:00:00,79.35917663574219,110.81999969482422,111.06999969482422,110.73999786376953,111.0,1411500
2012-12-19 00:00:00,79.49523162841797,111.01000213623047,111.0999984741211,110.91999816894531,110.91999816894531,1114000
2012-12-20 00:00:00,79.50241088867188,111.0199966430664,111.16000366210938,110.9800033569336,111.0999984741211,1122600
2012-12-21 00:00:00,79.57400512695312,111.12000274658203,111.2300033569336,111.08999633789062,111.19000244140625,973700
2012-12-24 00:00:00,79.58116149902344,111.12999725341797,111.16000366210938,111.08000183105469,111.08999633789062,329200
2012-12-26 00:00:00,79.68881225585938,111.05000305175781,111.06999969482422,110.95999908447266,110.95999908447266,575800
2012-12-27 00:00:00,79.73184967041016,111.11000061035156,111.25,110.98999786376953,111.05000305175781,722100
2012-12-28 00:00:00,79.85382080078125,111.27999877929688,111.30000305175781,111.1500015258789,111.29000091552734,1295800
2012-12-31 00:00:00,79.71028137207031,111.08000183105469,111.26000213623047,111.0199966430664,111.25,905400
2013-01-02 00:00:00,79.61703491210938,110.94999694824219,111.0,110.81999969482422,110.81999969482422,1137300
2013-01-03 00:00:00,79.4161376953125,110.66999816894531,111.08000183105469,110.63999938964844,111.01000213623047,1762900
2013-01-04 00:00:00,79.50225067138672,110.79000091552734,110.80000305175781,110.55000305175781,110.58999633789062,1286800
2013-01-07 00:00:00,79.45915985107422,110.7300033569336,110.81999969482422,110.68000030517578,110.79000091552734,1854400
2013-01-08 00:00:00,79.53097534179688,110.83000183105469,110.88999938964844,110.75,110.79000091552734,1784500
2013-01-09 00:00:00,79.47354125976562,110.75,110.8499984741211,110.70999908447266,110.8499984741211,1346900
2013-01-10 00:00:00,79.46636962890625,110.73999786376953,110.80999755859375,110.6500015258789,110.69999694824219,1128700
2013-01-11 00:00:00,79.54530334472656,110.8499984741211,110.91000366210938,110.62000274658203,110.63999938964844,1120000
2013-01-14 00:00:00,79.61703491210938,110.94999694824219,111.01000213623047,110.87000274658203,110.94000244140625,870200
2013-01-15 00:00:00,79.63860321044922,110.9800033569336,111.06999969482422,110.94999694824219,111.01000213623047,2561100
2013-01-16 00:00:00,79.68165588378906,111.04000091552734,111.0999984741211,110.91999816894531,111.0199966430664,1232000
2013-01-17 00:00:00,79.5093765258789,110.80000305175781,110.91000366210938,110.70999908447266,110.77999877929688,1281000
2013-01-18 00:00:00,79.60271453857422,110.93000030517578,110.94000244140625,110.83000183105469,110.87999725341797,654700
2013-01-22 00:00:00,79.55963134765625,110.87000274658203,110.94999694824219,110.75,110.75,1459000
2013-01-23 00:00:00,79.6457290649414,110.98999786376953,111.01000213623047,110.5,110.95999908447266,1393800
2013-01-24 00:00:00,79.53811645507812,110.83999633789062,110.94999694824219,110.81999969482422,110.88999938964844,659800
2013-01-25 00:00:00,79.34437561035156,110.56999969482422,110.69000244140625,110.48999786376953,110.5999984741211,877800
2013-01-28 00:00:00,79.22953796386719,110.41000366210938,110.41999816894531,110.2699966430664,110.27999877929688,1067500
2013-01-29 00:00:00,79.17930603027344,110.33999633789062,110.48999786376953,110.26000213623047,110.41000366210938,837700
2013-01-30 00:00:00,79.14344024658203,110.29000091552734,110.30000305175781,110.1500015258789,110.20999908447266,1362200
2013-01-31 00:00:00,79.21520233154297,110.38999938964844,110.38999938964844,110.26000213623047,110.30000305175781,1970000
2013-02-01 00:00:00,79.0433578491211,109.94000244140625,110.38999938964844,109.91999816894531,110.37999725341797,1340000
2013-02-04 00:00:00,79.2662353515625,110.25,110.27999877929688,110.08999633789062,110.08999633789062,805400
2013-02-05 00:00:00,79.1008529663086,110.0199966430664,110.11000061035156,110.0199966430664,110.04000091552734,1905900
2013-02-06 00:00:00,79.23743438720703,110.20999908447266,110.26000213623047,110.11000061035156,110.12000274658203,1229600
2013-02-07 00:00:00,79.2662353515625,110.25,110.33999633789062,110.16000366210938,110.18000030517578,1147900
2013-02-08 00:00:00,79.2878189086914,110.27999877929688,110.27999877929688,110.05000305175781,110.16999816894531,681400
2013-02-11 00:00:00,79.20874786376953,110.16999816894531,110.25,110.13999938964844,110.25,1384100
2013-02-12 00:00:00,79.19432067871094,110.1500015258789,110.18000030517578,110.08000183105469,110.0999984741211,666800
2013-02-13 00:00:00,79.11529541015625,110.04000091552734,110.08999633789062,109.94000244140625,109.94000244140625,902200
2013-02-14 00:00:00,79.25902557373047,110.23999786376953,110.23999786376953,110.01000213623047,110.01000213623047,731900
2013-02-15 00:00:00,79.2662353515625,110.25,110.25,110.05999755859375,110.19000244140625,1864700
2013-02-19 00:00:00,79.17276000976562,110.12000274658203,110.29000091552734,110.06999969482422,110.26000213623047,1391300
2013-02-20 00:00:00,79.22309875488281,110.19000244140625,110.25,110.02999877929688,110.08999633789062,2028900
2013-02-21 00:00:00,79.2662353515625,110.25,110.37000274658203,110.23999786376953,110.26000213623047,829600
2013-02-22 00:00:00,79.3093490600586,110.30999755859375,110.3499984741211,110.29000091552734,110.30999755859375,955700
2013-02-25 00:00:00,79.61134338378906,110.7300033569336,110.77999877929688,110.19999694824219,110.29000091552734,1181500
2013-02-26 00:00:00,79.58977508544922,110.69999694824219,110.83000183105469,110.63999938964844,110.63999938964844,801300
2013-02-27 00:00:00,79.61134338378906,110.7300033569336,110.83999633789062,110.62000274658203,110.83000183105469,520300
2013-02-28 00:00:00,79.68325805664062,110.83000183105469,110.83000183105469,110.69000244140625,110.69000244140625,1211900
2013-03-01 00:00:00,79.71136474609375,110.66000366210938,110.72000122070312,110.56999969482422,110.63999938964844,1076800
2013-03-04 00:00:00,79.65370178222656,110.58000183105469,110.66000366210938,110.56999969482422,110.6500015258789,782100
2013-03-05 00:00:00,79.5888900756836,110.48999786376953,110.56999969482422,110.4800033569336,110.54000091552734,804400
2013-03-06 00:00:00,79.50247955322266,110.37000274658203,110.44999694824219,110.33000183105469,110.4000015258789,974300
2013-03-07 00:00:00,79.33677673339844,110.13999938964844,110.26000213623047,109.97000122070312,110.26000213623047,1047000
2013-03-08 00:00:00,79.10630798339844,109.81999969482422,109.95999908447266,109.77999877929688,109.86000061035156,2006800
2013-03-11 00:00:00,79.1495361328125,109.87999725341797,109.91999816894531,109.81999969482422,109.83999633789062,1163500
2013-03-12 00:00:00,79.29354858398438,110.08000183105469,110.08000183105469,109.93000030517578,109.94000244140625,1656200
2013-03-13 00:00:00,79.22870635986328,109.98999786376953,110.08000183105469,109.91999816894531,109.91999816894531,1137000
2013-03-14 00:00:00,79.31514739990234,110.11000061035156,110.1500015258789,109.9000015258789,109.9000015258789,1090700
2013-03-15 00:00:00,79.38714599609375,110.20999908447266,110.25,110.06999969482422,110.06999969482422,661500
2013-03-18 00:00:00,79.45923614501953,110.30999755859375,110.37999725341797,110.27999877929688,110.36000061035156,1231900
2013-03-19 00:00:00,79.57450103759766,110.47000122070312,110.61000061035156,110.38999938964844,110.41999816894531,1104800
2013-03-20 00:00:00,79.4880142211914,110.3499984741211,110.4800033569336,110.31999969482422,110.38999938964844,1275100
2013-03-21 00:00:00,79.50247955322266,110.37000274658203,110.45999908447266,110.3499984741211,110.43000030517578,906400
2013-03-22 00:00:00,79.53126525878906,110.41000366210938,110.5199966430664,110.3499984741211,110.5199966430664,776000
2013-03-25 00:00:00,79.50247955322266,110.37000274658203,110.5199966430664,110.36000061035156,110.4000015258789,981100
2013-03-26 00:00:00,79.59608459472656,110.5,110.5199966430664,110.30999755859375,110.30999755859375,964700
2013-03-27 00:00:00,79.76175689697266,110.7300033569336,110.75,110.56999969482422,110.62000274658203,1028800
2013-03-28 00:00:00,79.76175689697266,110.7300033569336,110.77999877929688,110.6500015258789,110.68000030517578,2343300
2013-04-01 00:00:00,79.83393096923828,110.56999969482422,110.58000183105469,110.38999938964844,110.44000244140625,1580800
2013-04-02 00:00:00,79.74736022949219,110.44999694824219,110.5199966430664,110.41000366210938,110.51000213623047,875300
2013-04-03 00:00:00,79.83393096923828,110.56999969482422,110.69000244140625,110.48999786376953,110.54000091552734,1260300
2013-04-04 00:00:00,80.05779266357422,110.87999725341797,110.87999725341797,110.70999908447266,110.72000122070312,1263800
2013-04-05 00:00:00,80.28884887695312,111.19999694824219,111.26000213623047,111.11000061035156,111.16999816894531,1013800
2013-04-08 00:00:00,80.15164184570312,111.01000213623047,111.2300033569336,111.01000213623047,111.1500015258789,1027000
2013-04-09 00:00:00,80.18050384521484,111.05000305175781,111.12999725341797,110.94999694824219,111.0999984741211,1286600
2013-04-10 00:00:00,80.01445007324219,110.81999969482422,110.91000366210938,110.7699966430664,110.9000015258789,1281600
2013-04-11 00:00:00,80.0289306640625,110.83999633789062,110.91000366210938,110.81999969482422,110.83999633789062,1037400
2013-04-12 00:00:00,80.28884887695312,111.19999694824219,111.20999908447266,110.97000122070312,111.0199966430664,873700
2013-04-15 00:00:00,80.32498168945312,111.25,111.29000091552734,111.12999725341797,111.16000366210938,1521700
2013-04-16 00:00:00,80.32498168945312,111.25,111.27999877929688,111.16000366210938,111.22000122070312,593000
2013-04-17 00:00:00,80.32498168945312,111.25,111.44000244140625,111.19999694824219,111.19999694824219,1078500
2013-04-18 00:00:00,80.31047058105469,111.2300033569336,111.3499984741211,111.20999908447266,111.29000091552734,1153800
2013-04-19 00:00:00,80.3177261352539,111.23999786376953,111.27999877929688,111.19999694824219,111.25,373600
2013-04-22 00:00:00,80.41876983642578,111.37999725341797,111.38999938964844,111.25,111.2699966430664,1113800
2013-04-23 00:00:00,80.38270568847656,111.33000183105469,111.51000213623047,111.29000091552734,111.44999694824219,747900
2013-04-24 00:00:00,80.3682861328125,111.30999755859375,111.37999725341797,111.26000213623047,111.27999877929688,743900
2013-04-25 00:00:00,80.33216857910156,111.26000213623047,111.30000305175781,111.20999908447266,111.27999877929688,848700
2013-04-26 00:00:00,80.49823760986328,111.48999786376953,111.52999877929688,111.3499984741211,111.37000274658203,678500
2013-04-29 00:00:00,80.54878234863281,111.55999755859375,111.56999969482422,111.47000122070312,111.48999786376953,869400
2013-04-30 00:00:00,80.5343246459961,111.54000091552734,111.68000030517578,111.4800033569336,111.58999633789062,1853100
2013-05-01 00:00:00,80.57196044921875,111.38999938964844,111.5,111.36000061035156,111.4800033569336,1741300
2013-05-02 00:00:00,80.57918548583984,111.4000015258789,111.4800033569336,111.36000061035156,111.37000274658203,875500
2013-05-03 00:00:00,80.28257751464844,110.98999786376953,111.19999694824219,110.94000244140625,111.19999694824219,580000
2013-05-06 00:00:00,80.15243530273438,110.80999755859375,111.0,110.80999755859375,110.94000244140625,686300
2013-05-07 00:00:00,80.1089859008789,110.75,110.8499984741211,110.75,110.79000091552734,931600
2013-05-08 00:00:00,80.18134307861328,110.8499984741211,110.9000015258789,110.76000213623047,110.83000183105469,1032600
2013-05-09 00:00:00,80.07284545898438,110.69999694824219,110.94999694824219,110.69999694824219,110.8499984741211,537900
2013-05-10 00:00:00,79.91370391845703,110.4800033569336,110.73999786376953,110.3499984741211,110.69000244140625,423100
2013-05-13 00:00:00,79.84136962890625,110.37999725341797,110.38999938964844,110.29000091552734,110.3499984741211,563400
2013-05-14 00:00:00,79.65332794189453,110.12000274658203,110.44999694824219,110.12000274658203,110.37999725341797,994500
2013-05-15 00:00:00,79.76907348632812,110.27999877929688,110.31999969482422,110.0999984741211,110.2699966430664,926800
2013-05-16 00:00:00,79.98604583740234,110.58000183105469,110.58000183105469,110.36000061035156,110.36000061035156,1965700
2013-05-17 00:00:00,79.79076385498047,110.30999755859375,110.51000213623047,110.25,110.5,621800
2013-05-20 00:00:00,79.71121215820312,110.19999694824219,110.37999725341797,110.11000061035156,110.31999969482422,1710100
2013-05-21 00:00:00,79.77629089355469,110.29000091552734,110.31999969482422,110.06999969482422,110.12999725341797,992300
2013-05-22 00:00:00,79.50865936279297,109.91999816894531,110.4800033569336,109.83000183105469,110.36000061035156,1134400
2013-05-23 00:00:00,79.479736328125,109.87999725341797,110.05000305175781,109.80000305175781,110.02999877929688,1107200
2013-05-24 00:00:00,79.479736328125,109.87999725341797,110.05000305175781,109.83000183105469,109.94000244140625,640100
2013-05-28 00:00:00,78.98783111572266,109.19999694824219,109.77999877929688,109.16999816894531,109.7699966430664,1082800
2013-05-29 00:00:00,79.09630584716797,109.3499984741211,109.37999725341797,109.18000030517578,109.26000213623047,1369400
2013-05-30 00:00:00,79.07470703125,109.31999969482422,109.4800033569336,109.29000091552734,109.36000061035156,1301000
2013-05-31 00:00:00,78.92271423339844,109.11000061035156,109.47000122070312,108.87999725341797,109.4000015258789,1616800
2013-06-03 00:00:00,78.96255493164062,108.97000122070312,109.08000183105469,108.7300033569336,108.79000091552734,2110400
2013-06-04 00:00:00,78.78868103027344,108.7300033569336,108.88999938964844,108.68000030517578,108.83000183105469,980500
2013-06-05 00:00:00,78.7452163696289,108.66999816894531,108.9000015258789,108.66999816894531,108.8499984741211,1160600
2013-06-06 00:00:00,78.94810485839844,108.94999694824219,109.08999633789062,108.61000061035156,108.66000366210938,1142500
2013-06-07 00:00:00,78.70176696777344,108.61000061035156,108.91000366210938,108.54000091552734,108.66999816894531,1337400
2013-06-10 00:00:00,78.54226684570312,108.38999938964844,108.51000213623047,108.33000183105469,108.3499984741211,1173300
2013-06-11 00:00:00,78.54956817626953,108.4000015258789,108.44999694824219,108.0,108.19000244140625,1118700
2013-06-12 00:00:00,78.41914367675781,108.22000122070312,108.5,108.19999694824219,108.33000183105469,1469500
2013-06-13 00:00:00,78.8031997680664,108.75,108.75,108.23999786376953,108.23999786376953,999000
2013-06-14 00:00:00,78.82490539550781,108.77999877929688,109.0,108.77999877929688,108.81999969482422,1219800
2013-06-17 00:00:00,78.76698303222656,108.69999694824219,108.94000244140625,108.68000030517578,108.8499984741211,1694700
2013-06-18 00:00:00,78.73799133300781,108.66000366210938,108.7300033569336,108.5199966430664,108.62999725341797,1067500
2013-06-19 00:00:00,78.2090072631836,107.93000030517578,108.81999969482422,107.80000305175781,108.81999969482422,975800
2013-06-20 00:00:00,77.68727111816406,107.20999908447266,107.52999877929688,107.12000274658203,107.33000183105469,3057100
2013-06-21 00:00:00,77.25247955322266,106.61000061035156,107.30999755859375,106.52999877929688,107.11000061035156,1979500
2013-06-24 00:00:00,76.94092559814453,106.18000030517578,106.5999984741211,105.81999969482422,106.01000213623047,2270900
2013-06-25 00:00:00,77.02783966064453,106.30000305175781,106.5999984741211,106.20999908447266,106.47000122070312,1687400
2013-06-26 00:00:00,77.35392761230469,106.75,106.87999725341797,106.55000305175781,106.72000122070312,995800
2013-06-27 00:00:00,77.6800308227539,107.19999694824219,107.19999694824219,106.9000015258789,106.9800033569336,1333700
2013-06-28 00:00:00,77.68727111816406,107.20999908447266,107.3499984741211,106.8499984741211,106.93000030517578,2674000
2013-07-01 00:00:00,77.79470825195312,107.16000366210938,107.20999908447266,106.91999816894531,106.91999816894531,950300
2013-07-02 00:00:00,77.79470825195312,107.16000366210938,107.30999755859375,107.12999725341797,107.23999786376953,636900
2013-07-03 00:00:00,77.68578338623047,107.01000213623047,107.27999877929688,107.01000213623047,107.22000122070312,442600
2013-07-05 00:00:00,76.8364028930664,105.83999633789062,106.2699966430664,105.81999969482422,106.16999816894531,1476400
2013-07-08 00:00:00,77.23574829101562,106.38999938964844,106.44000244140625,106.11000061035156,106.11000061035156,641800
2013-07-09 00:00:00,77.31553649902344,106.5,106.56999969482422,106.43000030517578,106.56999969482422,1726000
2013-07-10 00:00:00,77.11233520507812,106.22000122070312,106.58999633789062,106.22000122070312,106.58999633789062,717100
2013-07-11 00:00:00,77.62774658203125,106.93000030517578,106.94000244140625,106.62000274658203,106.7699966430664,1044200
2013-07-12 00:00:00,77.54060363769531,106.80999755859375,107.13999938964844,106.68000030517578,107.13999938964844,616300
2013-07-15 00:00:00,77.70756530761719,107.04000091552734,107.04000091552734,106.83000183105469,106.91999816894531,757500
2013-07-16 00:00:00,77.83100128173828,107.20999908447266,107.22000122070312,107.06999969482422,107.13999938964844,585900
2013-07-17 00:00:00,77.99800872802734,107.44000244140625,107.55000305175781,107.30000305175781,107.44000244140625,693500
2013-07-18 00:00:00,77.852783203125,107.23999786376953,107.44000244140625,107.18000030517578,107.37000274658203,576900
2013-07-19 00:00:00,78.05601501464844,107.5199966430664,107.55000305175781,107.29000091552734,107.38999938964844,563200
2013-07-22 00:00:00,78.1576919555664,107.66000366210938,107.69000244140625,107.5199966430664,107.52999877929688,684100
2013-07-23 00:00:00,78.1141357421875,107.5999984741211,107.62000274658203,107.43000030517578,107.51000213623047,502200
2013-07-24 00:00:00,77.86003112792969,107.25,107.33000183105469,107.02999877929688,107.23999786376953,956800
2013-07-25 00:00:00,77.88909149169922,107.29000091552734,107.30000305175781,106.94999694824219,107.0199966430664,917100
2013-07-26 00:00:00,77.86732482910156,107.26000213623047,107.37000274658203,107.22000122070312,107.3499984741211,771600
2013-07-29 00:00:00,77.86732482910156,107.26000213623047,107.2699966430664,107.12999725341797,107.26000213623047,459600
2013-07-30 00:00:00,77.83826446533203,107.22000122070312,107.33999633789062,107.0999984741211,107.26000213623047,662400
2013-07-31 00:00:00,77.8963623046875,107.30000305175781,107.31999969482422,106.7699966430664,106.80999755859375,1361900
2013-08-01 00:00:00,77.45626068115234,106.48999786376953,106.8499984741211,106.4000015258789,106.83999633789062,1162600
2013-08-02 00:00:00,77.71812438964844,106.8499984741211,106.95999908447266,106.70999908447266,106.80000305175781,841800
2013-08-05 00:00:00,77.75450897216797,106.9000015258789,106.94999694824219,106.73999786376953,106.93000030517578,1166600
2013-08-06 00:00:00,77.67446899414062,106.79000091552734,106.9000015258789,106.75,106.8499984741211,595700
2013-08-07 00:00:00,77.77635955810547,106.93000030517578,107.02999877929688,106.87000274658203,106.91999816894531,460600
2013-08-08 00:00:00,77.88542938232422,107.08000183105469,107.20999908447266,107.0199966430664,107.0999984741211,848700
2013-08-09 00:00:00,77.93631744384766,107.1500015258789,107.19000244140625,106.97000122070312,107.05999755859375,389800
2013-08-12 00:00:00,77.88542938232422,107.08000183105469,107.2699966430664,107.0,107.2699966430664,713400
2013-08-13 00:00:00,77.57264709472656,106.6500015258789,106.75,106.5199966430664,106.68000030517578,525100
2013-08-14 00:00:00,77.47086334228516,106.51000213623047,106.6500015258789,106.5,106.55000305175781,756200
2013-08-15 00:00:00,77.19445037841797,106.12999725341797,106.33999633789062,106.05999755859375,106.2300033569336,765600
2013-08-16 00:00:00,76.97624206542969,105.83000183105469,106.20999908447266,105.7300033569336,106.20999908447266,777300
2013-08-19 00:00:00,76.73622131347656,105.5,105.79000091552734,105.47000122070312,105.79000091552734,734000
2013-08-20 00:00:00,76.96165466308594,105.80999755859375,105.83999633789062,105.69999694824219,105.75,984600
2013-08-21 00:00:00,76.67801666259766,105.41999816894531,105.8499984741211,105.41999816894531,105.70999908447266,656300
2013-08-22 00:00:00,76.7725601196289,105.55000305175781,105.5999984741211,105.33000183105469,105.5199966430664,821600
2013-08-23 00:00:00,77.0271224975586,105.9000015258789,105.93000030517578,105.44999694824219,105.54000091552734,653100
2013-08-26 00:00:00,77.16533660888672,106.08999633789062,106.11000061035156,106.0,106.11000061035156,922400
2013-08-27 00:00:00,77.36903381347656,106.37000274658203,106.44999694824219,106.16000366210938,106.30999755859375,676400
2013-08-28 00:00:00,77.2234878540039,106.16999816894531,106.31999969482422,106.12999725341797,106.31999969482422,648500
2013-08-29 00:00:00,77.37629699707031,106.37999725341797,106.43000030517578,106.0,106.08000183105469,476200
2013-08-30 00:00:00,77.25265502929688,106.20999908447266,106.5199966430664,106.20999908447266,106.4000015258789,1670400
2013-09-03 00:00:00,77.06172943115234,105.75,105.95999908447266,105.52999877929688,105.62999725341797,1345200
2013-09-04 00:00:00,76.952392578125,105.5999984741211,105.8499984741211,105.54000091552734,105.8499984741211,546100
2013-09-05 00:00:00,76.43500518798828,104.88999938964844,105.33999633789062,104.87999725341797,105.33999633789062,1058500
2013-09-06 00:00:00,76.71919250488281,105.27999877929688,105.4800033569336,105.2300033569336,105.33000183105469,639500
2013-09-09 00:00:00,76.8722152709961,105.48999786376953,105.61000061035156,105.41000366210938,105.5999984741211,897200
2013-09-10 00:00:00,76.7337875366211,105.30000305175781,105.4800033569336,105.25,105.33999633789062,628400
2013-09-11 00:00:00,76.99616241455078,105.66000366210938,105.66000366210938,105.38999938964844,105.44000244140625,2315600
2013-09-12 00:00:00,76.90869140625,105.54000091552734,105.83000183105469,105.54000091552734,105.80000305175781,846400
2013-09-13 00:00:00,77.01797485351562,105.69000244140625,105.76000213623047,105.61000061035156,105.63999938964844,655300
2013-09-16 00:00:00,77.17830657958984,105.91000366210938,106.27999877929688,105.86000061035156,106.27999877929688,866200
2013-09-17 00:00:00,77.25121307373047,106.01000213623047,106.05999755859375,105.9000015258789,106.0,865400
2013-09-18 00:00:00,77.89973449707031,106.9000015258789,106.98999786376953,105.80000305175781,105.93000030517578,1113400
2013-09-19 00:00:00,77.80501556396484,106.7699966430664,106.94000244140625,106.69999694824219,106.86000061035156,661800
2013-09-20 00:00:00,77.80501556396484,106.7699966430664,106.87000274658203,106.69000244140625,106.83999633789062,482800
2013-09-23 00:00:00,77.86326599121094,106.8499984741211,106.91999816894531,106.72000122070312,106.80000305175781,855800
2013-09-24 00:00:00,78.04548645019531,107.0999984741211,107.16000366210938,106.94000244140625,106.98999786376953,718200
2013-09-25 00:00:00,78.15475463867188,107.25,107.31999969482422,107.05999755859375,107.08000183105469,647700
2013-09-26 00:00:00,78.14018249511719,107.2300033569336,107.2300033569336,107.0999984741211,107.19999694824219,588100
2013-09-27 00:00:00,78.18391418457031,107.29000091552734,107.36000061035156,107.16999816894531,107.19999694824219,427900
2013-09-30 00:00:00,78.11834716796875,107.19999694824219,107.33000183105469,107.1500015258789,107.29000091552734,1439500
2013-10-01 00:00:00,78.0606918334961,106.93000030517578,107.0999984741211,106.86000061035156,107.08000183105469,2278900
2013-10-02 00:00:00,78.1628646850586,107.06999969482422,107.19000244140625,106.98999786376953,107.08999633789062,576900
2013-10-03 00:00:00,78.22126770019531,107.1500015258789,107.22000122070312,106.95999908447266,106.95999908447266,905000
2013-10-04 00:00:00,78.15553283691406,107.05999755859375,107.0999984741211,106.95999908447266,107.05999755859375,558700
2013-10-07 00:00:00,78.14097595214844,107.04000091552734,107.25,107.0199966430664,107.2300033569336,559600
2013-10-08 00:00:00,78.10445404052734,106.98999786376953,107.1500015258789,106.97000122070312,107.06999969482422,407000
2013-10-09 00:00:00,78.04603576660156,106.91000366210938,107.0999984741211,106.87999725341797,107.0999984741211,771500
2013-10-10 00:00:00,78.13367462158203,107.02999877929688,107.08000183105469,106.75,106.83999633789062,2191900
2013-10-11 00:00:00,78.1628646850586,107.06999969482422,107.2699966430664,107.04000091552734,107.22000122070312,1032200
2013-10-14 00:00:00,78.01687622070312,106.87000274658203,107.12000274658203,106.8499984741211,107.0999984741211,412900
2013-10-15 00:00:00,77.98036193847656,106.81999969482422,107.08999633789062,106.79000091552734,107.05999755859375,946900
2013-10-16 00:00:00,78.3161849975586,107.27999877929688,107.27999877929688,106.73999786376953,106.77999877929688,774700
2013-10-17 00:00:00,78.53521728515625,107.58000183105469,107.68000030517578,107.44000244140625,107.5,1027300
2013-10-18 00:00:00,78.66657257080078,107.76000213623047,107.81999969482422,107.68000030517578,107.75,632400
2013-10-21 00:00:00,78.59357452392578,107.66000366210938,107.7300033569336,107.58000183105469,107.70999908447266,734700
2013-10-22 00:00:00,78.8709945678711,108.04000091552734,108.06999969482422,107.91999816894531,107.9800033569336,1572300
2013-10-23 00:00:00,78.84908294677734,108.01000213623047,108.16000366210938,108.0,108.06999969482422,694300
2013-10-24 00:00:00,78.81987762451172,107.97000122070312,108.13999938964844,107.94000244140625,108.13999938964844,532800
2013-10-25 00:00:00,78.84908294677734,108.01000213623047,108.0999984741211,107.95999908447266,108.01000213623047,484300
2013-10-28 00:00:00,78.81256103515625,107.95999908447266,108.08999633789062,107.94000244140625,108.0,936200
2013-10-29 00:00:00,78.90750122070312,108.08999633789062,108.08999633789062,107.87000274658203,107.91999816894531,521400
2013-10-30 00:00:00,78.76145935058594,107.88999938964844,108.20999908447266,107.81999969482422,108.11000061035156,492100
2013-10-31 00:00:00,78.76879119873047,107.9000015258789,108.12000274658203,107.80000305175781,108.11000061035156,1793600
2013-11-01 00:00:00,78.57862854003906,107.44999694824219,107.6500015258789,107.41000366210938,107.63999938964844,1262300
2013-11-04 00:00:00,78.65909576416016,107.55999755859375,107.5999984741211,107.4800033569336,107.55000305175781,421700
2013-11-05 00:00:00,78.42509460449219,107.23999786376953,107.43000030517578,107.22000122070312,107.4000015258789,873100
2013-11-06 00:00:00,78.54938507080078,107.41000366210938,107.45999908447266,107.3499984741211,107.38999938964844,557300
2013-11-07 00:00:00,78.60791778564453,107.48999786376953,107.58999633789062,107.43000030517578,107.5,804300
2013-11-08 00:00:00,78.1179428100586,106.81999969482422,106.94000244140625,106.76000213623047,106.88999938964844,796600
2013-11-11 00:00:00,78.07404327392578,106.76000213623047,106.83000183105469,106.68000030517578,106.81999969482422,1281400
2013-11-12 00:00:00,78.04478454589844,106.72000122070312,106.79000091552734,106.66999816894531,106.70999908447266,1130600
2013-11-13 00:00:00,78.2495346069336,107.0,107.04000091552734,106.87000274658203,106.94000244140625,673300
2013-11-14 00:00:00,78.49089813232422,107.33000183105469,107.33000183105469,107.0999984741211,107.12000274658203,1437800
2013-11-15 00:00:00,78.51285552978516,107.36000061035156,107.38999938964844,107.27999877929688,107.37000274658203,1853400
2013-11-18 00:00:00,78.66643524169922,107.56999969482422,107.56999969482422,107.41999816894531,107.43000030517578,856100
2013-11-19 00:00:00,78.45431518554688,107.27999877929688,107.5,107.26000213623047,107.4800033569336,1703100
2013-11-20 00:00:00,78.23490905761719,106.9800033569336,107.45999908447266,106.94000244140625,107.33999633789062,984800
2013-11-21 00:00:00,78.31536102294922,107.08999633789062,107.11000061035156,106.80000305175781,106.91999816894531,1362900
2013-11-22 00:00:00,78.42509460449219,107.23999786376953,107.2699966430664,107.12000274658203,107.12999725341797,919400
2013-11-25 00:00:00,78.48355865478516,107.31999969482422,107.38999938964844,107.2300033569336,107.25,692300
2013-11-26 00:00:00,78.50552368164062,107.3499984741211,107.5199966430664,107.33000183105469,107.33999633789062,1625600
2013-11-27 00:00:00,78.5420913696289,107.4000015258789,107.4800033569336,107.20999908447266,107.44000244140625,932800
2013-11-29 00:00:00,78.5713119506836,107.44000244140625,107.48999786376953,107.20999908447266,107.30000305175781,956500
2013-12-02 00:00:00,78.27312469482422,106.83000183105469,107.12000274658203,106.83000183105469,107.0999984741211,1518700
2013-12-03 00:00:00,78.36837768554688,106.95999908447266,107.0199966430664,106.9000015258789,106.97000122070312,1478600
2013-12-04 00:00:00,78.16322326660156,106.68000030517578,106.7699966430664,106.58999633789062,106.61000061035156,1205300
2013-12-05 00:00:00,77.99470520019531,106.44999694824219,106.69999694824219,106.44999694824219,106.62000274658203,1882800
2013-12-06 00:00:00,78.12660217285156,106.62999725341797,106.70999908447266,106.4800033569336,106.52999877929688,2883600
2013-12-09 00:00:00,78.22179412841797,106.76000213623047,106.80999755859375,106.66000366210938,106.69999694824219,1379500
2013-12-10 00:00:00,78.34644317626953,106.93000030517578,107.06999969482422,106.88999938964844,107.05000305175781,2986900
2013-12-11 00:00:00,78.22179412841797,106.76000213623047,106.94999694824219,106.76000213623047,106.93000030517578,4010300
2013-12-12 00:00:00,78.1046142578125,106.5999984741211,106.72000122070312,106.56999969482422,106.72000122070312,2260000
2013-12-13 00:00:00,78.14126586914062,106.6500015258789,106.8499984741211,106.62000274658203,106.8499984741211,3461600
2013-12-16 00:00:00,78.19986724853516,106.7300033569336,106.91999816894531,106.66999816894531,106.91999816894531,804900
2013-12-17 00:00:00,78.3316879272461,106.91000366210938,106.95999908447266,106.7300033569336,106.7699966430664,1381500
2013-12-18 00:00:00,78.2950668334961,106.86000061035156,107.0999984741211,106.5,106.80000305175781,1446100
2013-12-19 00:00:00,78.16322326660156,106.68000030517578,106.75,106.47000122070312,106.58000183105469,2011400
2013-12-20 00:00:00,78.2950668334961,106.86000061035156,106.93000030517578,106.69000244140625,106.86000061035156,1378300
2013-12-23 00:00:00,78.25846862792969,106.80999755859375,106.97000122070312,106.7699966430664,106.86000061035156,1926700
2013-12-24 00:00:00,78.1485595703125,106.66000366210938,106.76000213623047,106.62999725341797,106.72000122070312,688500
2013-12-26 00:00:00,78.10452270507812,106.38999938964844,106.41999816894531,105.3499984741211,106.3499984741211,750800
2013-12-27 00:00:00,78.13387298583984,106.43000030517578,106.45999908447266,106.29000091552734,106.37999725341797,1320400
2013-12-30 00:00:00,78.20728302001953,106.52999877929688,106.58999633789062,106.44000244140625,106.51000213623047,1226500
2013-12-31 00:00:00,78.13387298583984,106.43000030517578,106.58000183105469,106.37000274658203,106.4800033569336,3280300
2014-01-02 00:00:00,78.18526458740234,106.5,106.56999969482422,106.43000030517578,106.44999694824219,1346600
2014-01-03 00:00:00,78.21466064453125,106.54000091552734,106.62999725341797,106.38999938964844,106.44999694824219,2293500
2014-01-06 00:00:00,78.31739807128906,106.68000030517578,106.68000030517578,106.52999877929688,106.52999877929688,4413900
2014-01-07 00:00:00,78.35413360595703,106.7300033569336,106.77999877929688,106.66999816894531,106.73999786376953,1255700
2014-01-08 00:00:00,78.11917877197266,106.41000366210938,106.62000274658203,106.4000015258789,106.56999969482422,1090800
2014-01-09 00:00:00,78.22932434082031,106.55999755859375,106.58000183105469,106.41999816894531,106.55999755859375,829400
2014-01-10 00:00:00,78.62577819824219,107.0999984741211,107.0999984741211,106.83999633789062,106.91999816894531,1484400
2014-01-13 00:00:00,78.69917297363281,107.19999694824219,107.30999755859375,107.13999938964844,107.1500015258789,1139500
2014-01-14 00:00:00,78.58174896240234,107.04000091552734,107.25,106.9800033569336,107.18000030517578,987500
2014-01-15 00:00:00,78.51563262939453,106.94999694824219,106.9800033569336,106.81999969482422,106.87999725341797,1664800
2014-01-16 00:00:00,78.69917297363281,107.19999694824219,107.20999908447266,107.06999969482422,107.12999725341797,3113700
2014-01-17 00:00:00,78.73587799072266,107.25,107.30000305175781,107.0999984741211,107.18000030517578,588700
2014-01-21 00:00:00,78.7725601196289,107.30000305175781,107.33999633789062,107.16999816894531,107.20999908447266,1777100
2014-01-22 00:00:00,78.60375213623047,107.06999969482422,107.23999786376953,107.0199966430664,107.11000061035156,892900
2014-01-23 00:00:00,78.80928039550781,107.3499984741211,107.5199966430664,107.26000213623047,107.2699966430664,1901200
2014-01-24 00:00:00,78.97811889648438,107.58000183105469,107.6500015258789,107.45999908447266,107.4800033569336,783200
2014-01-27 00:00:00,78.80928039550781,107.3499984741211,107.63999938964844,107.33999633789062,107.52999877929688,1335000
2014-01-28 00:00:00,78.94141387939453,107.52999877929688,107.55999755859375,107.38999938964844,107.45999908447266,1306400
2014-01-29 00:00:00,79.1763687133789,107.8499984741211,107.91999816894531,107.68000030517578,107.68000030517578,1116200
2014-01-30 00:00:00,79.1910400390625,107.87000274658203,107.87999725341797,107.70999908447266,107.76000213623047,3074400
2014-01-31 00:00:00,79.337890625,108.06999969482422,108.06999969482422,107.91000366210938,108.0,3195200
2014-02-03 00:00:00,79.60708618164062,108.2300033569336,108.2300033569336,107.70999908447266,107.77999877929688,1976100
2014-02-04 00:00:00,79.41583251953125,107.97000122070312,108.08000183105469,107.87999725341797,107.95999908447266,2289000
2014-02-05 00:00:00,79.21721649169922,107.69999694824219,107.91999816894531,107.69000244140625,107.87999725341797,1162000
2014-02-06 00:00:00,79.18047332763672,107.6500015258789,107.66999816894531,107.55000305175781,107.62000274658203,1127700
2014-02-07 00:00:00,79.30548858642578,107.81999969482422,107.9000015258789,107.6500015258789,107.68000030517578,611700
2014-02-10 00:00:00,79.38641357421875,107.93000030517578,107.97000122070312,107.80999755859375,107.86000061035156,1097200
2014-02-11 00:00:00,79.23199462890625,107.72000122070312,107.77999877929688,107.62999725341797,107.69999694824219,1493200
2014-02-12 00:00:00,79.09959411621094,107.54000091552734,107.61000061035156,107.44999694824219,107.58000183105469,714100
2014-02-13 00:00:00,79.26873779296875,107.7699966430664,107.81999969482422,107.69000244140625,107.75,777400
2014-02-14 00:00:00,79.26873779296875,107.7699966430664,107.77999877929688,107.66000366210938,107.75,708800
2014-02-18 00:00:00,79.32020568847656,107.83999633789062,107.94000244140625,107.73999786376953,107.76000213623047,940900
2014-02-19 00:00:00,79.26138305664062,107.76000213623047,108.05999755859375,107.7300033569336,107.97000122070312,902600
2014-02-20 00:00:00,79.21721649169922,107.69999694824219,107.76000213623047,107.56999969482422,107.70999908447266,894000
2014-02-21 00:00:00,79.29078674316406,107.80000305175781,107.80000305175781,107.61000061035156,107.62000274658203,395300
2014-02-24 00:00:00,79.21721649169922,107.69999694824219,107.80000305175781,107.68000030517578,107.80000305175781,838500
2014-02-25 00:00:00,79.4305191040039,107.98999786376953,108.0199966430664,107.8499984741211,107.8499984741211,542100
2014-02-26 00:00:00,79.59970092773438,108.22000122070312,108.22000122070312,108.0,108.04000091552734,617000
2014-02-27 00:00:00,79.68064880371094,108.33000183105469,108.37000274658203,108.2300033569336,108.25,628900
2014-02-28 00:00:00,79.63650512695312,108.2699966430664,108.31999969482422,108.12000274658203,108.23999786376953,1589500
2014-03-03 00:00:00,79.84284973144531,108.3499984741211,108.37999725341797,108.1500015258789,108.20999908447266,2533900
2014-03-04 00:00:00,79.54805755615234,107.94999694824219,108.25,107.91999816894531,108.25,953700
2014-03-05 00:00:00,79.59229278564453,108.01000213623047,108.0199966430664,107.80999755859375,107.83000183105469,2852300
2014-03-06 00:00:00,79.41542053222656,107.7699966430664,107.83000183105469,107.69000244140625,107.76000213623047,689200
2014-03-07 00:00:00,79.19430541992188,107.47000122070312,107.55999755859375,107.41999816894531,107.45999908447266,701700
2014-03-10 00:00:00,79.19430541992188,107.47000122070312,107.55999755859375,107.45999908447266,107.5,877800
2014-03-11 00:00:00,79.18700408935547,107.45999908447266,107.55999755859375,107.44000244140625,107.52999877929688,2060700
2014-03-12 00:00:00,79.36383056640625,107.69999694824219,107.72000122070312,107.5999984741211,107.66999816894531,943300
2014-03-13 00:00:00,79.57015991210938,107.9800033569336,108.05999755859375,107.55000305175781,107.56999969482422,660900
2014-03-14 00:00:00,79.53333282470703,107.93000030517578,108.16999816894531,107.93000030517578,108.12999725341797,741800
2014-03-17 00:00:00,79.48910522460938,107.87000274658203,107.9800033569336,107.83000183105469,107.91000366210938,590800
2014-03-18 00:00:00,79.58488464355469,108.0,108.0,107.8499984741211,107.87999725341797,568500
2014-03-19 00:00:00,79.23121643066406,107.5199966430664,107.9800033569336,107.41000366210938,107.9800033569336,702000
2014-03-20 00:00:00,79.17227172851562,107.44000244140625,107.52999877929688,107.38999938964844,107.44999694824219,1100600
2014-03-21 00:00:00,79.28282165527344,107.58999633789062,107.6500015258789,107.45999908447266,107.5199966430664,756600
2014-03-24 00:00:00,79.4007339477539,107.75,107.7699966430664,107.5,107.58000183105469,712800
2014-03-25 00:00:00,79.31957244873047,107.63999938964844,107.83000183105469,107.62999725341797,107.69000244140625,1377600
2014-03-26 00:00:00,79.57015991210938,107.9800033569336,107.9800033569336,107.72000122070312,107.75,593900
2014-03-27 00:00:00,79.62915802001953,108.05999755859375,108.08000183105469,107.8499984741211,107.87000274658203,1299200
2014-03-28 00:00:00,79.51123046875,107.9000015258789,108.0999984741211,107.83999633789062,108.0999984741211,865600
2014-03-31 00:00:00,79.51858520507812,107.91000366210938,107.9800033569336,107.73999786376953,107.83000183105469,1452200
2014-04-01 00:00:00,79.39677429199219,107.54000091552734,107.66999816894531,107.54000091552734,107.66000366210938,760000
2014-04-02 00:00:00,79.26390838623047,107.36000061035156,107.48999786376953,107.33000183105469,107.3499984741211,1550700
2014-04-03 00:00:00,79.32292938232422,107.44000244140625,107.54000091552734,107.38999938964844,107.45999908447266,1126700
2014-04-04 00:00:00,79.57398986816406,107.77999877929688,107.8499984741211,107.6500015258789,107.66000366210938,1043600
2014-04-07 00:00:00,79.69205474853516,107.94000244140625,108.05999755859375,107.88999938964844,107.94000244140625,679500
2014-04-08 00:00:00,79.78805541992188,108.06999969482422,108.1500015258789,107.93000030517578,107.9800033569336,1435700
2014-04-09 00:00:00,79.79542541503906,108.08000183105469,108.20999908447266,107.93000030517578,108.0,1167100
2014-04-10 00:00:00,79.98004150390625,108.33000183105469,108.48999786376953,108.1500015258789,108.16999816894531,1033300
2014-04-11 00:00:00,80.0538558959961,108.43000030517578,108.58000183105469,108.41000366210938,108.58000183105469,1168700
2014-04-14 00:00:00,80.0833969116211,108.47000122070312,108.5,108.4000015258789,108.43000030517578,1002800
2014-04-15 00:00:00,80.09077453613281,108.4800033569336,108.62000274658203,108.38999938964844,108.44000244140625,1442100
2014-04-16 00:00:00,80.13505554199219,108.54000091552734,108.54000091552734,108.33999633789062,108.41000366210938,2245600
2014-04-17 00:00:00,79.87667083740234,108.19000244140625,108.52999877929688,108.0999984741211,108.52999877929688,1262900
2014-04-21 00:00:00,79.8692398071289,108.18000030517578,108.29000091552734,108.12999725341797,108.2699966430664,1018200
2014-04-22 00:00:00,79.85453033447266,108.16000366210938,108.16000366210938,108.05000305175781,108.0999984741211,1034800
2014-04-23 00:00:00,79.93572235107422,108.2699966430664,108.36000061035156,108.20999908447266,108.23999786376953,746000
2014-04-24 00:00:00,80.00952911376953,108.37000274658203,108.37000274658203,108.18000030517578,108.22000122070312,494000
2014-04-25 00:00:00,80.02436065673828,108.38999938964844,108.55000305175781,108.37999725341797,108.43000030517578,489700
2014-04-28 00:00:00,79.97261047363281,108.31999969482422,108.45999908447266,108.26000213623047,108.38999938964844,523300
2014-04-29 00:00:00,80.00952911376953,108.37000274658203,108.4000015258789,108.23999786376953,108.26000213623047,858600
2014-04-30 00:00:00,80.17195892333984,108.58999633789062,108.61000061035156,108.37999725341797,108.45999908447266,1313000
2014-05-01 00:00:00,80.28884887695312,108.55000305175781,108.69999694824219,108.37999725341797,108.37999725341797,1727500
2014-05-02 00:00:00,80.38499450683594,108.68000030517578,108.77999877929688,108.3499984741211,108.44999694824219,1075300
2014-05-05 00:00:00,80.3554458618164,108.63999938964844,108.73999786376953,108.55999755859375,108.72000122070312,1261100
2014-05-06 00:00:00,80.41456604003906,108.72000122070312,108.7300033569336,108.62000274658203,108.69000244140625,786800
2014-05-07 00:00:00,80.41456604003906,108.72000122070312,108.80000305175781,108.62000274658203,108.69999694824219,664900
2014-05-08 00:00:00,80.46636199951172,108.79000091552734,108.9000015258789,108.68000030517578,108.77999877929688,2023400
2014-05-09 00:00:00,80.39240264892578,108.69000244140625,108.81999969482422,108.66000366210938,108.75,812800
2014-05-12 00:00:00,80.32585906982422,108.5999984741211,108.6500015258789,108.54000091552734,108.63999938964844,472900
2014-05-13 00:00:00,80.45896911621094,108.77999877929688,108.80000305175781,108.72000122070312,108.76000213623047,577500
2014-05-14 00:00:00,80.6882095336914,109.08999633789062,109.1500015258789,108.91000366210938,108.91000366210938,1321600
2014-05-15 00:00:00,80.85841369628906,109.31999969482422,109.44999694824219,109.2300033569336,109.30000305175781,2408900
2014-05-16 00:00:00,80.76960754394531,109.19999694824219,109.3499984741211,109.16999816894531,109.22000122070312,558700
2014-05-19 00:00:00,80.74002075195312,109.16000366210938,109.38999938964844,109.1500015258789,109.33999633789062,945900
2014-05-20 00:00:00,80.77704620361328,109.20999908447266,109.30999755859375,109.16000366210938,109.16000366210938,1102200
2014-05-21 00:00:00,80.74742889404297,109.16999816894531,109.18000030517578,109.08000183105469,109.1500015258789,804400
2014-05-22 00:00:00,80.71044921875,109.12000274658203,109.18000030517578,109.05999755859375,109.13999938964844,633900
2014-05-23 00:00:00,80.79180908203125,109.2300033569336,109.25,109.13999938964844,109.18000030517578,435500
2014-05-27 00:00:00,80.86576080322266,109.33000183105469,109.33000183105469,109.0999984741211,109.25,762600
2014-05-28 00:00:00,81.08766174316406,109.62999725341797,109.69000244140625,109.43000030517578,109.48999786376953,692300
2014-05-29 00:00:00,81.04328155517578,109.56999969482422,109.83000183105469,109.54000091552734,109.73999786376953,981400
2014-05-30 00:00:00,81.11724853515625,109.66999816894531,109.66999816894531,109.44999694824219,109.5199966430664,5554700
2014-06-02 00:00:00,80.8704833984375,109.12999725341797,109.36000061035156,109.08999633789062,109.29000091552734,2822900
2014-06-03 00:00:00,80.65559387207031,108.83999633789062,109.04000091552734,108.77999877929688,109.0199966430664,864600
2014-06-04 00:00:00,80.62596130371094,108.80000305175781,108.87999725341797,108.7300033569336,108.87999725341797,1445700
2014-06-05 00:00:00,80.72965240478516,108.94000244140625,108.9800033569336,108.7699966430664,108.81999969482422,643500
2014-06-06 00:00:00,80.68524169921875,108.87999725341797,109.12000274658203,108.87999725341797,109.0999984741211,839500
2014-06-09 00:00:00,80.61112976074219,108.77999877929688,108.87000274658203,108.76000213623047,108.83999633789062,1133400
2014-06-10 00:00:00,80.4925537109375,108.62000274658203,108.73999786376953,108.62000274658203,108.66000366210938,823300
2014-06-11 00:00:00,80.55181121826172,108.69999694824219,108.77999877929688,108.63999938964844,108.7300033569336,1171200
2014-06-12 00:00:00,80.70748901367188,108.91000366210938,109.0,108.68000030517578,108.73999786376953,1224200
2014-06-13 00:00:00,80.68524169921875,108.87999725341797,108.91000366210938,108.70999908447266,108.75,1040900
2014-06-16 00:00:00,80.64077758789062,108.81999969482422,108.95999908447266,108.80000305175781,108.87000274658203,1308900
2014-06-17 00:00:00,80.4925537109375,108.62000274658203,108.79000091552734,108.61000061035156,108.76000213623047,842300
2014-06-18 00:00:00,80.70748901367188,108.91000366210938,108.91000366210938,108.63999938964844,108.7300033569336,504400
2014-06-19 00:00:00,80.58887481689453,108.75,109.02999877929688,108.68000030517578,109.0,690000
2014-06-20 00:00:00,80.72965240478516,108.94000244140625,108.94000244140625,108.7300033569336,108.7300033569336,690600
2014-06-23 00:00:00,80.65559387207031,108.83999633789062,109.0199966430664,108.83999633789062,108.98999786376953,559700
2014-06-24 00:00:00,80.79637908935547,109.02999877929688,109.05000305175781,108.87999725341797,108.95999908447266,740800
2014-06-25 00:00:00,80.90750122070312,109.18000030517578,109.27999877929688,109.11000061035156,109.19999694824219,713700
2014-06-26 00:00:00,81.06317138671875,109.38999938964844,109.41000366210938,109.25,109.25,673700
2014-06-27 00:00:00,81.06317138671875,109.38999938964844,109.5,109.3499984741211,109.44999694824219,668200
2014-06-30 00:00:00,81.07057189941406,109.4000015258789,109.5,109.36000061035156,109.47000122070312,1046900
2014-07-01 00:00:00,80.9710693359375,109.06999969482422,109.18000030517578,109.05000305175781,109.11000061035156,1038500
2014-07-02 00:00:00,80.68898010253906,108.69000244140625,108.94000244140625,108.69000244140625,108.94000244140625,1381400
2014-07-03 00:00:00,80.63701629638672,108.62000274658203,108.66000366210938,108.47000122070312,108.55000305175781,634500
2014-07-07 00:00:00,80.65928649902344,108.6500015258789,108.75,108.62000274658203,108.68000030517578,1253300
2014-07-08 00:00:00,80.82259368896484,108.87000274658203,108.9800033569336,108.83999633789062,108.83999633789062,2024000
2014-07-09 00:00:00,80.88945007324219,108.95999908447266,109.04000091552734,108.77999877929688,108.87999725341797,785500
2014-07-10 00:00:00,80.92654418945312,109.01000213623047,109.19000244140625,109.01000213623047,109.18000030517578,791500
2014-07-11 00:00:00,81.03787994384766,109.16000366210938,109.2699966430664,109.13999938964844,109.16000366210938,606800
2014-07-14 00:00:00,80.9710693359375,109.06999969482422,109.12999725341797,109.0,109.11000061035156,710400
2014-07-15 00:00:00,80.86711120605469,108.93000030517578,109.16000366210938,108.9000015258789,108.98999786376953,660200
2014-07-16 00:00:00,80.93394470214844,109.0199966430664,109.05000305175781,108.95999908447266,109.01000213623047,725600
2014-07-17 00:00:00,81.1715087890625,109.33999633789062,109.37999725341797,109.12000274658203,109.22000122070312,1158400
2014-07-18 00:00:00,81.08248901367188,109.22000122070312,109.33000183105469,109.18000030517578,109.27999877929688,543600
2014-07-21 00:00:00,81.11217498779297,109.26000213623047,109.44999694824219,109.26000213623047,109.3499984741211,585700
2014-07-22 00:00:00,81.24577331542969,109.44000244140625,109.44999694824219,109.27999877929688,109.37999725341797,724700
2014-07-23 00:00:00,81.2606201171875,109.45999908447266,109.55000305175781,109.41000366210938,109.5,711800
2014-07-24 00:00:00,81.00820922851562,109.12000274658203,109.31999969482422,109.12000274658203,109.31999969482422,853400
2014-07-25 00:00:00,81.16409301757812,109.33000183105469,109.38999938964844,109.26000213623047,109.36000061035156,506200
2014-07-28 00:00:00,81.178955078125,109.3499984741211,109.43000030517578,109.2699966430664,109.37000274658203,673000
2014-07-29 00:00:00,81.2606201171875,109.45999908447266,109.5199966430664,109.33999633789062,109.44999694824219,2977100
2014-07-30 00:00:00,80.9710693359375,109.06999969482422,109.29000091552734,109.0199966430664,109.25,1245000
2014-07-31 00:00:00,80.86711120605469,108.93000030517578,109.08999633789062,108.87999725341797,108.9000015258789,1066400
2014-08-01 00:00:00,81.17208099365234,109.13999938964844,109.19000244140625,108.76000213623047,108.88999938964844,1064400
2014-08-04 00:00:00,81.15719604492188,109.12000274658203,109.27999877929688,109.12000274658203,109.19999694824219,1496900
2014-08-05 00:00:00,81.15719604492188,109.12000274658203,109.19999694824219,108.94999694824219,109.12000274658203,1875100
2014-08-06 00:00:00,81.1646499633789,109.12999725341797,109.2699966430664,109.11000061035156,109.2699966430664,708800
2014-08-07 00:00:00,81.32083892822266,109.33999633789062,109.4000015258789,109.0999984741211,109.19000244140625,1246500
2014-08-08 00:00:00,81.35057830810547,109.37999725341797,109.62999725341797,109.3499984741211,109.47000122070312,1339200
2014-08-11 00:00:00,81.35806274414062,109.38999938964844,109.48999786376953,109.3499984741211,109.4000015258789,1632900
2014-08-12 00:00:00,81.32083892822266,109.33999633789062,109.44000244140625,109.30999755859375,109.44000244140625,876000
2014-08-13 00:00:00,81.4844741821289,109.55999755859375,109.56999969482422,109.38999938964844,109.44000244140625,3471700
2014-08-14 00:00:00,81.52910614013672,109.62000274658203,109.68000030517578,109.54000091552734,109.6500015258789,1072900
2014-08-15 00:00:00,81.72991180419922,109.88999938964844,110.12000274658203,109.5999984741211,109.69999694824219,2593200
2014-08-18 00:00:00,81.5588607788086,109.66000366210938,109.81999969482422,109.62000274658203,109.79000091552734,1424400
2014-08-19 00:00:00,81.44727325439453,109.51000213623047,109.80000305175781,109.48999786376953,109.76000213623047,1820700
2014-08-20 00:00:00,81.35806274414062,109.38999938964844,109.54000091552734,109.36000061035156,109.54000091552734,929500
2014-08-21 00:00:00,81.49934387207031,109.58000183105469,109.5999984741211,109.44999694824219,109.4800033569336,775600
2014-08-22 00:00:00,81.4844741821289,109.55999755859375,109.61000061035156,109.3499984741211,109.52999877929688,801900
2014-08-25 00:00:00,81.55140686035156,109.6500015258789,109.69000244140625,109.5199966430664,109.69000244140625,3473800
2014-08-26 00:00:00,81.5588607788086,109.66000366210938,109.7300033569336,109.61000061035156,109.7300033569336,543400
2014-08-27 00:00:00,81.66294860839844,109.80000305175781,109.8499984741211,109.69999694824219,109.7300033569336,866100
2014-08-28 00:00:00,81.82653045654297,110.0199966430664,110.05000305175781,109.88999938964844,109.95999908447266,1123700
2014-08-29 00:00:00,81.79682922363281,109.9800033569336,110.08999633789062,109.94000244140625,110.0,1473300
2014-09-02 00:00:00,81.54723358154297,109.44999694824219,109.62999725341797,109.44999694824219,109.55000305175781,1029300
2014-09-03 00:00:00,81.63667297363281,109.56999969482422,109.58000183105469,109.37000274658203,109.38999938964844,1311700
2014-09-04 00:00:00,81.53235626220703,109.43000030517578,109.54000091552734,109.30999755859375,109.44000244140625,1308900
2014-09-05 00:00:00,81.48760986328125,109.37000274658203,109.54000091552734,109.29000091552734,109.44000244140625,798500
2014-09-08 00:00:00,81.40569305419922,109.26000213623047,109.54000091552734,109.26000213623047,109.48999786376953,895300
2014-09-09 00:00:00,81.29389953613281,109.11000061035156,109.2300033569336,109.08999633789062,109.16999816894531,689500
2014-09-10 00:00:00,81.18214416503906,108.95999908447266,109.01000213623047,108.91000366210938,108.9800033569336,974400
2014-09-11 00:00:00,81.1002197265625,108.8499984741211,109.05999755859375,108.83000183105469,109.01000213623047,753500
2014-09-12 00:00:00,80.93632507324219,108.62999725341797,108.73999786376953,108.5999984741211,108.69000244140625,1327600
2014-09-15 00:00:00,80.9213638305664,108.61000061035156,108.76000213623047,108.58999633789062,108.7300033569336,1210800
2014-09-16 00:00:00,80.9213638305664,108.61000061035156,108.7699966430664,108.61000061035156,108.69999694824219,851000
2014-09-17 00:00:00,80.83193969726562,108.48999786376953,108.83999633789062,108.4800033569336,108.73999786376953,707200
2014-09-18 00:00:00,80.83938598632812,108.5,108.55000305175781,108.44999694824219,108.5,707600
2014-09-19 00:00:00,80.9735336303711,108.68000030517578,108.7300033569336,108.51000213623047,108.55999755859375,929900
2014-09-22 00:00:00,81.0853042602539,108.83000183105469,108.91000366210938,108.76000213623047,108.86000061035156,592400
2014-09-23 00:00:00,81.15978240966797,108.93000030517578,108.94999694824219,108.83000183105469,108.91000366210938,705200
2014-09-24 00:00:00,81.10765838623047,108.86000061035156,109.08000183105469,108.83999633789062,109.08000183105469,836700
2014-09-25 00:00:00,81.26412963867188,109.06999969482422,109.0999984741211,108.9800033569336,108.9800033569336,1161900
2014-09-26 00:00:00,81.25669860839844,109.05999755859375,109.08999633789062,108.87999725341797,109.05999755859375,1729500
2014-09-29 00:00:00,81.34608459472656,109.18000030517578,109.23999786376953,109.05999755859375,109.16000366210938,7243700
2014-09-30 00:00:00,81.29389953613281,109.11000061035156,109.27999877929688,109.08999633789062,109.19000244140625,2335400
2014-10-01 00:00:00,81.74844360351562,109.52999877929688,109.54000091552734,109.19999694824219,109.19999694824219,6605200
2014-10-02 00:00:00,81.61412811279297,109.3499984741211,109.62999725341797,109.3499984741211,109.55999755859375,4826800
2014-10-03 00:00:00,81.57681274414062,109.30000305175781,109.36000061035156,109.19999694824219,109.30999755859375,2928900
2014-10-06 00:00:00,81.65142822265625,109.4000015258789,109.55000305175781,109.30999755859375,109.4000015258789,2145800
2014-10-07 00:00:00,81.96488952636719,109.81999969482422,109.8499984741211,109.55999755859375,109.61000061035156,2328400
2014-10-08 00:00:00,82.1962661743164,110.12999725341797,110.13999938964844,109.68000030517578,109.9000015258789,2477900
2014-10-09 00:00:00,82.03206634521484,109.91000366210938,110.06999969482422,109.87000274658203,110.06999969482422,1502800
2014-10-10 00:00:00,82.0917739868164,109.98999786376953,110.02999877929688,109.87000274658203,109.95999908447266,1734400
2014-10-13 00:00:00,82.33061218261719,110.30999755859375,110.33999633789062,110.04000091552734,110.1500015258789,1098500
2014-10-14 00:00:00,82.51719665527344,110.55999755859375,110.58000183105469,110.27999877929688,110.5,3518500
2014-10-15 00:00:00,82.66643524169922,110.76000213623047,112.08000183105469,110.62999725341797,111.19999694824219,2275400
2014-10-16 00:00:00,82.59930419921875,110.66999816894531,111.1500015258789,110.54000091552734,111.0,1792900
2014-10-17 00:00:00,82.48734283447266,110.5199966430664,110.6500015258789,110.4000015258789,110.51000213623047,2065800
2014-10-20 00:00:00,82.58438873291016,110.6500015258789,110.7300033569336,110.56999969482422,110.69000244140625,1518300
2014-10-21 00:00:00,82.50971221923828,110.55000305175781,110.68000030517578,110.48999786376953,110.55000305175781,2625000
2014-10-22 00:00:00,82.4649429321289,110.48999786376953,110.54000091552734,110.4000015258789,110.5,3179200
2014-10-23 00:00:00,82.27086639404297,110.2300033569336,110.36000061035156,110.12999725341797,110.36000061035156,1863100
2014-10-24 00:00:00,82.3007583618164,110.2699966430664,110.3499984741211,110.1500015258789,110.2699966430664,1188900
2014-10-27 00:00:00,82.33061218261719,110.30999755859375,110.33000183105469,110.19000244140625,110.27999877929688,1073100
2014-10-28 00:00:00,82.20368957519531,110.13999938964844,110.25,110.0999984741211,110.20999908447266,1128600
2014-10-29 00:00:00,82.02459716796875,109.9000015258789,110.16000366210938,109.8499984741211,110.02999877929688,1591000
2014-10-30 00:00:00,82.15892791748047,110.08000183105469,110.19000244140625,110.02999877929688,110.05000305175781,2479500
2014-10-31 00:00:00,82.15892791748047,110.08000183105469,110.08000183105469,109.9000015258789,109.93000030517578,3145100
2014-11-03 00:00:00,82.00341033935547,109.68000030517578,109.8499984741211,109.55999755859375,109.83000183105469,2282400
2014-11-04 00:00:00,82.01091766357422,109.69000244140625,109.86000061035156,109.66999816894531,109.69999694824219,2346300
2014-11-05 00:00:00,82.04083251953125,109.7300033569336,109.73999786376953,109.58999633789062,109.6500015258789,2699600
2014-11-06 00:00:00,81.89876556396484,109.54000091552734,109.66999816894531,109.5,109.5199966430664,1391400
2014-11-07 00:00:00,82.1753921508789,109.91000366210938,109.91999816894531,109.5999984741211,109.61000061035156,1661400
2014-11-10 00:00:00,81.98098754882812,109.6500015258789,109.91000366210938,109.6500015258789,109.9000015258789,846900
2014-11-11 00:00:00,82.01835632324219,109.69999694824219,109.70999908447266,109.58999633789062,109.66000366210938,1138500
2014-11-12 00:00:00,82.02587127685547,109.70999908447266,109.87999725341797,109.66000366210938,109.73999786376953,1123700
2014-11-13 00:00:00,82.06321716308594,109.76000213623047,109.80000305175781,109.66000366210938,109.75,860800
2014-11-14 00:00:00,82.13799285888672,109.86000061035156,109.94000244140625,109.63999938964844,109.68000030517578,1073000
2014-11-17 00:00:00,82.04083251953125,109.7300033569336,109.95999908447266,109.72000122070312,109.95999908447266,1403000
2014-11-18 00:00:00,82.11554718017578,109.83000183105469,109.87999725341797,109.7699966430664,109.81999969482422,1318400
2014-11-19 00:00:00,81.92118835449219,109.56999969482422,109.83999633789062,109.55999755859375,109.68000030517578,1361800
2014-11-20 00:00:00,82.07070922851562,109.7699966430664,109.93000030517578,109.69000244140625,109.87000274658203,1155800
2014-11-21 00:00:00,82.16791534423828,109.9000015258789,109.95999908447266,109.83999633789062,109.91999816894531,1295000
2014-11-24 00:00:00,82.19784545898438,109.94000244140625,110.04000091552734,109.83999633789062,109.8499984741211,1355100
2014-11-25 00:00:00,82.37725067138672,110.18000030517578,110.22000122070312,109.95999908447266,109.95999908447266,3187700
2014-11-26 00:00:00,82.44454956054688,110.2699966430664,110.33999633789062,110.23999786376953,110.33000183105469,1205700
2014-11-28 00:00:00,82.69873809814453,110.61000061035156,110.62000274658203,110.4000015258789,110.43000030517578,2072800
2014-12-01 00:00:00,82.51287841796875,110.08000183105469,110.5999984741211,110.08000183105469,110.5999984741211,2811700
2014-12-02 00:00:00,82.34795379638672,109.86000061035156,109.98999786376953,109.80999755859375,109.98999786376953,1469400
2014-12-03 00:00:00,82.27299499511719,109.76000213623047,109.87000274658203,109.7300033569336,109.83000183105469,1998000
2014-12-04 00:00:00,82.5203857421875,110.08999633789062,110.11000061035156,109.77999877929688,109.8499984741211,3001700
2014-12-05 00:00:00,82.16807556152344,109.62000274658203,109.94000244140625,109.61000061035156,109.87000274658203,3477700
2014-12-08 00:00:00,82.37045288085938,109.88999938964844,110.0,109.55999755859375,109.80999755859375,984100
2014-12-09 00:00:00,82.49786376953125,110.05999755859375,110.2300033569336,109.94999694824219,110.13999938964844,1203000
2014-12-10 00:00:00,82.64029693603516,110.25,110.30999755859375,109.9800033569336,110.0,1208000
2014-12-11 00:00:00,82.61027526855469,110.20999908447266,110.2300033569336,110.0199966430664,110.1500015258789,1447700
2014-12-12 00:00:00,82.87263488769531,110.55999755859375,110.66000366210938,110.30999755859375,110.5,1714100
2014-12-15 00:00:00,82.64781188964844,110.26000213623047,110.54000091552734,110.25,110.37999725341797,2540700
2014-12-16 00:00:00,82.85016632080078,110.52999877929688,110.5999984741211,110.31999969482422,110.5999984741211,1411700
2014-12-17 00:00:00,82.7452621459961,110.38999938964844,110.68000030517578,110.27999877929688,110.5,2167500
2014-12-18 00:00:00,82.52783203125,110.0999984741211,110.22000122070312,110.05999755859375,110.16999816894531,1865800
2014-12-19 00:00:00,82.66278076171875,110.27999877929688,110.37999725341797,110.08000183105469,110.08000183105469,1865000
2014-12-22 00:00:00,82.79022979736328,110.44999694824219,110.45999908447266,110.2699966430664,110.3499984741211,3827800
2014-12-23 00:00:00,82.40791320800781,109.94000244140625,110.38999938964844,109.9000015258789,110.30000305175781,2790800
2014-12-24 00:00:00,82.49742889404297,109.69000244140625,109.70999908447266,109.45999908447266,109.62999725341797,922100
2014-12-26 00:00:00,82.53502655029297,109.73999786376953,109.87000274658203,109.62000274658203,109.72000122070312,1124900
2014-12-29 00:00:00,82.70806121826172,109.97000122070312,110.05000305175781,109.83000183105469,109.94000244140625,2199200
2014-12-30 00:00:00,82.79827880859375,110.08999633789062,110.26000213623047,110.01000213623047,110.19999694824219,2069600
2014-12-31 00:00:00,82.82083129882812,110.12000274658203,110.26000213623047,110.0999984741211,110.13999938964844,2493900
2015-01-02 00:00:00,83.05397033691406,110.43000030517578,110.5,110.18000030517578,110.18000030517578,2090200
2015-01-05 00:00:00,83.23450469970703,110.66999816894531,110.76000213623047,110.4800033569336,110.55999755859375,3446200
2015-01-06 00:00:00,83.44507598876953,110.94999694824219,111.3499984741211,110.88999938964844,110.95999908447266,3688100
2015-01-07 00:00:00,83.43001556396484,110.93000030517578,111.04000091552734,110.73999786376953,111.0,3984400
2015-01-08 00:00:00,83.30215454101562,110.76000213623047,110.83999633789062,110.62999725341797,110.83999633789062,2212200
2015-01-09 00:00:00,83.50525665283203,111.02999877929688,111.13999938964844,110.7300033569336,110.88999938964844,1322600
2015-01-12 00:00:00,83.57292938232422,111.12000274658203,111.26000213623047,111.08000183105469,111.16000366210938,2185700
2015-01-13 00:00:00,83.59552001953125,111.1500015258789,111.33000183105469,111.02999877929688,111.1500015258789,5537000
2015-01-14 00:00:00,83.79853057861328,111.41999816894531,111.6500015258789,111.4000015258789,111.63999938964844,3043600
2015-01-15 00:00:00,84.18212890625,111.93000030517578,111.94000244140625,111.48999786376953,111.48999786376953,2084000
2015-01-16 00:00:00,83.85871887207031,111.5,111.83000183105469,111.41999816894531,111.68000030517578,2744500
2015-01-20 00:00:00,84.00167083740234,111.69000244140625,111.83999633789062,111.55000305175781,111.75,2059400
2015-01-21 00:00:00,83.85116577148438,111.48999786376953,111.80999755859375,111.38999938964844,111.68000030517578,2020200
2015-01-22 00:00:00,83.80606079101562,111.43000030517578,111.72000122070312,111.29000091552734,111.72000122070312,2030400
2015-01-23 00:00:00,84.01664733886719,111.70999908447266,111.80999755859375,111.54000091552734,111.6500015258789,1535000
2015-01-26 00:00:00,83.97901153564453,111.66000366210938,111.79000091552734,111.44999694824219,111.79000091552734,2705200
2015-01-27 00:00:00,83.93391418457031,111.5999984741211,111.97000122070312,111.55000305175781,111.97000122070312,1635900
2015-01-28 00:00:00,84.28741455078125,112.06999969482422,112.22000122070312,111.66999816894531,111.69999694824219,1327800
2015-01-29 00:00:00,84.21971130371094,111.9800033569336,112.05999755859375,111.81999969482422,111.93000030517578,1752600
2015-01-30 00:00:00,84.52062225341797,112.37999725341797,112.5199966430664,112.23999786376953,112.3499984741211,6252800
2015-02-02 00:00:00,84.51756286621094,112.19999694824219,112.2300033569336,112.0,112.05999755859375,2792100
2015-02-03 00:00:00,84.19361877441406,111.7699966430664,112.0999984741211,111.76000213623047,112.0999984741211,1815400
2015-02-04 00:00:00,84.32167053222656,111.94000244140625,111.94999694824219,111.5,111.63999938964844,1953000
2015-02-05 00:00:00,84.14842224121094,111.70999908447266,111.8499984741211,111.56999969482422,111.79000091552734,2409600
2015-02-06 00:00:00,83.65879821777344,111.05999755859375,111.41000366210938,111.02999877929688,111.41000366210938,2531300
2015-02-09 00:00:00,83.64374542236328,111.04000091552734,111.30999755859375,111.04000091552734,111.30999755859375,1724900
2015-02-10 00:00:00,83.5533676147461,110.91999816894531,111.05999755859375,110.81999969482422,110.95999908447266,1272500
2015-02-11 00:00:00,83.51566314697266,110.87000274658203,110.98999786376953,110.73999786376953,110.87999725341797,1803400
2015-02-12 00:00:00,83.53072357177734,110.88999938964844,111.12000274658203,110.87000274658203,110.91000366210938,2123700
2015-02-13 00:00:00,83.43284606933594,110.76000213623047,110.97000122070312,110.70999908447266,110.94999694824219,1706200
2015-02-17 00:00:00,83.0938720703125,110.30999755859375,110.7300033569336,110.23999786376953,110.66999816894531,2043000
2015-02-18 00:00:00,83.32738494873047,110.62000274658203,110.75,110.30999755859375,110.38999938964844,1442400
2015-02-19 00:00:00,83.25955963134766,110.52999877929688,110.76000213623047,110.4800033569336,110.62000274658203,1443000
2015-02-20 00:00:00,83.27467346191406,110.55000305175781,110.87999725341797,110.37000274658203,110.68000030517578,2280700
2015-02-23 00:00:00,83.42528533935547,110.75,110.80999755859375,110.66000366210938,110.69000244140625,1688200
2015-02-24 00:00:00,83.79438018798828,111.23999786376953,111.2699966430664,110.55000305175781,110.73999786376953,1736700
2015-02-25 00:00:00,83.85468292236328,111.31999969482422,111.31999969482422,111.06999969482422,111.19999694824219,2319300
2015-02-26 00:00:00,83.5533676147461,110.91999816894531,111.27999877929688,110.86000061035156,111.20999908447266,1837300
2015-02-27 00:00:00,83.76426696777344,111.19999694824219,111.22000122070312,110.88999938964844,111.13999938964844,3816400
2015-03-02 00:00:00,83.33872985839844,110.44999694824219,110.98999786376953,110.44999694824219,110.98999786376953,7881900
2015-03-03 00:00:00,83.23309326171875,110.30999755859375,110.56999969482422,110.30999755859375,110.44000244140625,4228400
2015-03-04 00:00:00,83.27835845947266,110.37000274658203,110.51000213623047,110.27999877929688,110.44000244140625,1477100
2015-03-05 00:00:00,83.3160629272461,110.41999816894531,110.54000091552734,110.30000305175781,110.43000030517578,1053000
2015-03-06 00:00:00,82.7728042602539,109.69999694824219,110.08999633789062,109.5999984741211,110.08000183105469,1872900
2015-03-09 00:00:00,82.98407745361328,109.9800033569336,110.16999816894531,109.91000366210938,110.16999816894531,2724700
2015-03-10 00:00:00,83.18025207519531,110.23999786376953,110.36000061035156,110.1500015258789,110.2300033569336,1708100
2015-03-11 00:00:00,83.34626007080078,110.45999908447266,110.52999877929688,110.20999908447266,110.20999908447266,1171600
2015-03-12 00:00:00,83.41413879394531,110.55000305175781,110.72000122070312,110.41999816894531,110.69000244140625,1416600
2015-03-13 00:00:00,83.2557144165039,110.33999633789062,110.62999725341797,110.25,110.44000244140625,3235500
2015-03-16 00:00:00,83.4367904663086,110.58000183105469,110.66999816894531,110.41999816894531,110.62000274658203,1305800
2015-03-17 00:00:00,83.42173767089844,110.55999755859375,110.68000030517578,110.54000091552734,110.63999938964844,1423700
2015-03-18 00:00:00,84.03290557861328,111.37000274658203,111.38999938964844,110.58000183105469,110.79000091552734,1997800
2015-03-19 00:00:00,83.73865509033203,110.9800033569336,111.30000305175781,110.94000244140625,111.23999786376953,1929700
2015-03-20 00:00:00,83.99517822265625,111.31999969482422,111.33999633789062,111.18000030517578,111.2300033569336,3833600
2015-03-23 00:00:00,84.0102767944336,111.33999633789062,111.4000015258789,111.2300033569336,111.37000274658203,1120900
2015-03-24 00:00:00,84.23661041259766,111.63999938964844,111.66999816894531,111.37000274658203,111.4800033569336,2647300
2015-03-25 00:00:00,84.07816314697266,111.43000030517578,111.75,111.43000030517578,111.75,1612300
2015-03-26 00:00:00,83.77633666992188,111.02999877929688,111.36000061035156,111.0,111.30999755859375,1377600
2015-03-27 00:00:00,83.89703369140625,111.19000244140625,111.33999633789062,111.16000366210938,111.18000030517578,5610200
2015-03-30 00:00:00,83.93482208251953,111.23999786376953,111.33999633789062,111.16000366210938,111.33999633789062,1310700
2015-03-31 00:00:00,84.07816314697266,111.43000030517578,111.44999694824219,111.18000030517578,111.2699966430664,2958100
2015-04-01 00:00:00,84.35107421875,111.58000183105469,111.62999725341797,111.30999755859375,111.41999816894531,1927300
2015-04-02 00:00:00,84.23766326904297,111.43000030517578,111.56999969482422,111.37999725341797,111.56999969482422,1761700
2015-04-06 00:00:00,84.29061126708984,111.5,111.77999877929688,111.37000274658203,111.77999877929688,1431000
2015-04-07 00:00:00,84.30570220947266,111.5199966430664,111.56999969482422,111.27999877929688,111.44999694824219,1415200
2015-04-08 00:00:00,84.31326293945312,111.52999877929688,111.58999633789062,111.36000061035156,111.55999755859375,903000
2015-04-09 00:00:00,84.1015853881836,111.25,111.55999755859375,111.16999816894531,111.55999755859375,1728500
2015-04-10 00:00:00,84.1015853881836,111.25,111.45999908447266,111.19999694824219,111.43000030517578,2055600
2015-04-13 00:00:00,84.19234466552734,111.37000274658203,111.37000274658203,111.25,111.25,951000
2015-04-14 00:00:00,84.28300476074219,111.48999786376953,111.79000091552734,111.48999786376953,111.69999694824219,1157400
2015-04-15 00:00:00,84.39640808105469,111.63999938964844,111.70999908447266,111.55000305175781,111.66000366210938,1296800
2015-04-16 00:00:00,84.35107421875,111.58000183105469,111.69999694824219,111.4000015258789,111.69999694824219,1000800
2015-04-17 00:00:00,84.4190902709961,111.66999816894531,111.80000305175781,111.45999908447266,111.52999877929688,1274300
2015-04-20 00:00:00,84.35857391357422,111.58999633789062,111.7300033569336,111.47000122070312,111.66999816894531,1289400
2015-04-21 00:00:00,84.26789093017578,111.47000122070312,111.5999984741211,111.44000244140625,111.56999969482422,1522700
2015-04-22 00:00:00,84.01842498779297,111.13999938964844,111.44000244140625,111.0999984741211,111.44000244140625,916400
2015-04-23 00:00:00,84.14696502685547,111.30999755859375,111.41999816894531,111.13999938964844,111.1500015258789,1483900
2015-04-24 00:00:00,84.29061126708984,111.5,111.56999969482422,111.41000366210938,111.4800033569336,837700
2015-04-27 00:00:00,84.32088470458984,111.54000091552734,111.55999755859375,111.33999633789062,111.51000213623047,1595600
2015-04-28 00:00:00,83.99574279785156,111.11000061035156,111.44000244140625,111.11000061035156,111.33999633789062,1602000
2015-04-29 00:00:00,83.80674743652344,110.86000061035156,110.97000122070312,110.69999694824219,110.88999938964844,1313200
2015-04-30 00:00:00,83.80674743652344,110.86000061035156,110.91999816894531,110.51000213623047,110.69000244140625,3328600
2015-05-01 00:00:00,83.56893157958984,110.33999633789062,110.52999877929688,110.25,110.5199966430664,1357200
2015-05-04 00:00:00,83.409912109375,110.12999725341797,110.47000122070312,110.12000274658203,110.41999816894531,1651900
2015-05-05 00:00:00,83.33415985107422,110.02999877929688,110.22000122070312,109.83999633789062,110.19000244140625,1481200
2015-05-06 00:00:00,83.053955078125,109.66000366210938,109.97000122070312,109.61000061035156,109.94999694824219,1566000
2015-05-07 00:00:00,83.25845336914062,109.93000030517578,110.04000091552734,109.76000213623047,109.8499984741211,1986200
2015-05-08 00:00:00,83.53105163574219,110.29000091552734,110.43000030517578,110.20999908447266,110.36000061035156,1933600
2015-05-11 00:00:00,83.00091552734375,109.58999633789062,110.05999755859375,109.56999969482422,110.0199966430664,2984900
2015-05-12 00:00:00,82.99332427978516,109.58000183105469,109.76000213623047,109.37999725341797,109.5,1394900
2015-05-13 00:00:00,82.98576354980469,109.56999969482422,109.91999816894531,109.44999694824219,109.91000366210938,2441600
2015-05-14 00:00:00,83.1145248413086,109.73999786376953,109.79000091552734,109.58000183105469,109.6500015258789,1796900
2015-05-15 00:00:00,83.46287536621094,110.19999694824219,110.22000122070312,109.87999725341797,109.95999908447266,1047500
2015-05-18 00:00:00,83.14482116699219,109.77999877929688,110.01000213623047,109.76000213623047,109.93000030517578,863900
2015-05-19 00:00:00,82.85700988769531,109.4000015258789,109.70999908447266,109.38999938964844,109.45999908447266,1664400
2015-05-20 00:00:00,82.98576354980469,109.56999969482422,109.69000244140625,109.45999908447266,109.58000183105469,1584100
2015-05-21 00:00:00,83.24327087402344,109.91000366210938,109.93000030517578,109.6500015258789,109.6500015258789,2652600
2015-05-22 00:00:00,83.15240478515625,109.79000091552734,109.86000061035156,109.62000274658203,109.8499984741211,1087000
2015-05-26 00:00:00,83.35688781738281,110.05999755859375,110.0999984741211,109.75,109.80000305175781,2775000
2015-05-27 00:00:00,83.440185546875,110.16999816894531,110.19000244140625,109.9000015258789,110.05999755859375,888700
2015-05-28 00:00:00,83.409912109375,110.12999725341797,110.22000122070312,110.05000305175781,110.13999938964844,1298900
2015-05-29 00:00:00,83.440185546875,110.16999816894531,110.30000305175781,110.08000183105469,110.18000030517578,2780300
2015-06-01 00:00:00,83.20953369140625,109.66000366210938,109.98999786376953,109.55999755859375,109.94999694824219,4327300
2015-06-02 00:00:00,82.88323974609375,109.2300033569336,109.44999694824219,109.16999816894531,109.43000030517578,1830400
2015-06-03 00:00:00,82.55696868896484,108.80000305175781,109.01000213623047,108.66999816894531,108.9800033569336,3413100
2015-06-04 00:00:00,82.73148345947266,109.02999877929688,109.16999816894531,108.88999938964844,108.88999938964844,1907900
2015-06-05 00:00:00,82.36727905273438,108.55000305175781,108.79000091552734,108.51000213623047,108.62999725341797,1619000
2015-06-08 00:00:00,82.48868560791016,108.70999908447266,108.80000305175781,108.66000366210938,108.76000213623047,1289700
2015-06-09 00:00:00,82.25347137451172,108.4000015258789,108.6500015258789,108.31999969482422,108.6500015258789,1206700
2015-06-10 00:00:00,82.04855346679688,108.12999725341797,108.30000305175781,108.04000091552734,108.23999786376953,1491200
2015-06-11 00:00:00,82.48868560791016,108.70999908447266,108.70999908447266,108.27999877929688,108.33000183105469,1539600
2015-06-12 00:00:00,82.39002990722656,108.58000183105469,108.9000015258789,108.5199966430664,108.68000030517578,1365900
2015-06-15 00:00:00,82.48868560791016,108.70999908447266,108.95999908447266,108.62999725341797,108.95999908447266,1666600
2015-06-16 00:00:00,82.62528991699219,108.88999938964844,108.88999938964844,108.68000030517578,108.83000183105469,1309900
2015-06-17 00:00:00,82.63284301757812,108.9000015258789,108.9000015258789,108.44000244140625,108.83999633789062,1895700
2015-06-18 00:00:00,82.61006164550781,108.87000274658203,108.87000274658203,108.62000274658203,108.80999755859375,2917400
2015-06-19 00:00:00,82.86809539794922,109.20999908447266,109.26000213623047,109.04000091552734,109.0999984741211,2048500
2015-06-22 00:00:00,82.45831298828125,108.66999816894531,109.0,108.63999938964844,108.94999694824219,1173800
2015-06-23 00:00:00,82.26861572265625,108.41999816894531,108.63999938964844,108.3499984741211,108.41000366210938,1339000
2015-06-24 00:00:00,82.39761352539062,108.58999633789062,108.68000030517578,108.44999694824219,108.55000305175781,1527800
2015-06-25 00:00:00,82.30657958984375,108.47000122070312,108.5999984741211,108.38999938964844,108.58000183105469,1222000
2015-06-26 00:00:00,82.10926055908203,108.20999908447266,108.30999755859375,108.11000061035156,108.29000091552734,1054900
2015-06-29 00:00:00,82.59490966796875,108.8499984741211,108.94000244140625,108.37999725341797,108.5999984741211,3278900
2015-06-30 00:00:00,82.54179382324219,108.77999877929688,109.0,108.61000061035156,108.72000122070312,2159500
2015-07-01 00:00:00,82.33345794677734,108.29000091552734,108.37999725341797,108.1500015258789,108.33000183105469,6010300
2015-07-02 00:00:00,82.4474868774414,108.44000244140625,108.5999984741211,108.43000030517578,108.4800033569336,994600
2015-07-06 00:00:00,82.74407196044922,108.83000183105469,108.98999786376953,108.62999725341797,108.87999725341797,1108000
2015-07-07 00:00:00,82.85808563232422,108.9800033569336,109.37999725341797,108.95999908447266,109.12000274658203,2502500
2015-07-08 00:00:00,83.05574035644531,109.23999786376953,109.36000061035156,109.02999877929688,109.16000366210938,2892900
2015-07-09 00:00:00,82.75164031982422,108.83999633789062,109.08999633789062,108.81999969482422,109.08999633789062,1932800
2015-07-10 00:00:00,82.40190124511719,108.37999725341797,108.58000183105469,108.27999877929688,108.47000122070312,2163700
2015-07-13 00:00:00,82.28025817871094,108.22000122070312,108.37000274658203,108.13999938964844,108.23999786376953,1938300
2015-07-14 00:00:00,82.41708374023438,108.4000015258789,108.5,108.31999969482422,108.43000030517578,1441400
2015-07-15 00:00:00,82.63761138916016,108.69000244140625,108.72000122070312,108.36000061035156,108.36000061035156,1781400
2015-07-16 00:00:00,82.70600891113281,108.77999877929688,108.79000091552734,108.5,108.54000091552734,1294800
2015-07-17 00:00:00,82.71356201171875,108.79000091552734,108.86000061035156,108.72000122070312,108.7300033569336,897600
2015-07-20 00:00:00,82.56912994384766,108.5999984741211,108.72000122070312,108.55000305175781,108.66999816894531,1245100
2015-07-21 00:00:00,82.70600891113281,108.77999877929688,108.8499984741211,108.51000213623047,108.54000091552734,1191500
2015-07-22 00:00:00,82.74407196044922,108.83000183105469,108.98999786376953,108.81999969482422,108.83000183105469,1100000
2015-07-23 00:00:00,82.97974395751953,109.13999938964844,109.1500015258789,108.80999755859375,108.83999633789062,1021400
2015-07-24 00:00:00,82.96450805664062,109.12000274658203,109.23999786376953,109.05999755859375,109.2300033569336,1192500
2015-07-27 00:00:00,83.07096862792969,109.26000213623047,109.3499984741211,109.20999908447266,109.25,2666000
2015-07-28 00:00:00,82.9873275756836,109.1500015258789,109.22000122070312,109.08999633789062,109.12999725341797,1873200
2015-07-29 00:00:00,82.91890716552734,109.05999755859375,109.12000274658203,108.94000244140625,109.08999633789062,2273500
2015-07-30 00:00:00,82.926513671875,109.06999969482422,109.1500015258789,108.97000122070312,109.08000183105469,1959000
2015-07-31 00:00:00,83.25338745117188,109.5,109.51000213623047,109.3499984741211,109.44000244140625,2084300
2015-08-03 00:00:00,83.33954620361328,109.4000015258789,109.54000091552734,109.19000244140625,109.29000091552734,2563900
2015-08-04 00:00:00,83.09571838378906,109.08000183105469,109.43000030517578,109.06999969482422,109.3499984741211,1659900
2015-08-05 00:00:00,82.94337463378906,108.87999725341797,109.08000183105469,108.72000122070312,108.94000244140625,2346600
2015-08-06 00:00:00,83.04241943359375,109.01000213623047,109.0999984741211,108.9000015258789,108.93000030517578,1038100
2015-08-07 00:00:00,83.18714904785156,109.19999694824219,109.27999877929688,109.04000091552734,109.13999938964844,2154700
2015-08-10 00:00:00,83.08052062988281,109.05999755859375,109.16999816894531,108.8499984741211,109.1500015258789,1280200
2015-08-11 00:00:00,83.35476684570312,109.41999816894531,109.58000183105469,109.27999877929688,109.41999816894531,1537300
2015-08-12 00:00:00,83.30143737792969,109.3499984741211,109.70999908447266,109.3499984741211,109.55000305175781,1563900
2015-08-13 00:00:00,83.126220703125,109.12000274658203,109.37000274658203,109.11000061035156,109.36000061035156,1571700
2015-08-14 00:00:00,83.08811950683594,109.06999969482422,109.23999786376953,109.0199966430664,109.12000274658203,1890500
2015-08-17 00:00:00,83.23289489746094,109.26000213623047,109.4000015258789,109.19999694824219,109.33000183105469,1387100
2015-08-18 00:00:00,83.08052062988281,109.05999755859375,109.23999786376953,109.04000091552734,109.19000244140625,785400
2015-08-19 00:00:00,83.33954620361328,109.4000015258789,109.4800033569336,108.95999908447266,109.04000091552734,2184900
2015-08-20 00:00:00,83.4690170288086,109.56999969482422,109.63999938964844,109.44999694824219,109.58000183105469,1075600
2015-08-21 00:00:00,83.61373138427734,109.76000213623047,109.87000274658203,109.56999969482422,109.68000030517578,2443400
2015-08-24 00:00:00,83.583251953125,109.72000122070312,110.33999633789062,109.56999969482422,110.0,5440200
2015-08-25 00:00:00,83.38520812988281,109.45999908447266,109.69999694824219,109.12999725341797,109.69999694824219,4070000
2015-08-26 00:00:00,82.99671936035156,108.94999694824219,109.41000366210938,108.87999725341797,109.08000183105469,3994200
2015-08-27 00:00:00,83.1109848022461,109.0999984741211,109.19999694824219,108.93000030517578,108.94999694824219,4040500
2015-08-28 00:00:00,83.03484344482422,109.0,109.37000274658203,108.93000030517578,109.33999633789062,4774600
2015-08-31 00:00:00,82.9738998413086,108.91999816894531,109.37000274658203,108.9000015258789,109.27999877929688,4145600
2015-09-01 00:00:00,83.21966552734375,109.0199966430664,109.11000061035156,108.7699966430664,108.88999938964844,3386000
2015-09-02 00:00:00,83.11276245117188,108.87999725341797,109.05000305175781,108.80999755859375,108.91999816894531,3442000
2015-09-03 00:00:00,83.23492431640625,109.04000091552734,109.12000274658203,108.87000274658203,109.05999755859375,1935100
2015-09-04 00:00:00,83.41047668457031,109.2699966430664,109.33000183105469,109.0199966430664,109.19000244140625,1748100
2015-09-08 00:00:00,83.2120132446289,109.01000213623047,109.04000091552734,108.91000366210938,108.95999908447266,2130400
2015-09-09 00:00:00,83.24253845214844,109.05000305175781,109.08000183105469,108.69999694824219,108.77999877929688,2891400
2015-09-10 00:00:00,83.15093994140625,108.93000030517578,109.01000213623047,108.80999755859375,109.0,2564400
2015-09-11 00:00:00,83.25018310546875,109.05999755859375,109.16999816894531,109.01000213623047,109.05000305175781,2001600
2015-09-14 00:00:00,83.2730712890625,109.08999633789062,109.19999694824219,109.04000091552734,109.18000030517578,1543600
2015-09-15 00:00:00,82.89901733398438,108.5999984741211,109.0,108.5,109.0,1541200
2015-09-16 00:00:00,82.83038330078125,108.51000213623047,108.66000366210938,108.41000366210938,108.58999633789062,1810100
2015-09-17 00:00:00,83.34947204589844,109.19000244140625,109.19000244140625,108.4000015258789,108.4800033569336,1955400
2015-09-18 00:00:00,83.41812133789062,109.27999877929688,109.38999938964844,109.1500015258789,109.26000213623047,4510600
2015-09-21 00:00:00,83.19674682617188,108.98999786376953,109.16999816894531,108.87999725341797,109.16999816894531,2325800
2015-09-22 00:00:00,83.39525604248047,109.25,109.38999938964844,109.12000274658203,109.19000244140625,2044800
2015-09-23 00:00:00,83.3265380859375,109.16000366210938,109.29000091552734,109.0999984741211,109.29000091552734,1562100
2015-09-24 00:00:00,83.4333724975586,109.30000305175781,109.51000213623047,109.23999786376953,109.48999786376953,2700000
2015-09-25 00:00:00,83.28834533691406,109.11000061035156,109.2300033569336,109.02999877929688,109.16000366210938,1225500
2015-09-28 00:00:00,83.48678588867188,109.37000274658203,109.41000366210938,109.11000061035156,109.19000244140625,1884400
2015-09-29 00:00:00,83.61662292480469,109.54000091552734,109.5999984741211,109.37000274658203,109.44000244140625,1506800
2015-09-30 00:00:00,83.64710235595703,109.58000183105469,109.62999725341797,109.44000244140625,109.47000122070312,3121600
2015-10-01 00:00:00,83.71211242675781,109.45999908447266,109.6500015258789,109.44999694824219,109.4800033569336,4274900
2015-10-02 00:00:00,83.9645004272461,109.79000091552734,110.1500015258789,109.69999694824219,109.8499984741211,3553300
2015-10-05 00:00:00,83.65093994140625,109.37999725341797,109.68000030517578,109.37000274658203,109.62999725341797,4604500
2015-10-06 00:00:00,83.85743713378906,109.6500015258789,109.69000244140625,109.37000274658203,109.47000122070312,5013800
2015-10-07 00:00:00,83.79621124267578,109.56999969482422,109.68000030517578,109.4800033569336,109.55000305175781,1983200
2015-10-08 00:00:00,83.6815185546875,109.41999816894531,109.69999694824219,109.30000305175781,109.69999694824219,2038700
2015-10-09 00:00:00,83.61270904541016,109.33000183105469,109.47000122070312,109.23999786376953,109.31999969482422,3235500
2015-10-12 00:00:00,83.82687377929688,109.61000061035156,109.6500015258789,109.33000183105469,109.4800033569336,1268800
2015-10-13 00:00:00,83.83451843261719,109.62000274658203,109.75,109.48999786376953,109.75,1500200
2015-10-14 00:00:00,84.14805603027344,110.02999877929688,110.05000305175781,109.7300033569336,109.83000183105469,3912000
2015-10-15 00:00:00,84.03334045410156,109.87999725341797,110.05000305175781,109.79000091552734,109.93000030517578,2044800
2015-10-16 00:00:00,83.94921112060547,109.7699966430664,109.94000244140625,109.7699966430664,109.9000015258789,1630000
2015-10-19 00:00:00,84.03334045410156,109.87999725341797,109.9000015258789,109.6500015258789,109.77999877929688,1534900
2015-10-20 00:00:00,83.86506652832031,109.66000366210938,109.77999877929688,109.55000305175781,109.77999877929688,1805400
2015-10-21 00:00:00,84.06388092041016,109.91999816894531,109.94999694824219,109.7300033569336,109.7300033569336,1278200
2015-10-22 00:00:00,84.0792236328125,109.94000244140625,110.05000305175781,109.83000183105469,109.9000015258789,2276300
2015-10-23 00:00:00,83.93390655517578,109.75,109.79000091552734,109.69000244140625,109.79000091552734,2237400
2015-10-26 00:00:00,83.97215270996094,109.80000305175781,109.9000015258789,109.73999786376953,109.8499984741211,1541300
2015-10-27 00:00:00,84.09452819824219,109.95999908447266,110.02999877929688,109.87999725341797,110.02999877929688,2021900
2015-10-28 00:00:00,83.84214782714844,109.62999725341797,110.05000305175781,109.56999969482422,109.9800033569336,1661300
2015-10-29 00:00:00,83.48269653320312,109.16000366210938,109.41999816894531,109.12999725341797,109.33999633789062,2333200
2015-10-30 00:00:00,83.70446014404297,109.44999694824219,109.45999908447266,109.1500015258789,109.19000244140625,10577000
2015-11-02 00:00:00,83.53971862792969,109.0199966430664,109.19000244140625,108.9800033569336,109.08000183105469,8049400
2015-11-03 00:00:00,83.38648986816406,108.81999969482422,109.0,108.79000091552734,108.94999694824219,3033400
2015-11-04 00:00:00,83.38648986816406,108.81999969482422,108.98999786376953,108.70999908447266,108.91000366210938,3542500
2015-11-05 00:00:00,83.34814453125,108.7699966430664,108.88999938964844,108.5999984741211,108.87000274658203,2185900
2015-11-06 00:00:00,82.94970703125,108.25,108.38999938964844,108.19000244140625,108.36000061035156,1829500
2015-11-09 00:00:00,82.89605712890625,108.18000030517578,108.36000061035156,108.04000091552734,108.05999755859375,12843200
2015-11-10 00:00:00,83.04932403564453,108.37999725341797,108.4800033569336,108.19999694824219,108.29000091552734,5233200
2015-11-11 00:00:00,82.94205474853516,108.23999786376953,108.37000274658203,108.23999786376953,108.31999969482422,1603400
2015-11-12 00:00:00,83.0186538696289,108.33999633789062,108.44999694824219,108.20999908447266,108.3499984741211,3448700
2015-11-13 00:00:00,83.17957305908203,108.55000305175781,108.58999633789062,108.44999694824219,108.4800033569336,3784100
2015-11-16 00:00:00,83.24855041503906,108.63999938964844,108.69999694824219,108.55999755859375,108.62999725341797,3326000
2015-11-17 00:00:00,83.30984497070312,108.72000122070312,108.77999877929688,108.41999816894531,108.48999786376953,2461300
2015-11-18 00:00:00,83.24855041503906,108.63999938964844,108.70999908447266,108.54000091552734,108.6500015258789,1952100
2015-11-19 00:00:00,83.286865234375,108.69000244140625,108.9000015258789,108.68000030517578,108.9000015258789,4232700
2015-11-20 00:00:00,83.23323822021484,108.62000274658203,108.81999969482422,108.5999984741211,108.7699966430664,2034400
2015-11-23 00:00:00,83.25621795654297,108.6500015258789,108.76000213623047,108.56999969482422,108.6500015258789,1976000
2015-11-24 00:00:00,83.33284759521484,108.75,108.80000305175781,108.66000366210938,108.75,1335300
2015-11-25 00:00:00,83.37117004394531,108.80000305175781,108.83999633789062,108.69000244140625,108.7699966430664,1169300
2015-11-27 00:00:00,83.34814453125,108.7699966430664,108.87000274658203,108.7699966430664,108.8499984741211,946100
2015-11-30 00:00:00,83.37882995605469,108.80999755859375,108.87000274658203,108.7699966430664,108.83000183105469,2397000
2015-12-01 00:00:00,83.67097473144531,108.81999969482422,108.83999633789062,108.43000030517578,108.54000091552734,4260000
2015-12-02 00:00:00,83.57105255126953,108.69000244140625,108.77999877929688,108.61000061035156,108.7300033569336,2462800
2015-12-03 00:00:00,82.95594787597656,107.88999938964844,108.41000366210938,107.80999755859375,108.41000366210938,4634100
2015-12-04 00:00:00,83.22500610351562,108.23999786376953,108.30000305175781,108.0,108.05000305175781,2181300
2015-12-07 00:00:00,83.34806060791016,108.4000015258789,108.58000183105469,108.2300033569336,108.30000305175781,2143800
2015-12-08 00:00:00,83.37883758544922,108.44000244140625,108.5999984741211,108.37000274658203,108.58999633789062,2311800
2015-12-09 00:00:00,83.37883758544922,108.44000244140625,108.58000183105469,108.20999908447266,108.33999633789062,2791000
2015-12-10 00:00:00,83.36341094970703,108.41999816894531,108.51000213623047,108.36000061035156,108.51000213623047,2001500
2015-12-11 00:00:00,83.57105255126953,108.69000244140625,108.86000061035156,108.56999969482422,108.69999694824219,2321400
2015-12-14 00:00:00,83.17892456054688,108.18000030517578,108.58000183105469,108.16999816894531,108.52999877929688,3351900
2015-12-15 00:00:00,83.18663024902344,108.19000244140625,108.19000244140625,107.91000366210938,108.08000183105469,2955900
2015-12-16 00:00:00,83.04048919677734,108.0,108.2699966430664,107.93000030517578,108.12000274658203,2946800
2015-12-17 00:00:00,83.15583038330078,108.1500015258789,108.30000305175781,108.0199966430664,108.23999786376953,5407800
2015-12-18 00:00:00,83.33271026611328,108.37999725341797,108.45999908447266,108.25,108.3499984741211,4006400
2015-12-21 00:00:00,83.25579071044922,108.27999877929688,108.54000091552734,108.23999786376953,108.48999786376953,3233500
2015-12-22 00:00:00,83.19427490234375,108.19999694824219,108.27999877929688,108.12000274658203,108.2699966430664,4507600
2015-12-23 00:00:00,83.17892456054688,108.18000030517578,108.19000244140625,108.0,108.01000213623047,3599600
2015-12-24 00:00:00,83.21898651123047,108.01000213623047,108.05000305175781,107.91999816894531,107.94999694824219,1248800
2015-12-28 00:00:00,83.21898651123047,108.01000213623047,108.12999725341797,107.98999786376953,108.02999877929688,3736400
2015-12-29 00:00:00,83.01094055175781,107.73999786376953,107.9800033569336,107.62000274658203,107.91999816894531,3094500
2015-12-30 00:00:00,82.99554443359375,107.72000122070312,107.77999877929688,107.5999984741211,107.63999938964844,3731400
2015-12-31 00:00:00,83.21898651123047,108.01000213623047,108.02999877929688,107.81999969482422,107.87000274658203,3406100
2016-01-04 00:00:00,83.18815612792969,107.97000122070312,108.29000091552734,107.93000030517578,108.08999633789062,3691000
2016-01-05 00:00:00,83.2267074584961,108.0199966430664,108.12000274658203,107.87000274658203,107.87000274658203,2732900
2016-01-06 00:00:00,83.54257202148438,108.43000030517578,108.45999908447266,108.22000122070312,108.33999633789062,2915800
2016-01-07 00:00:00,83.53488159179688,108.41999816894531,108.47000122070312,108.20999908447266,108.4000015258789,2469000
2016-01-08 00:00:00,83.71977233886719,108.66000366210938,108.70999908447266,108.3499984741211,108.56999969482422,4016900
2016-01-11 00:00:00,83.48091125488281,108.3499984741211,108.58999633789062,108.33999633789062,108.38999938964844,2820200
2016-01-12 00:00:00,83.66583251953125,108.58999633789062,108.81999969482422,108.36000061035156,108.44000244140625,3318400
2016-01-13 00:00:00,83.85847473144531,108.83999633789062,108.93000030517578,108.55000305175781,108.5999984741211,3011500
2016-01-14 00:00:00,83.82762908935547,108.80000305175781,108.88999938964844,108.58000183105469,108.79000091552734,5322700
2016-01-15 00:00:00,83.92780303955078,108.93000030517578,109.12000274658203,108.83000183105469,109.08000183105469,3348900
2016-01-19 00:00:00,83.84302520751953,108.81999969482422,108.95999908447266,108.72000122070312,108.8499984741211,4209800
2016-01-20 00:00:00,83.91242218017578,108.91000366210938,109.18000030517578,108.87000274658203,109.0999984741211,4349900
2016-01-21 00:00:00,83.79681396484375,108.76000213623047,109.08000183105469,108.73999786376953,109.08000183105469,7256000
2016-01-22 00:00:00,83.85847473144531,108.83999633789062,108.8499984741211,108.58999633789062,108.72000122070312,3258700
2016-01-25 00:00:00,83.81221008300781,108.77999877929688,108.9800033569336,108.7699966430664,108.94999694824219,3285000
2016-01-26 00:00:00,83.92007446289062,108.91999816894531,109.0,108.7699966430664,108.9000015258789,2604100
2016-01-27 00:00:00,83.9355239868164,108.94000244140625,109.01000213623047,108.72000122070312,108.91000366210938,1645300
2016-01-28 00:00:00,84.00489044189453,109.02999877929688,109.0999984741211,108.81999969482422,108.98999786376953,2390600
2016-01-29 00:00:00,84.25138854980469,109.3499984741211,109.4800033569336,109.25,109.41000366210938,8633000
2016-02-01 00:00:00,84.14949035644531,108.98999786376953,109.25,108.83999633789062,109.0999984741211,4512300
2016-02-02 00:00:00,84.40426635742188,109.31999969482422,109.37999725341797,109.12999725341797,109.2300033569336,4835100
2016-02-03 00:00:00,84.39652252197266,109.30999755859375,109.63999938964844,109.19999694824219,109.26000213623047,3700300
2016-02-04 00:00:00,84.48149871826172,109.41999816894531,109.45999908447266,109.23999786376953,109.33999633789062,1880300
2016-02-05 00:00:00,84.40426635742188,109.31999969482422,109.44000244140625,109.1500015258789,109.23999786376953,2155500
2016-02-08 00:00:00,84.72856140136719,109.73999786376953,109.87000274658203,109.5,109.58999633789062,2818600
2016-02-09 00:00:00,84.7208251953125,109.7300033569336,109.93000030517578,109.66000366210938,109.91999816894531,3023800
2016-02-10 00:00:00,84.92927551269531,110.0,110.0,109.5999984741211,109.81999969482422,2319000
2016-02-11 00:00:00,84.98333740234375,110.06999969482422,110.5,110.01000213623047,110.41000366210938,2928000
2016-02-12 00:00:00,84.75171661376953,109.7699966430664,109.95999908447266,109.55000305175781,109.91999816894531,2968800
2016-02-16 00:00:00,84.54325103759766,109.5,109.61000061035156,109.43000030517578,109.54000091552734,2356200
2016-02-17 00:00:00,84.49691772460938,109.44000244140625,109.45999908447266,109.22000122070312,109.43000030517578,2446600
2016-02-18 00:00:00,84.75171661376953,109.7699966430664,109.80999755859375,109.44999694824219,109.5,2844400
2016-02-19 00:00:00,84.76715087890625,109.79000091552734,109.8499984741211,109.63999938964844,109.80000305175781,2278800
2016-02-22 00:00:00,84.79032135009766,109.81999969482422,109.87999725341797,109.72000122070312,109.7699966430664,2421800
2016-02-23 00:00:00,84.80574035644531,109.83999633789062,110.0,109.5199966430664,109.62999725341797,2337800
2016-02-24 00:00:00,84.83663940429688,109.87999725341797,110.31999969482422,109.83999633789062,110.12000274658203,2473200
2016-02-25 00:00:00,85.05281066894531,110.16000366210938,110.30999755859375,110.0,110.08999633789062,2335700
2016-02-26 00:00:00,84.89840698242188,109.95999908447266,109.97000122070312,109.80000305175781,109.9000015258789,2068100
2016-02-29 00:00:00,84.99877166748047,110.08999633789062,110.0999984741211,109.91000366210938,109.94000244140625,3694200
2016-03-01 00:00:00,84.7442398071289,109.54000091552734,110.05000305175781,109.4000015258789,109.93000030517578,3984500
2016-03-02 00:00:00,84.65139770507812,109.41999816894531,109.4800033569336,109.31999969482422,109.44999694824219,2624500
2016-03-03 00:00:00,84.75201416015625,109.55000305175781,109.61000061035156,109.37000274658203,109.47000122070312,3632800
2016-03-04 00:00:00,84.6204605102539,109.37999725341797,109.58000183105469,109.27999877929688,109.5,4461100
2016-03-07 00:00:00,84.59722900390625,109.3499984741211,109.38999938964844,109.20999908447266,109.38999938964844,2823200
2016-03-08 00:00:00,84.80615997314453,109.62000274658203,109.83000183105469,109.55999755859375,109.7300033569336,1984400
2016-03-09 00:00:00,84.76747131347656,109.56999969482422,109.66000366210938,109.44999694824219,109.55999755859375,1468700
2016-03-10 00:00:00,84.80615997314453,109.62000274658203,109.73999786376953,109.37999725341797,109.6500015258789,2828700
2016-03-11 00:00:00,84.65139770507812,109.41999816894531,109.70999908447266,109.38999938964844,109.6500015258789,2065000
2016-03-14 00:00:00,84.6978759765625,109.4800033569336,109.5999984741211,109.44999694824219,109.48999786376953,2186900
2016-03-15 00:00:00,84.6204605102539,109.37999725341797,109.69999694824219,109.37999725341797,109.68000030517578,1746100
2016-03-16 00:00:00,84.98409271240234,109.8499984741211,109.86000061035156,109.29000091552734,109.38999938964844,1888200
2016-03-17 00:00:00,85.16202545166016,110.08000183105469,110.12999725341797,109.9000015258789,109.94999694824219,4116500
2016-03-18 00:00:00,85.23159790039062,110.16999816894531,110.29000091552734,110.12000274658203,110.19000244140625,1909600
2016-03-21 00:00:00,85.04596710205078,109.93000030517578,110.12999725341797,109.91000366210938,110.05999755859375,2152300
2016-03-22 00:00:00,84.99179077148438,109.86000061035156,110.2699966430664,109.83000183105469,110.2699966430664,2023000
2016-03-23 00:00:00,85.1774673461914,110.0999984741211,110.13999938964844,109.86000061035156,109.95999908447266,2885000
2016-03-24 00:00:00,85.18521881103516,110.11000061035156,110.29000091552734,110.02999877929688,110.29000091552734,2846400
2016-03-28 00:00:00,85.24710083007812,110.19000244140625,110.30000305175781,110.08000183105469,110.1500015258789,2918100
2016-03-29 00:00:00,85.50244903564453,110.5199966430664,110.56999969482422,110.20999908447266,110.3499984741211,1885900
2016-03-30 00:00:00,85.47152709960938,110.4800033569336,110.55999755859375,110.30999755859375,110.48999786376953,2764500
2016-03-31 00:00:00,85.74224090576172,110.83000183105469,110.8499984741211,110.5199966430664,110.5199966430664,7003600
2016-04-01 00:00:00,85.66629791259766,110.51000213623047,110.66000366210938,110.3499984741211,110.52999877929688,5374200
2016-04-04 00:00:00,85.75154876708984,110.62000274658203,110.66999816894531,110.51000213623047,110.5999984741211,3176200
2016-04-05 00:00:00,85.86782836914062,110.7699966430664,110.9800033569336,110.70999908447266,110.94999694824219,2954100
2016-04-06 00:00:00,85.85231018066406,110.75,110.80000305175781,110.62000274658203,110.80000305175781,2027400
2016-04-07 00:00:00,86.0383529663086,110.98999786376953,111.05000305175781,110.7699966430664,110.9800033569336,1876100
2016-04-08 00:00:00,85.95309448242188,110.87999725341797,111.0,110.80999755859375,111.0,2318300
2016-04-11 00:00:00,86.01507568359375,110.95999908447266,110.95999908447266,110.76000213623047,110.87000274658203,1718400
2016-04-12 00:00:00,85.87557983398438,110.77999877929688,110.86000061035156,110.6500015258789,110.8499984741211,1984500
2016-04-13 00:00:00,85.91431427001953,110.83000183105469,110.91999816894531,110.68000030517578,110.73999786376953,1769000
2016-04-14 00:00:00,85.76703643798828,110.63999938964844,110.80999755859375,110.63999938964844,110.76000213623047,3596400
2016-04-15 00:00:00,86.00736999511719,110.94999694824219,110.9800033569336,110.75,110.80000305175781,1579500
2016-04-18 00:00:00,85.99964904785156,110.94000244140625,110.94999694824219,110.79000091552734,110.91000366210938,2146600
2016-04-19 00:00:00,85.99185943603516,110.93000030517578,111.0,110.7699966430664,110.94000244140625,2019200
2016-04-20 00:00:00,85.78258514404297,110.66000366210938,111.02999877929688,110.5999984741211,111.0199966430664,2376000
2016-04-21 00:00:00,85.66629791259766,110.51000213623047,110.62000274658203,110.44999694824219,110.5199966430664,2692800
2016-04-22 00:00:00,85.67401123046875,110.5199966430664,110.72000122070312,110.5199966430664,110.6500015258789,3795600
2016-04-25 00:00:00,85.58097076416016,110.4000015258789,110.58999633789062,110.38999938964844,110.5199966430664,3118800
2016-04-26 00:00:00,85.54224395751953,110.3499984741211,110.4800033569336,110.2300033569336,110.4800033569336,2326100
2016-04-27 00:00:00,85.79806518554688,110.68000030517578,110.69000244140625,110.33000183105469,110.52999877929688,2337100
2016-04-28 00:00:00,85.9686050415039,110.9000015258789,110.94999694824219,110.58999633789062,110.68000030517578,9405200
2016-04-29 00:00:00,85.96086120605469,110.88999938964844,110.93000030517578,110.75,110.81999969482422,5112900
2016-05-02 00:00:00,85.9026107788086,110.61000061035156,110.73999786376953,110.5199966430664,110.73999786376953,3553900
2016-05-03 00:00:00,86.05789184570312,110.80999755859375,110.94999694824219,110.75,110.88999938964844,3044900
2016-05-04 00:00:00,86.09678649902344,110.86000061035156,110.93000030517578,110.76000213623047,110.91000366210938,2920200
2016-05-05 00:00:00,86.3141860961914,111.13999938964844,111.16000366210938,110.80000305175781,110.91999816894531,3008100
2016-05-06 00:00:00,86.18217468261719,110.97000122070312,111.12000274658203,110.97000122070312,111.12000274658203,2718500
2016-05-09 00:00:00,86.23651885986328,111.04000091552734,111.13999938964844,111.01000213623047,111.11000061035156,2173500
2016-05-10 00:00:00,86.27538299560547,111.08999633789062,111.0999984741211,110.98999786376953,111.05999755859375,2103800
2016-05-11 00:00:00,86.27538299560547,111.08999633789062,111.26000213623047,111.0199966430664,111.05999755859375,2507000
2016-05-12 00:00:00,86.19770812988281,110.98999786376953,111.0999984741211,110.91999816894531,110.91999816894531,1938800
2016-05-13 00:00:00,86.3608169555664,111.19999694824219,111.2300033569336,111.02999877929688,111.08000183105469,1511400
2016-05-16 00:00:00,86.21324157714844,111.01000213623047,111.19000244140625,110.9800033569336,111.19000244140625,3134400
2016-05-17 00:00:00,86.09678649902344,110.86000061035156,111.05000305175781,110.86000061035156,111.02999877929688,1769700
2016-05-18 00:00:00,85.73948669433594,110.4000015258789,110.80000305175781,110.31999969482422,110.77999877929688,1900800
2016-05-19 00:00:00,85.79386138916016,110.47000122070312,110.55999755859375,110.4000015258789,110.47000122070312,3461900
2016-05-20 00:00:00,85.84825134277344,110.54000091552734,110.62000274658203,110.44000244140625,110.54000091552734,2655700
2016-05-23 00:00:00,85.83267974853516,110.5199966430664,110.5999984741211,110.43000030517578,110.54000091552734,2244300
2016-05-24 00:00:00,85.78607940673828,110.45999908447266,110.55999755859375,110.33999633789062,110.55999755859375,1759800
2016-05-25 00:00:00,85.8016357421875,110.4800033569336,110.55000305175781,110.38999938964844,110.54000091552734,2735700
2016-05-26 00:00:00,85.93362426757812,110.6500015258789,110.7300033569336,110.55999755859375,110.63999938964844,1614800
2016-05-27 00:00:00,85.91815948486328,110.62999725341797,110.69999694824219,110.4800033569336,110.68000030517578,2164800
2016-05-31 00:00:00,85.97248077392578,110.69999694824219,110.76000213623047,110.36000061035156,110.41000366210938,3368800
2016-06-01 00:00:00,85.92420959472656,110.41999816894531,110.6500015258789,110.41000366210938,110.58999633789062,2941300
2016-06-02 00:00:00,86.14212036132812,110.69999694824219,110.73999786376953,110.55999755859375,110.55999755859375,2013900
2016-06-03 00:00:00,86.60902404785156,111.30000305175781,111.30000305175781,111.12000274658203,111.1500015258789,2210500
2016-06-06 00:00:00,86.49227905273438,111.1500015258789,111.2300033569336,111.06999969482422,111.16999816894531,3278900
2016-06-07 00:00:00,86.57012176513672,111.25,111.30999755859375,111.19999694824219,111.23999786376953,2157100
2016-06-08 00:00:00,86.60122680664062,111.29000091552734,111.33999633789062,111.22000122070312,111.30000305175781,2148000
2016-06-09 00:00:00,86.66350555419922,111.37000274658203,111.5,111.36000061035156,111.5,1543600
2016-06-10 00:00:00,86.78023529052734,111.5199966430664,111.66000366210938,111.44999694824219,111.54000091552734,1368300
2016-06-13 00:00:00,86.85022735595703,111.61000061035156,111.66999816894531,111.52999877929688,111.56999969482422,1661400
2016-06-14 00:00:00,86.81138610839844,111.55999755859375,111.7300033569336,111.55000305175781,111.68000030517578,1871500
2016-06-15 00:00:00,86.99811553955078,111.80000305175781,111.93000030517578,111.63999938964844,111.66999816894531,1732100
2016-06-16 00:00:00,87.0525894165039,111.87000274658203,112.06999969482422,111.77999877929688,111.91999816894531,2533000
2016-06-17 00:00:00,86.99031066894531,111.79000091552734,111.87000274658203,111.66000366210938,111.86000061035156,2730900
2016-06-20 00:00:00,86.74907684326172,111.4800033569336,111.58000183105469,111.44999694824219,111.56999969482422,2043800
2016-06-21 00:00:00,86.6868667602539,111.4000015258789,111.56999969482422,111.3499984741211,111.55000305175781,1882500
2016-06-22 00:00:00,86.74131774902344,111.47000122070312,111.51000213623047,111.3499984741211,111.44000244140625,1734300
2016-06-23 00:00:00,86.59346771240234,111.27999877929688,111.43000030517578,111.25,111.33000183105469,1721100
2016-06-24 00:00:00,87.06031799316406,111.87999725341797,112.1500015258789,111.79000091552734,112.11000061035156,4081200
2016-06-27 00:00:00,87.4105224609375,112.33000183105469,112.48999786376953,112.30999755859375,112.33000183105469,3018800
2016-06-28 00:00:00,87.51947021484375,112.47000122070312,112.54000091552734,112.37000274658203,112.54000091552734,2951700
2016-06-29 00:00:00,87.45726776123047,112.38999938964844,112.5999984741211,112.33999633789062,112.52999877929688,2745800
2016-06-30 00:00:00,87.63623809814453,112.62000274658203,112.69000244140625,112.4000015258789,112.51000213623047,4154300
2016-07-01 00:00:00,87.82489013671875,112.6500015258789,112.7699966430664,112.5199966430664,112.72000122070312,5235200
2016-07-05 00:00:00,88.05876922607422,112.94999694824219,113.12000274658203,112.87000274658203,113.02999877929688,4740000
2016-07-06 00:00:00,88.22246551513672,113.16000366210938,113.16999816894531,112.94000244140625,113.08999633789062,3150500
2016-07-07 00:00:00,88.16011810302734,113.08000183105469,113.16999816894531,112.91999816894531,113.0,3122200
2016-07-08 00:00:00,88.29266357421875,113.25,113.2699966430664,113.0,113.08000183105469,2910500
2016-07-11 00:00:00,88.05876922607422,112.94999694824219,113.23999786376953,112.93000030517578,113.19000244140625,4424000
2016-07-12 00:00:00,87.79371643066406,112.61000061035156,112.80999755859375,112.48999786376953,112.80999755859375,1970600
2016-07-13 00:00:00,87.91844940185547,112.7699966430664,112.87999725341797,112.73999786376953,112.81999969482422,2363300
2016-07-14 00:00:00,87.84044647216797,112.66999816894531,112.69999694824219,112.5,112.51000213623047,3345200
2016-07-15 00:00:00,87.52082061767578,112.26000213623047,112.58000183105469,112.22000122070312,112.58000183105469,3612200
2016-07-18 00:00:00,87.53638458251953,112.27999877929688,112.48999786376953,112.19999694824219,112.48999786376953,1547300
2016-07-19 00:00:00,87.71573638916016,112.51000213623047,112.5199966430664,112.37000274658203,112.4800033569336,1786900
2016-07-20 00:00:00,87.63773345947266,112.41000366210938,112.44000244140625,112.30000305175781,112.41999816894531,1808800
2016-07-21 00:00:00,87.71573638916016,112.51000213623047,112.54000091552734,112.19999694824219,112.2699966430664,3043500
2016-07-22 00:00:00,87.73131561279297,112.52999877929688,112.61000061035156,112.3499984741211,112.37999725341797,2315900
2016-07-25 00:00:00,87.62998962402344,112.4000015258789,112.58000183105469,112.4000015258789,112.58000183105469,1680800
2016-07-26 00:00:00,87.62998962402344,112.4000015258789,112.58000183105469,112.30999755859375,112.58000183105469,3540000
2016-07-27 00:00:00,87.88725280761719,112.7300033569336,112.73999786376953,112.44000244140625,112.5199966430664,3047200
2016-07-28 00:00:00,87.8794174194336,112.72000122070312,112.76000213623047,112.55999755859375,112.63999938964844,2640600
2016-07-29 00:00:00,88.11332702636719,113.0199966430664,113.02999877929688,112.76000213623047,112.87999725341797,3671000
2016-08-01 00:00:00,87.90789794921875,112.55000305175781,112.68000030517578,112.47000122070312,112.5,3149300
2016-08-02 00:00:00,87.65013122558594,112.22000122070312,112.45999908447266,112.19000244140625,112.36000061035156,3643900
2016-08-03 00:00:00,87.74386596679688,112.33999633789062,112.36000061035156,112.0999984741211,112.30999755859375,3777800
2016-08-04 00:00:00,87.90789794921875,112.55000305175781,112.66000366210938,112.5,112.54000091552734,2002800
2016-08-05 00:00:00,87.61111450195312,112.16999816894531,112.54000091552734,112.13999938964844,112.54000091552734,2474600
2016-08-08 00:00:00,87.66577911376953,112.23999786376953,112.31999969482422,112.02999877929688,112.16000366210938,2604000
2016-08-09 00:00:00,87.89229583740234,112.52999877929688,112.54000091552734,112.30000305175781,112.4000015258789,2981100
2016-08-10 00:00:00,87.99382781982422,112.66000366210938,112.7300033569336,112.54000091552734,112.61000061035156,3185800
2016-08-11 00:00:00,87.75948333740234,112.36000061035156,112.7300033569336,112.30999755859375,112.7300033569336,1807200
2016-08-12 00:00:00,87.97037506103516,112.62999725341797,112.83000183105469,112.62999725341797,112.72000122070312,1889600
2016-08-15 00:00:00,87.81419372558594,112.43000030517578,112.62000274658203,112.41999816894531,112.56999969482422,1950500
2016-08-16 00:00:00,87.75948333740234,112.36000061035156,112.5199966430664,112.36000061035156,112.48999786376953,6250200
2016-08-17 00:00:00,87.92353057861328,112.56999969482422,112.66000366210938,112.36000061035156,112.44999694824219,5210700
2016-08-18 00:00:00,88.04852294921875,112.7300033569336,112.77999877929688,112.54000091552734,112.63999938964844,1962900
2016-08-19 00:00:00,87.85323333740234,112.4800033569336,112.62000274658203,112.38999938964844,112.52999877929688,3287600
2016-08-22 00:00:00,87.98604583740234,112.6500015258789,112.73999786376953,112.55999755859375,112.66000366210938,1808500
2016-08-23 00:00:00,88.00946807861328,112.68000030517578,112.83000183105469,112.62999725341797,112.77999877929688,2583000
2016-08-24 00:00:00,87.97821807861328,112.63999938964844,112.80000305175781,112.62999725341797,112.79000091552734,2312800
2016-08-25 00:00:00,87.88445281982422,112.5199966430664,112.66999816894531,112.5199966430664,112.55000305175781,1613500
2016-08-26 00:00:00,87.74386596679688,112.33999633789062,112.86000061035156,112.27999877929688,112.69000244140625,2513700
2016-08-29 00:00:00,87.98604583740234,112.6500015258789,112.68000030517578,112.45999908447266,112.55000305175781,2156400
2016-08-30 00:00:00,87.93914794921875,112.58999633789062,112.70999908447266,112.55000305175781,112.70999908447266,1712300
2016-08-31 00:00:00,87.92353057861328,112.56999969482422,112.70999908447266,112.51000213623047,112.63999938964844,3025000
2016-09-01 00:00:00,88.0002212524414,112.45999908447266,112.5,112.05000305175781,112.0999984741211,3777100
2016-09-02 00:00:00,87.88284301757812,112.30999755859375,112.44000244140625,112.18000030517578,112.44000244140625,1730900
2016-09-06 00:00:00,88.07064819335938,112.55000305175781,112.68000030517578,112.29000091552734,112.36000061035156,3745800
2016-09-07 00:00:00,88.11756896972656,112.61000061035156,112.76000213623047,112.58999633789062,112.76000213623047,1839600
2016-09-08 00:00:00,87.81238555908203,112.22000122070312,112.55999755859375,112.13999938964844,112.5,2605500
2016-09-09 00:00:00,87.42899322509766,111.7300033569336,111.98999786376953,111.7300033569336,111.95999908447266,2763900
2016-09-12 00:00:00,87.49940490722656,111.81999969482422,111.88999938964844,111.6500015258789,111.76000213623047,2358200
2016-09-13 00:00:00,87.2568359375,111.51000213623047,111.93000030517578,111.33999633789062,111.93000030517578,3005400
2016-09-14 00:00:00,87.36641693115234,111.6500015258789,111.75,111.47000122070312,111.47000122070312,2089700
2016-09-15 00:00:00,87.42117309570312,111.72000122070312,111.76000213623047,111.48999786376953,111.5999984741211,2253800
2016-09-16 00:00:00,87.48377227783203,111.80000305175781,111.87000274658203,111.69999694824219,111.75,1701000
2016-09-19 00:00:00,87.41329956054688,111.70999908447266,111.8499984741211,111.69000244140625,111.7300033569336,2026900
2016-09-20 00:00:00,87.44469451904297,111.75,111.94000244140625,111.73999786376953,111.9000015258789,2078500
2016-09-21 00:00:00,87.66377258300781,112.02999877929688,112.02999877929688,111.6500015258789,111.69000244140625,1899500
2016-09-22 00:00:00,87.84371185302734,112.26000213623047,112.3499984741211,112.0999984741211,112.0999984741211,2017200
2016-09-23 00:00:00,87.82026672363281,112.2300033569336,112.3499984741211,112.20999908447266,112.30999755859375,3415700
2016-09-26 00:00:00,87.92979431152344,112.37000274658203,112.44999694824219,112.27999877929688,112.27999877929688,2326900
2016-09-27 00:00:00,88.039306640625,112.51000213623047,112.61000061035156,112.41000366210938,112.56999969482422,2881300
2016-09-28 00:00:00,88.0628662109375,112.54000091552734,112.61000061035156,112.47000122070312,112.58000183105469,2853900
2016-09-29 00:00:00,88.0628662109375,112.54000091552734,112.63999938964844,112.37000274658203,112.41000366210938,1668000
2016-09-30 00:00:00,87.96892547607422,112.41999816894531,112.6500015258789,112.2699966430664,112.56999969482422,3679800
2016-10-03 00:00:00,87.8693618774414,112.08999633789062,112.25,112.06999969482422,112.20999908447266,9372900
2016-10-04 00:00:00,87.57147979736328,111.70999908447266,112.08999633789062,111.69999694824219,112.08999633789062,5022400
2016-10-05 00:00:00,87.45388793945312,111.55999755859375,111.73999786376953,111.51000213623047,111.69000244140625,3368700
2016-10-06 00:00:00,87.45388793945312,111.55999755859375,111.66999816894531,111.44999694824219,111.56999969482422,2059400
2016-10-07 00:00:00,87.46955108642578,111.58000183105469,111.66999816894531,111.41000366210938,111.63999938964844,1867600
2016-10-10 00:00:00,87.43038177490234,111.52999877929688,111.58000183105469,111.38999938964844,111.58000183105469,1295400
2016-10-11 00:00:00,87.29710388183594,111.36000061035156,111.54000091552734,111.3499984741211,111.48999786376953,2753300
2016-10-12 00:00:00,87.32844543457031,111.4000015258789,111.43000030517578,111.26000213623047,111.38999938964844,1668500
2016-10-13 00:00:00,87.45388793945312,111.55999755859375,111.68000030517578,111.52999877929688,111.5999984741211,1964600
2016-10-14 00:00:00,87.30494689941406,111.37000274658203,111.61000061035156,111.33000183105469,111.47000122070312,2471500
2016-10-17 00:00:00,87.45388793945312,111.55999755859375,111.61000061035156,111.38999938964844,111.44999694824219,1556800
2016-10-18 00:00:00,87.5949935913086,111.73999786376953,111.73999786376953,111.47000122070312,111.54000091552734,1582900
2016-10-19 00:00:00,87.64202880859375,111.80000305175781,111.83000183105469,111.63999938964844,111.68000030517578,1550000
2016-10-20 00:00:00,87.61064147949219,111.76000213623047,111.9000015258789,111.7300033569336,111.83999633789062,1420800
2016-10-21 00:00:00,87.66552734375,111.83000183105469,111.9000015258789,111.69000244140625,111.80000305175781,1776900
2016-10-24 00:00:00,87.53230285644531,111.66000366210938,111.83000183105469,111.5999984741211,111.80999755859375,1385600
2016-10-25 00:00:00,87.53230285644531,111.66000366210938,111.80000305175781,111.58000183105469,111.58000183105469,2344400
2016-10-26 00:00:00,87.35986328125,111.44000244140625,111.56999969482422,111.43000030517578,111.56999969482422,2684000
2016-10-27 00:00:00,87.14032745361328,111.16000366210938,111.27999877929688,111.04000091552734,111.27999877929688,2330700
2016-10-28 00:00:00,87.14032745361328,111.16000366210938,111.26000213623047,111.08000183105469,111.11000061035156,1713800
2016-10-31 00:00:00,87.25006103515625,111.30000305175781,111.33000183105469,111.20999908447266,111.30000305175781,3260300
2016-11-01 00:00:00,87.2029800415039,111.02999877929688,111.12999725341797,110.81999969482422,110.87999725341797,4725000
2016-11-02 00:00:00,87.3050308227539,111.16000366210938,111.31999969482422,111.05999755859375,111.12000274658203,2572600
2016-11-03 00:00:00,87.18724822998047,111.01000213623047,111.16000366210938,111.01000213623047,111.02999877929688,3254500
2016-11-04 00:00:00,87.36784362792969,111.23999786376953,111.31999969482422,111.12999725341797,111.1500015258789,2013300
2016-11-07 00:00:00,87.26580810546875,111.11000061035156,111.18000030517578,111.06999969482422,111.13999938964844,2031000
2016-11-08 00:00:00,87.12437438964844,110.93000030517578,111.16000366210938,110.87000274658203,111.12999725341797,2107400
2016-11-09 00:00:00,86.31543731689453,109.9000015258789,110.56999969482422,109.77999877929688,110.52999877929688,3657200
2016-11-10 00:00:00,85.96199798583984,109.44999694824219,109.87999725341797,109.41999816894531,109.66000366210938,4179200
2016-11-11 00:00:00,85.8049545288086,109.25,109.5,109.22000122070312,109.45999908447266,2804600
2016-11-14 00:00:00,85.4593276977539,108.80999755859375,109.05999755859375,108.63999938964844,108.63999938964844,3054900
2016-11-15 00:00:00,85.52217102050781,108.88999938964844,109.06999969482422,108.87000274658203,109.0,2252200
2016-11-16 00:00:00,85.71073913574219,109.12999725341797,109.12999725341797,108.91999816894531,109.01000213623047,2164800
2016-11-17 00:00:00,85.38865661621094,108.72000122070312,109.0199966430664,108.66999816894531,109.01000213623047,1903700
2016-11-18 00:00:00,85.11376190185547,108.37000274658203,108.81999969482422,108.36000061035156,108.80999755859375,2767000
2016-11-21 00:00:00,85.18446350097656,108.45999908447266,108.56999969482422,108.37000274658203,108.55999755859375,1705600
2016-11-22 00:00:00,85.26298522949219,108.55999755859375,108.66000366210938,108.45999908447266,108.58999633789062,3465300
2016-11-23 00:00:00,84.96453857421875,108.18000030517578,108.33000183105469,107.91999816894531,108.18000030517578,2497600
2016-11-25 00:00:00,84.9566879272461,108.16999816894531,108.37000274658203,108.08999633789062,108.30000305175781,1071500
2016-11-28 00:00:00,85.25518035888672,108.55000305175781,108.56999969482422,108.33000183105469,108.37999725341797,2476800
2016-11-29 00:00:00,85.349365234375,108.66999816894531,108.72000122070312,108.43000030517578,108.5,2178600
2016-11-30 00:00:00,85.01164245605469,108.23999786376953,108.43000030517578,108.12999725341797,108.2300033569336,4627500
2016-12-01 00:00:00,84.73152160644531,107.68000030517578,107.79000091552734,107.47000122070312,107.75,4691900
2016-12-02 00:00:00,84.99910736083984,108.0199966430664,108.19999694824219,107.8499984741211,107.93000030517578,4269200
2016-12-05 00:00:00,85.06989288330078,108.11000061035156,108.26000213623047,107.77999877929688,107.94000244140625,3398000
2016-12-06 00:00:00,85.05414581298828,108.08999633789062,108.18000030517578,108.04000091552734,108.13999938964844,3306900
2016-12-07 00:00:00,85.27452087402344,108.37000274658203,108.37999725341797,108.19999694824219,108.22000122070312,3796800
2016-12-08 00:00:00,85.11709594726562,108.16999816894531,108.22000122070312,108.05000305175781,108.18000030517578,2822600
2016-12-09 00:00:00,84.85742950439453,107.83999633789062,108.18000030517578,107.72000122070312,108.08000183105469,4530900
2016-12-12 00:00:00,84.77876281738281,107.73999786376953,107.81999969482422,107.61000061035156,107.69999694824219,3074200
2016-12-13 00:00:00,84.88890838623047,107.87999725341797,107.94000244140625,107.70999908447266,107.87000274658203,3665900
2016-12-14 00:00:00,84.42466735839844,107.29000091552734,108.12000274658203,107.29000091552734,108.06999969482422,3544100
2016-12-15 00:00:00,84.32234954833984,107.16000366210938,107.41999816894531,107.1500015258789,107.37000274658203,4619100
2016-12-16 00:00:00,84.37745666503906,107.2300033569336,107.38999938964844,107.05999755859375,107.16000366210938,2981600
2016-12-19 00:00:00,84.5977554321289,107.51000213623047,107.55000305175781,107.3499984741211,107.4000015258789,3202500
2016-12-20 00:00:00,84.51905059814453,107.41000366210938,107.44000244140625,107.2699966430664,107.30000305175781,2871900
2016-12-21 00:00:00,84.70008087158203,107.63999938964844,107.66000366210938,107.43000030517578,107.5,4066900
2016-12-22 00:00:00,84.69926452636719,107.38999938964844,107.45999908447266,107.23999786376953,107.33999633789062,4110200
2016-12-23 00:00:00,84.72294616699219,107.41999816894531,107.54000091552734,107.38999938964844,107.54000091552734,3821100
2016-12-27 00:00:00,84.65982055664062,107.33999633789062,107.33999633789062,107.19000244140625,107.19000244140625,2661500
2016-12-28 00:00:00,84.79390716552734,107.51000213623047,107.5999984741211,107.30000305175781,107.33000183105469,5609600
2016-12-29 00:00:00,85.05418395996094,107.83999633789062,107.87999725341797,107.6500015258789,107.7300033569336,3649600
2016-12-30 00:00:00,85.2276840209961,108.05999755859375,108.12000274658203,107.8499984741211,107.87999725341797,3690100
2017-01-03 00:00:00,85.31444549560547,108.16999816894531,108.22000122070312,107.7300033569336,107.7300033569336,5079200
2017-01-04 00:00:00,85.338134765625,108.19999694824219,108.20999908447266,108.02999877929688,108.16000366210938,3297100
2017-01-05 00:00:00,85.69306182861328,108.6500015258789,108.68000030517578,108.22000122070312,108.37000274658203,5165900
2017-01-06 00:00:00,85.40914154052734,108.29000091552734,108.5,108.26000213623047,108.43000030517578,2910100
2017-01-09 00:00:00,85.55109405517578,108.47000122070312,108.54000091552734,108.43000030517578,108.54000091552734,3030500
2017-01-10 00:00:00,85.5274429321289,108.44000244140625,108.55000305175781,108.41999816894531,108.44999694824219,2396300
2017-01-11 00:00:00,85.62993621826172,108.56999969482422,108.93000030517578,108.41999816894531,108.52999877929688,4465500
2017-01-12 00:00:00,85.6614990234375,108.61000061035156,108.9000015258789,108.61000061035156,108.77999877929688,3036600
2017-01-13 00:00:00,85.51165008544922,108.41999816894531,108.55000305175781,108.26000213623047,108.5,3293600
2017-01-17 00:00:00,85.80345153808594,108.79000091552734,108.87000274658203,108.6500015258789,108.80999755859375,3685700
2017-01-18 00:00:00,85.43278503417969,108.31999969482422,108.66999816894531,108.23999786376953,108.5999984741211,3115600
2017-01-19 00:00:00,85.21195983886719,108.04000091552734,108.16000366210938,107.93000030517578,108.05999755859375,2388000
2017-01-20 00:00:00,85.24348449707031,108.08000183105469,108.12000274658203,107.83000183105469,107.94000244140625,3525000
2017-01-23 00:00:00,85.48009490966797,108.37999725341797,108.56999969482422,108.0999984741211,108.22000122070312,3063400
2017-01-24 00:00:00,85.34603118896484,108.20999908447266,108.4000015258789,108.0999984741211,108.33000183105469,2049500
2017-01-25 00:00:00,85.1172866821289,107.91999816894531,108.04000091552734,107.83000183105469,107.9800033569336,2912900
2017-01-26 00:00:00,85.17249298095703,107.98999786376953,108.02999877929688,107.70999908447266,107.86000061035156,2046300
2017-01-27 00:00:00,85.24348449707031,108.08000183105469,108.16000366210938,108.0199966430664,108.02999877929688,3096800
2017-01-30 00:00:00,85.20404815673828,108.02999877929688,108.20999908447266,108.02999877929688,108.16000366210938,2946200
2017-01-31 00:00:00,85.40914154052734,108.29000091552734,108.37000274658203,108.08000183105469,108.08000183105469,7552700
2017-02-01 00:00:00,85.28897857666016,107.91999816894531,108.01000213623047,107.69000244140625,107.7699966430664,2994200
2017-02-02 00:00:00,85.33638000488281,107.9800033569336,108.18000030517578,107.94999694824219,108.05999755859375,3490700
2017-02-03 00:00:00,85.360107421875,108.01000213623047,108.27999877929688,107.86000061035156,108.12000274658203,2728400
2017-02-06 00:00:00,85.60511779785156,108.31999969482422,108.37999725341797,108.0999984741211,108.22000122070312,1827000
2017-02-07 00:00:00,85.69200897216797,108.43000030517578,108.58000183105469,108.25,108.30000305175781,2659100
2017-02-08 00:00:00,85.93700408935547,108.73999786376953,108.83000183105469,108.61000061035156,108.61000061035156,3873200
2017-02-09 00:00:00,85.73155975341797,108.4800033569336,108.66999816894531,108.43000030517578,108.61000061035156,2736000
2017-02-10 00:00:00,85.71575927734375,108.45999908447266,108.47000122070312,108.26000213623047,108.26000213623047,2365300
2017-02-13 00:00:00,85.58930969238281,108.30000305175781,108.3499984741211,108.2300033569336,108.33999633789062,2189800
2017-02-14 00:00:00,85.39960479736328,108.05999755859375,108.30000305175781,107.91000366210938,108.30000305175781,2809500
2017-02-15 00:00:00,85.26529693603516,107.88999938964844,108.0,107.86000061035156,107.91999816894531,2138900
2017-02-16 00:00:00,85.44705963134766,108.12000274658203,108.27999877929688,108.01000213623047,108.01000213623047,5257400
2017-02-17 00:00:00,85.63671875,108.36000061035156,108.44999694824219,108.31999969482422,108.37000274658203,2228100
2017-02-21 00:00:00,85.62879180908203,108.3499984741211,108.44999694824219,108.22000122070312,108.23999786376953,1980300
2017-02-22 00:00:00,85.68414306640625,108.41999816894531,108.55000305175781,108.19999694824219,108.54000091552734,2655500
2017-02-23 00:00:00,85.82637023925781,108.5999984741211,108.6500015258789,108.52999877929688,108.55999755859375,2169000
2017-02-24 00:00:00,86.14253997802734,109.0,109.05999755859375,108.81999969482422,108.87999725341797,2670900
2017-02-27 00:00:00,85.98446655273438,108.80000305175781,108.9800033569336,108.7699966430664,108.94999694824219,1998200
2017-02-28 00:00:00,85.96075439453125,108.7699966430664,108.94000244140625,108.75,108.80000305175781,3840100
2017-03-01 00:00:00,85.556884765625,108.04000091552734,108.13999938964844,107.9800033569336,108.12000274658203,3280200
2017-03-02 00:00:00,85.39849090576172,107.83999633789062,107.98999786376953,107.75,107.93000030517578,2299700
2017-03-03 00:00:00,85.46183013916016,107.91999816894531,107.97000122070312,107.73999786376953,107.91999816894531,4293900
2017-03-06 00:00:00,85.42225646972656,107.87000274658203,107.98999786376953,107.81999969482422,107.94000244140625,3678300
2017-03-07 00:00:00,85.3114013671875,107.7300033569336,107.83999633789062,107.69000244140625,107.80000305175781,2237900
2017-03-08 00:00:00,85.1054916381836,107.47000122070312,107.5,107.33999633789062,107.38999938964844,2834700
2017-03-09 00:00:00,84.84414672851562,107.13999938964844,107.33999633789062,107.12000274658203,107.31999969482422,3527300
2017-03-10 00:00:00,84.97086334228516,107.30000305175781,107.31999969482422,107.16000366210938,107.2300033569336,1906000
2017-03-13 00:00:00,84.82832336425781,107.12000274658203,107.27999877929688,107.0999984741211,107.20999908447266,1658500
2017-03-14 00:00:00,84.85997772216797,107.16000366210938,107.23999786376953,107.08000183105469,107.08000183105469,2639200
2017-03-15 00:00:00,85.35099029541016,107.77999877929688,107.79000091552734,107.19999694824219,107.25,2162900
2017-03-16 00:00:00,85.25594329833984,107.66000366210938,107.75,107.62000274658203,107.68000030517578,2369700
2017-03-17 00:00:00,85.4381103515625,107.88999938964844,107.91000366210938,107.69000244140625,107.72000122070312,2368800
2017-03-20 00:00:00,85.5647964477539,108.05000305175781,108.05000305175781,107.83999633789062,107.86000061035156,1635200
2017-03-21 00:00:00,85.7389907836914,108.2699966430664,108.2699966430664,107.93000030517578,107.93000030517578,2049700
2017-03-22 00:00:00,85.8577880859375,108.41999816894531,108.54000091552734,108.36000061035156,108.44000244140625,2643600
2017-03-23 00:00:00,85.88157653808594,108.44999694824219,108.51000213623047,108.26000213623047,108.44000244140625,2071400
2017-03-24 00:00:00,85.81027221679688,108.36000061035156,108.51000213623047,108.30999755859375,108.3499984741211,3374900
2017-03-27 00:00:00,86.01615142822266,108.62000274658203,108.70999908447266,108.52999877929688,108.6500015258789,1977300
2017-03-28 00:00:00,85.81822967529297,108.37000274658203,108.68000030517578,108.3499984741211,108.62999725341797,2016100
2017-03-29 00:00:00,86.00824737548828,108.61000061035156,108.62000274658203,108.45999908447266,108.4800033569336,1965600
2017-03-30 00:00:00,85.84989929199219,108.41000366210938,108.58000183105469,108.37999725341797,108.5199966430664,1733900
2017-03-31 00:00:00,85.9132308959961,108.48999786376953,108.52999877929688,108.41999816894531,108.44000244140625,3717700
2017-04-03 00:00:00,86.23219299316406,108.66999816894531,108.68000030517578,108.30000305175781,108.30999755859375,5197800
2017-04-04 00:00:00,86.1528549194336,108.56999969482422,108.6500015258789,108.5199966430664,108.61000061035156,1627500
2017-04-05 00:00:00,86.24807739257812,108.69000244140625,108.73999786376953,108.44999694824219,108.4800033569336,2304100
2017-04-06 00:00:00,86.24016571044922,108.68000030517578,108.70999908447266,108.4800033569336,108.63999938964844,1725300
2017-04-07 00:00:00,86.04972839355469,108.44000244140625,108.88999938964844,108.41999816894531,108.80000305175781,1783600
2017-04-10 00:00:00,86.16080474853516,108.58000183105469,108.6500015258789,108.48999786376953,108.52999877929688,1903800
2017-04-11 00:00:00,86.40680694580078,108.88999938964844,108.9800033569336,108.75,108.76000213623047,2200800
2017-04-12 00:00:00,86.59722900390625,109.12999725341797,109.19999694824219,108.88999938964844,108.93000030517578,2433000
2017-04-13 00:00:00,86.70832061767578,109.2699966430664,109.38999938964844,109.12999725341797,109.25,2339900
2017-04-17 00:00:00,86.66075134277344,109.20999908447266,109.4000015258789,109.18000030517578,109.30000305175781,1646100
2017-04-18 00:00:00,87.00985717773438,109.6500015258789,109.69999694824219,109.38999938964844,109.41000366210938,2369500
2017-04-19 00:00:00,86.875,109.4800033569336,109.55999755859375,109.38999938964844,109.47000122070312,2148500
2017-04-20 00:00:00,86.74006652832031,109.30999755859375,109.4000015258789,109.19999694824219,109.30999755859375,1867800
2017-04-21 00:00:00,86.76388549804688,109.33999633789062,109.48999786376953,109.30000305175781,109.4000015258789,1539300
2017-04-24 00:00:00,86.63694763183594,109.18000030517578,109.22000122070312,109.0,109.05000305175781,2745400
2017-04-25 00:00:00,86.35125732421875,108.81999969482422,109.05000305175781,108.7699966430664,108.98999786376953,1888500
2017-04-26 00:00:00,86.46235656738281,108.95999908447266,108.97000122070312,108.7699966430664,108.8499984741211,2893700
2017-04-27 00:00:00,86.54171752929688,109.05999755859375,109.0999984741211,108.91000366210938,108.94000244140625,1660900
2017-04-28 00:00:00,86.69247436523438,109.25,109.25,108.91000366210938,108.9800033569336,5774800
2017-05-01 00:00:00,86.46900177001953,108.7300033569336,108.95999908447266,108.62000274658203,108.86000061035156,2510000
2017-05-02 00:00:00,86.58826446533203,108.87999725341797,108.94000244140625,108.68000030517578,108.68000030517578,2841400
2017-05-03 00:00:00,86.50082397460938,108.7699966430664,108.98999786376953,108.7699966430664,108.97000122070312,1923400
2017-05-04 00:00:00,86.42924499511719,108.68000030517578,108.69999694824219,108.55000305175781,108.55000305175781,1897900
2017-05-05 00:00:00,86.44513702392578,108.69999694824219,108.73999786376953,108.56999969482422,108.72000122070312,1421800
2017-05-08 00:00:00,86.27812957763672,108.48999786376953,108.66999816894531,108.48999786376953,108.62999725341797,3568400
2017-05-09 00:00:00,86.28611755371094,108.5,108.51000213623047,108.4000015258789,108.43000030517578,3084900
2017-05-10 00:00:00,86.30995178222656,108.52999877929688,108.66000366210938,108.44000244140625,108.5999984741211,1653400
2017-05-11 00:00:00,86.30196380615234,108.5199966430664,108.54000091552734,108.33999633789062,108.3499984741211,2331000
2017-05-12 00:00:00,86.62012481689453,108.91999816894531,108.94000244140625,108.77999877929688,108.80999755859375,1329700
2017-05-15 00:00:00,86.58826446533203,108.87999725341797,108.94000244140625,108.81999969482422,108.8499984741211,1771000
2017-05-16 00:00:00,86.69962310791016,109.0199966430664,109.0999984741211,108.87999725341797,108.87999725341797,2051800
2017-05-17 00:00:00,87.14497375488281,109.58000183105469,109.5999984741211,109.27999877929688,109.3499984741211,2464500
2017-05-18 00:00:00,87.09727478027344,109.5199966430664,109.62999725341797,109.44000244140625,109.54000091552734,2107000
2017-05-19 00:00:00,87.09727478027344,109.5199966430664,109.54000091552734,109.3499984741211,109.51000213623047,1504000
2017-05-22 00:00:00,87.04161834716797,109.44999694824219,109.4800033569336,109.4000015258789,109.43000030517578,1642700
2017-05-23 00:00:00,86.87455749511719,109.23999786376953,109.52999877929688,109.20999908447266,109.5,1334500
2017-05-24 00:00:00,87.0256576538086,109.43000030517578,109.5,109.20999908447266,109.25,2719200
2017-05-25 00:00:00,87.06546020507812,109.4800033569336,109.48999786376953,109.37000274658203,109.44999694824219,1558100
2017-05-26 00:00:00,87.03364562988281,109.44000244140625,109.54000091552734,109.44000244140625,109.45999908447266,955300
2017-05-30 00:00:00,87.20063781738281,109.6500015258789,109.66000366210938,109.54000091552734,109.58000183105469,2093200
2017-05-31 00:00:00,87.28812408447266,109.76000213623047,109.80999755859375,109.63999938964844,109.63999938964844,2416500
2017-06-01 00:00:00,87.24825286865234,109.4800033569336,109.5,109.33999633789062,109.36000061035156,2454500
2017-06-02 00:00:00,87.53517150878906,109.83999633789062,109.88999938964844,109.69000244140625,109.73999786376953,1507400
2017-06-05 00:00:00,87.39971923828125,109.66999816894531,109.73999786376953,109.5999984741211,109.66000366210938,2450600
2017-06-06 00:00:00,87.57501220703125,109.88999938964844,109.94999694824219,109.80999755859375,109.87000274658203,1607700
2017-06-07 00:00:00,87.471435546875,109.76000213623047,109.87000274658203,109.69999694824219,109.80999755859375,1903500
2017-06-08 00:00:00,87.38372802734375,109.6500015258789,109.69999694824219,109.51000213623047,109.69999694824219,1532700
2017-06-09 00:00:00,87.31201934814453,109.55999755859375,109.62999725341797,109.45999908447266,109.51000213623047,1616800
2017-06-12 00:00:00,87.31201934814453,109.55999755859375,109.69999694824219,109.47000122070312,109.51000213623047,1394800
2017-06-13 00:00:00,87.33594512939453,109.58999633789062,109.5999984741211,109.43000030517578,109.43000030517578,1474300
2017-06-14 00:00:00,87.61486053466797,109.94000244140625,110.18000030517578,109.8499984741211,110.0,2627500
2017-06-15 00:00:00,87.55909729003906,109.87000274658203,109.9000015258789,109.77999877929688,109.9000015258789,2233900
2017-06-16 00:00:00,87.61486053466797,109.94000244140625,109.97000122070312,109.8499984741211,109.86000061035156,2216600
2017-06-19 00:00:00,87.4953384399414,109.79000091552734,109.9000015258789,109.73999786376953,109.87000274658203,1610400
2017-06-20 00:00:00,87.63079071044922,109.95999908447266,110.02999877929688,109.80000305175781,109.8499984741211,2195100
2017-06-21 00:00:00,87.64676666259766,109.9800033569336,110.02999877929688,109.87999725341797,109.87999725341797,1217400
2017-06-22 00:00:00,87.68658447265625,110.02999877929688,110.08999633789062,109.94999694824219,110.05999755859375,1427400
2017-06-23 00:00:00,87.70252990722656,110.05000305175781,110.11000061035156,109.9800033569336,110.01000213623047,1259100
2017-06-26 00:00:00,87.78225708007812,110.1500015258789,110.23999786376953,110.12999725341797,110.19000244140625,1914400
2017-06-27 00:00:00,87.51924133300781,109.81999969482422,109.9800033569336,109.79000091552734,109.93000030517578,3072300
2017-06-28 00:00:00,87.5511245727539,109.86000061035156,109.87999725341797,109.68000030517578,109.8499984741211,12184400
2017-06-29 00:00:00,87.38372802734375,109.6500015258789,109.68000030517578,109.47000122070312,109.52999877929688,3377200
2017-06-30 00:00:00,87.2721939086914,109.51000213623047,109.62999725341797,109.45999908447266,109.62000274658203,2626900
2017-07-03 00:00:00,87.116455078125,109.08999633789062,109.30000305175781,109.01000213623047,109.30000305175781,1817300
2017-07-05 00:00:00,87.16438293457031,109.1500015258789,109.18000030517578,109.0,109.08000183105469,4288600
2017-07-06 00:00:00,86.9966812133789,108.94000244140625,109.0,108.81999969482422,108.94999694824219,2284900
2017-07-07 00:00:00,86.96473693847656,108.9000015258789,108.94999694824219,108.83000183105469,108.88999938964844,2727400
2017-07-10 00:00:00,87.0046615600586,108.94999694824219,109.0199966430664,108.88999938964844,108.97000122070312,2386400
2017-07-11 00:00:00,87.08451080322266,109.05000305175781,109.0999984741211,108.93000030517578,108.97000122070312,1969100
2017-07-12 00:00:00,87.3479995727539,109.37999725341797,109.43000030517578,109.26000213623047,109.37999725341797,2129900
2017-07-13 00:00:00,87.25223541259766,109.26000213623047,109.30999755859375,109.12999725341797,109.29000091552734,1568300
2017-07-14 00:00:00,87.340087890625,109.37000274658203,109.55999755859375,109.29000091552734,109.54000091552734,1916600
2017-07-17 00:00:00,87.37996673583984,109.41999816894531,109.4800033569336,109.31999969482422,109.4000015258789,4078500
2017-07-18 00:00:00,87.57966613769531,109.66999816894531,109.70999908447266,109.58000183105469,109.63999938964844,2878400
2017-07-19 00:00:00,87.6036148071289,109.69999694824219,109.75,109.62999725341797,109.72000122070312,1577700
2017-07-20 00:00:00,87.6275405883789,109.7300033569336,109.87999725341797,109.69999694824219,109.8499984741211,1802600
2017-07-21 00:00:00,87.77925872802734,109.91999816894531,109.95999908447266,109.83000183105469,109.87999725341797,1531700
2017-07-24 00:00:00,87.69942474365234,109.81999969482422,109.91999816894531,109.76000213623047,109.83999633789062,1946000
2017-07-25 00:00:00,87.3879623413086,109.43000030517578,109.62999725341797,109.38999938964844,109.5999984741211,2601700
2017-07-26 00:00:00,87.55567169189453,109.63999938964844,109.70999908447266,109.3499984741211,109.37000274658203,2249800
2017-07-27 00:00:00,87.42790222167969,109.4800033569336,109.58999633789062,109.43000030517578,109.51000213623047,1868600
2017-07-28 00:00:00,87.6036148071289,109.69999694824219,109.69999694824219,109.48999786376953,109.54000091552734,1894200
2017-07-31 00:00:00,87.56365966796875,109.6500015258789,109.7300033569336,109.58000183105469,109.69000244140625,2363000
2017-08-01 00:00:00,87.80376434326172,109.72000122070312,109.72000122070312,109.36000061035156,109.37999725341797,2338900
2017-08-02 00:00:00,87.73971557617188,109.63999938964844,109.7699966430664,109.63999938964844,109.70999908447266,2253300
2017-08-03 00:00:00,87.9157943725586,109.86000061035156,109.94000244140625,109.73999786376953,109.7699966430664,1485200
2017-08-04 00:00:00,87.771728515625,109.68000030517578,109.72000122070312,109.54000091552734,109.69999694824219,2300900
2017-08-07 00:00:00,87.76374816894531,109.66999816894531,109.72000122070312,109.61000061035156,109.69000244140625,2359800
2017-08-08 00:00:00,87.68370819091797,109.56999969482422,109.69000244140625,109.5,109.66999816894531,2570800
2017-08-09 00:00:00,87.76374816894531,109.66999816894531,109.87000274658203,109.66000366210938,109.87000274658203,2308900
2017-08-10 00:00:00,87.85173797607422,109.77999877929688,109.8499984741211,109.66999816894531,109.69999694824219,2004200
2017-08-11 00:00:00,87.92378234863281,109.87000274658203,109.94000244140625,109.68000030517578,109.75,1913300
2017-08-14 00:00:00,87.88375854492188,109.81999969482422,109.9000015258789,109.73999786376953,109.83999633789062,2293900
2017-08-15 00:00:00,87.75574493408203,109.66000366210938,109.72000122070312,109.55999755859375,109.55999755859375,2177400
2017-08-16 00:00:00,87.9157943725586,109.86000061035156,109.93000030517578,109.54000091552734,109.54000091552734,1956500
2017-08-17 00:00:00,88.0438003540039,110.0199966430664,110.0199966430664,109.77999877929688,109.83000183105469,5403500
2017-08-18 00:00:00,87.98784637451172,109.94999694824219,110.13999938964844,109.88999938964844,110.05000305175781,1564800
2017-08-21 00:00:00,88.05182647705078,110.02999877929688,110.08999633789062,109.97000122070312,110.01000213623047,1717600
2017-08-22 00:00:00,87.97177124023438,109.93000030517578,110.0199966430664,109.87000274658203,109.98999786376953,1992300
2017-08-23 00:00:00,88.1718521118164,110.18000030517578,110.19000244140625,110.01000213623047,110.08000183105469,1894900
2017-08-24 00:00:00,88.05982208251953,110.04000091552734,110.16000366210938,109.98999786376953,110.06999969482422,2102100
2017-08-25 00:00:00,88.12384033203125,110.12000274658203,110.19000244140625,110.01000213623047,110.05000305175781,2326800
2017-08-28 00:00:00,88.1558837890625,110.16000366210938,110.23999786376953,110.0999984741211,110.16999816894531,4476000
2017-08-29 00:00:00,88.28387451171875,110.31999969482422,110.48999786376953,110.26000213623047,110.4800033569336,2092200
2017-08-30 00:00:00,88.26789855957031,110.30000305175781,110.33000183105469,110.23999786376953,110.2699966430664,1505700
2017-08-31 00:00:00,88.38796997070312,110.44999694824219,110.45999908447266,110.30999755859375,110.30999755859375,5308300
2017-09-01 00:00:00,88.18741607666016,109.97000122070312,110.22000122070312,109.91000366210938,110.19000244140625,2824200
2017-09-05 00:00:00,88.54829406738281,110.41999816894531,110.5,110.20999908447266,110.2699966430664,2257000
2017-09-06 00:00:00,88.45208740234375,110.30000305175781,110.5199966430664,110.2300033569336,110.41999816894531,2720200
2017-09-07 00:00:00,88.66862487792969,110.56999969482422,110.66000366210938,110.41999816894531,110.43000030517578,1648800
2017-09-08 00:00:00,88.56434631347656,110.44000244140625,110.58000183105469,110.43000030517578,110.54000091552734,2363200
2017-09-11 00:00:00,88.32376098632812,110.13999938964844,110.29000091552734,110.0999984741211,110.2699966430664,2492700
2017-09-12 00:00:00,88.19549560546875,109.9800033569336,110.05999755859375,109.91999816894531,110.04000091552734,2403600
2017-09-13 00:00:00,88.10726928710938,109.87000274658203,110.04000091552734,109.86000061035156,110.0,1304100
2017-09-14 00:00:00,88.15536499023438,109.93000030517578,109.97000122070312,109.80999755859375,109.80999755859375,1704200
2017-09-15 00:00:00,88.13933563232422,109.91000366210938,110.04000091552734,109.86000061035156,110.0,2818000
2017-09-18 00:00:00,88.09925842285156,109.86000061035156,109.9000015258789,109.7699966430664,109.86000061035156,1946300
2017-09-19 00:00:00,88.05113983154297,109.80000305175781,109.95999908447266,109.79000091552734,109.91000366210938,1407200
2017-09-20 00:00:00,87.97896575927734,109.70999908447266,109.91999816894531,109.58999633789062,109.83999633789062,1356800
2017-09-21 00:00:00,87.96292114257812,109.69000244140625,109.8499984741211,109.68000030517578,109.81999969482422,2210900
2017-09-22 00:00:00,88.02706909179688,109.7699966430664,109.9000015258789,109.75,109.86000061035156,1461800
2017-09-25 00:00:00,88.23556518554688,110.02999877929688,110.04000091552734,109.81999969482422,109.8499984741211,3937600
2017-09-26 00:00:00,88.20344543457031,109.98999786376953,110.0199966430664,109.87999725341797,109.94999694824219,2749900
2017-09-27 00:00:00,87.94684600830078,109.66999816894531,109.75,109.5999984741211,109.66999816894531,3042800
2017-09-28 00:00:00,87.95487976074219,109.68000030517578,109.72000122070312,109.51000213623047,109.58000183105469,1702500
2017-09-29 00:00:00,87.88272857666016,109.58999633789062,109.7699966430664,109.54000091552734,109.73999786376953,5770800
2017-10-02 00:00:00,87.93655395507812,109.43000030517578,109.51000213623047,109.33000183105469,109.43000030517578,5692200
2017-10-03 00:00:00,88.00886535644531,109.5199966430664,109.54000091552734,109.4000015258789,109.45999908447266,2462200
2017-10-04 00:00:00,87.98480224609375,109.48999786376953,109.56999969482422,109.41000366210938,109.55999755859375,2673200
2017-10-05 00:00:00,87.94457244873047,109.44000244140625,109.54000091552734,109.37000274658203,109.54000091552734,1909900
2017-10-06 00:00:00,87.81603240966797,109.27999877929688,109.41999816894531,109.1500015258789,109.22000122070312,1824000
2017-10-09 00:00:00,87.93655395507812,109.43000030517578,109.43000030517578,109.30000305175781,109.3499984741211,1131500
2017-10-10 00:00:00,87.94457244873047,109.44000244140625,109.61000061035156,109.4000015258789,109.47000122070312,1635800
2017-10-11 00:00:00,87.96065521240234,109.45999908447266,109.52999877929688,109.41999816894531,109.47000122070312,1866400
2017-10-12 00:00:00,88.06517028808594,109.58999633789062,109.61000061035156,109.4800033569336,109.55999755859375,1933400
2017-10-13 00:00:00,88.2821044921875,109.86000061035156,109.87000274658203,109.69000244140625,109.81999969482422,1743800
2017-10-16 00:00:00,88.19371032714844,109.75,109.80999755859375,109.66000366210938,109.75,3788100
2017-10-17 00:00:00,88.16156768798828,109.70999908447266,109.73999786376953,109.55000305175781,109.62000274658203,1764400
2017-10-18 00:00:00,88.02494812011719,109.54000091552734,109.55999755859375,109.45999908447266,109.51000213623047,1663800
2017-10-19 00:00:00,88.08926391601562,109.62000274658203,109.75,109.54000091552734,109.70999908447266,1877000
2017-10-20 00:00:00,87.83213806152344,109.30000305175781,109.41000366210938,109.26000213623047,109.31999969482422,2014200
2017-10-23 00:00:00,87.92854309082031,109.41999816894531,109.47000122070312,109.36000061035156,109.4000015258789,2000800
2017-10-24 00:00:00,87.74369049072266,109.19000244140625,109.29000091552734,109.16999816894531,109.2300033569336,1722300
2017-10-25 00:00:00,87.68744659423828,109.12000274658203,109.12999725341797,108.94999694824219,108.95999908447266,2945400
2017-10-26 00:00:00,87.59102630615234,109.0,109.2300033569336,108.9800033569336,109.19999694824219,2163500
2017-10-27 00:00:00,87.78385925292969,109.23999786376953,109.26000213623047,109.04000091552734,109.06999969482422,1902500
2017-10-30 00:00:00,88.02494812011719,109.54000091552734,109.55999755859375,109.36000061035156,109.43000030517578,2384800
2017-10-31 00:00:00,87.96867370605469,109.47000122070312,109.55000305175781,109.44000244140625,109.5199966430664,3719900
2017-11-01 00:00:00,88.0073471069336,109.29000091552734,109.41000366210938,109.16999816894531,109.16999816894531,2959400
2017-11-02 00:00:00,88.05567169189453,109.3499984741211,109.5,109.33000183105469,109.3499984741211,2160500
2017-11-03 00:00:00,88.1362075805664,109.44999694824219,109.4800033569336,109.29000091552734,109.4800033569336,1781200
2017-11-06 00:00:00,88.21672058105469,109.55000305175781,109.58999633789062,109.45999908447266,109.55999755859375,1293000
2017-11-07 00:00:00,88.24087524414062,109.58000183105469,109.61000061035156,109.48999786376953,109.58000183105469,2015500
2017-11-08 00:00:00,88.18453216552734,109.51000213623047,109.5999984741211,109.45999908447266,109.54000091552734,2742600
2017-11-09 00:00:00,88.12008666992188,109.43000030517578,109.45999908447266,109.30000305175781,109.38999938964844,2479800
2017-11-10 00:00:00,87.76577758789062,108.98999786376953,109.1500015258789,108.97000122070312,109.05999755859375,1751100
2017-11-13 00:00:00,87.76577758789062,108.98999786376953,109.11000061035156,108.95999908447266,109.11000061035156,1891600
2017-11-14 00:00:00,87.85435485839844,109.0999984741211,109.12000274658203,109.0,109.01000213623047,2799900
2017-11-15 00:00:00,88.02345275878906,109.30999755859375,109.37999725341797,109.13999938964844,109.26000213623047,2495700
2017-11-16 00:00:00,87.92681884765625,109.19000244140625,109.31999969482422,109.18000030517578,109.22000122070312,1912600
2017-11-17 00:00:00,88.02345275878906,109.30999755859375,109.38999938964844,109.26000213623047,109.33000183105469,3544600
2017-11-20 00:00:00,87.97514343261719,109.25,109.30000305175781,109.18000030517578,109.2300033569336,2639100
2017-11-21 00:00:00,88.06372833251953,109.36000061035156,109.43000030517578,109.22000122070312,109.38999938964844,2297400
2017-11-22 00:00:00,88.21672058105469,109.55000305175781,109.55999755859375,109.37999725341797,109.4000015258789,6104100
2017-11-24 00:00:00,88.20059967041016,109.52999877929688,109.55999755859375,109.4800033569336,109.5,1693500
2017-11-27 00:00:00,88.20059967041016,109.52999877929688,109.58000183105469,109.44000244140625,109.52999877929688,2653300
2017-11-28 00:00:00,88.20059967041016,109.52999877929688,109.62999725341797,109.47000122070312,109.58999633789062,5126900
2017-11-29 00:00:00,87.98322296142578,109.26000213623047,109.31999969482422,109.18000030517578,109.2699966430664,2423700
2017-11-30 00:00:00,87.8382339477539,109.08000183105469,109.30000305175781,109.0199966430664,109.25,4011300
2017-12-01 00:00:00,88.0892105102539,109.16000366210938,109.4800033569336,108.8499984741211,109.0199966430664,3410200
2017-12-04 00:00:00,88.0811767578125,109.1500015258789,109.16999816894531,109.0,109.02999877929688,2652800
2017-12-05 00:00:00,88.16992950439453,109.26000213623047,109.26000213623047,109.08000183105469,109.26000213623047,2995500
2017-12-06 00:00:00,88.25863647460938,109.37000274658203,109.5199966430664,109.37000274658203,109.44000244140625,2965800
2017-12-07 00:00:00,88.14569091796875,109.2300033569336,109.45999908447266,109.1500015258789,109.37999725341797,2584100
2017-12-08 00:00:00,88.11341094970703,109.19000244140625,109.29000091552734,109.1500015258789,109.20999908447266,1685000
2017-12-11 00:00:00,88.0811767578125,109.1500015258789,109.31999969482422,109.12999725341797,109.13999938964844,2612400
2017-12-12 00:00:00,88.04077911376953,109.0999984741211,109.11000061035156,108.94999694824219,109.0999984741211,3142400
2017-12-13 00:00:00,88.29100799560547,109.41000366210938,109.55000305175781,109.13999938964844,109.2300033569336,3109500
2017-12-14 00:00:00,88.31517028808594,109.44000244140625,109.51000213623047,109.2300033569336,109.30999755859375,4126100
2017-12-15 00:00:00,88.33934783935547,109.47000122070312,109.55000305175781,109.31999969482422,109.41999816894531,2403700
2017-12-18 00:00:00,88.2264175415039,109.33000183105469,109.47000122070312,109.25,109.47000122070312,4474300
2017-12-19 00:00:00,87.96820068359375,109.01000213623047,109.16000366210938,108.88999938964844,109.13999938964844,2820900
2017-12-20 00:00:00,87.76644134521484,108.76000213623047,108.87999725341797,108.70999908447266,108.75,4002500
2017-12-21 00:00:00,87.84394836425781,108.81999969482422,108.87000274658203,108.7300033569336,108.76000213623047,2374500
2017-12-22 00:00:00,87.88426208496094,108.87000274658203,108.88999938964844,108.80999755859375,108.81999969482422,3292800
2017-12-26 00:00:00,87.9569320678711,108.95999908447266,109.01000213623047,108.87000274658203,108.91000366210938,1873400
2017-12-27 00:00:00,88.2314224243164,109.30000305175781,109.33000183105469,109.0199966430664,109.0199966430664,2046900
2017-12-28 00:00:00,88.16680908203125,109.22000122070312,109.26000213623047,109.13999938964844,109.22000122070312,2895400
2017-12-29 00:00:00,88.2556381225586,109.33000183105469,109.38999938964844,109.23999786376953,109.27999877929688,2813400
2018-01-02 00:00:00,88.12644958496094,109.16999816894531,109.30999755859375,108.97000122070312,109.26000213623047,8850900
2018-01-03 00:00:00,88.13453674316406,109.18000030517578,109.25,109.08999633789062,109.25,2441700
2018-01-04 00:00:00,88.07805633544922,109.11000061035156,109.1500015258789,108.97000122070312,109.0199966430664,2945400
2018-01-05 00:00:00,88.02153015136719,109.04000091552734,109.1500015258789,108.94999694824219,109.1500015258789,4322900
2018-01-08 00:00:00,87.99732208251953,109.01000213623047,109.11000061035156,108.94999694824219,109.11000061035156,3394500
2018-01-09 00:00:00,87.7551040649414,108.70999908447266,108.91000366210938,108.69000244140625,108.91000366210938,2301300
2018-01-10 00:00:00,87.7551040649414,108.70999908447266,108.72000122070312,108.43000030517578,108.4800033569336,4194300
2018-01-11 00:00:00,87.79548645019531,108.76000213623047,108.86000061035156,108.61000061035156,108.66000366210938,3470400
2018-01-12 00:00:00,87.77935028076172,108.73999786376953,108.83000183105469,108.62999725341797,108.63999938964844,3605900
2018-01-16 00:00:00,87.80354309082031,108.7699966430664,108.9800033569336,108.72000122070312,108.87000274658203,6794400
2018-01-17 00:00:00,87.70671081542969,108.6500015258789,108.83999633789062,108.62000274658203,108.7300033569336,3146300
2018-01-18 00:00:00,87.51294708251953,108.41000366210938,108.52999877929688,108.3499984741211,108.43000030517578,2896500
2018-01-19 00:00:00,87.32732391357422,108.18000030517578,108.4000015258789,108.13999938964844,108.4000015258789,2933800
2018-01-22 00:00:00,87.29499816894531,108.13999938964844,108.30000305175781,108.11000061035156,108.22000122070312,3983200
2018-01-23 00:00:00,87.5048599243164,108.4000015258789,108.44000244140625,108.29000091552734,108.33000183105469,4775600
2018-01-24 00:00:00,87.41608428955078,108.29000091552734,108.31999969482422,108.1500015258789,108.25,2362300
2018-01-25 00:00:00,87.64212036132812,108.56999969482422,108.56999969482422,108.19000244140625,108.26000213623047,9851600
2018-01-26 00:00:00,87.48065948486328,108.37000274658203,108.51000213623047,108.2699966430664,108.51000213623047,3808000
2018-01-29 00:00:00,87.32732391357422,108.18000030517578,108.25,108.0199966430664,108.13999938964844,3974900
2018-01-30 00:00:00,87.19004821777344,108.01000213623047,108.12000274658203,107.91999816894531,108.12000274658203,3659500
2018-01-31 00:00:00,87.2627182006836,108.0999984741211,108.20999908447266,107.87999725341797,108.19999694824219,8066500
2018-02-01 00:00:00,86.98926544189453,107.5199966430664,107.83000183105469,107.4800033569336,107.75,9678700
2018-02-02 00:00:00,86.73038482666016,107.19999694824219,107.3499984741211,107.0999984741211,107.25,4779300
2018-02-05 00:00:00,87.0782241821289,107.62999725341797,107.80999755859375,107.0,107.12999725341797,5991700
2018-02-06 00:00:00,86.82743835449219,107.31999969482422,107.55999755859375,107.27999877929688,107.45999908447266,6031400
2018-02-07 00:00:00,86.63327026367188,107.08000183105469,107.44000244140625,107.0,107.43000030517578,4115600
2018-02-08 00:00:00,86.48764038085938,106.9000015258789,107.13999938964844,106.7699966430664,106.83999633789062,4761600
2018-02-09 00:00:00,86.37439727783203,106.76000213623047,107.06999969482422,106.69999694824219,106.72000122070312,5926100
2018-02-12 00:00:00,86.39862060546875,106.79000091552734,106.94999694824219,106.66000366210938,106.73999786376953,5421400
2018-02-13 00:00:00,86.42292022705078,106.81999969482422,106.91000366210938,106.69999694824219,106.79000091552734,4256200
2018-02-14 00:00:00,86.13165283203125,106.45999908447266,106.66000366210938,106.4000015258789,106.56999969482422,4317000
2018-02-15 00:00:00,86.23680877685547,106.58999633789062,106.7300033569336,106.52999877929688,106.55999755859375,2878900
2018-02-16 00:00:00,86.40674591064453,106.80000305175781,106.87999725341797,106.70999908447266,106.8499984741211,3648900
2018-02-20 00:00:00,86.31777954101562,106.69000244140625,106.70999908447266,106.55000305175781,106.69000244140625,2907400
2018-02-21 00:00:00,86.04267883300781,106.3499984741211,106.80000305175781,106.26000213623047,106.7699966430664,3223800
2018-02-22 00:00:00,86.05075073242188,106.36000061035156,106.55999755859375,106.36000061035156,106.48999786376953,2485400
2018-02-23 00:00:00,86.2691879272461,106.62999725341797,106.76000213623047,106.56999969482422,106.61000061035156,2398100
2018-02-26 00:00:00,86.33392333984375,106.70999908447266,106.94999694824219,106.69000244140625,106.87999725341797,4617300
2018-02-27 00:00:00,86.1478500366211,106.4800033569336,106.81999969482422,106.37999725341797,106.77999877929688,5704700
2018-02-28 00:00:00,86.38248443603516,106.7699966430664,106.7699966430664,106.54000091552734,106.58999633789062,9614100
2018-03-01 00:00:00,86.4594955444336,106.62999725341797,106.72000122070312,106.37999725341797,106.54000091552734,7335500
2018-03-02 00:00:00,86.3216552734375,106.45999908447266,106.55000305175781,106.36000061035156,106.47000122070312,3717300
2018-03-05 00:00:00,86.27303314208984,106.4000015258789,106.6500015258789,106.27999877929688,106.5999984741211,3307200
2018-03-06 00:00:00,86.28921508789062,106.41999816894531,106.55999755859375,106.37999725341797,106.44999694824219,1932100
2018-03-07 00:00:00,86.27303314208984,106.4000015258789,106.55000305175781,106.37000274658203,106.51000213623047,3448700
2018-03-08 00:00:00,86.41082000732422,106.56999969482422,106.62999725341797,106.41999816894531,106.41999816894531,2396200
2018-03-09 00:00:00,86.24872589111328,106.37000274658203,106.45999908447266,106.30000305175781,106.43000030517578,3669400
2018-03-12 00:00:00,86.29730987548828,106.43000030517578,106.48999786376953,106.37000274658203,106.43000030517578,4149500
2018-03-13 00:00:00,86.41082000732422,106.56999969482422,106.5999984741211,106.44999694824219,106.58999633789062,2727500
2018-03-14 00:00:00,86.55679321289062,106.75,106.8499984741211,106.5199966430664,106.54000091552734,3126400
2018-03-15 00:00:00,86.56495666503906,106.76000213623047,106.80999755859375,106.63999938964844,106.7300033569336,3045500
2018-03-16 00:00:00,86.5162353515625,106.69999694824219,106.72000122070312,106.5999984741211,106.62000274658203,2552700
2018-03-19 00:00:00,86.42701721191406,106.58999633789062,106.73999786376953,106.52999877929688,106.55999755859375,2263200
2018-03-20 00:00:00,86.28921508789062,106.41999816894531,106.51000213623047,106.4000015258789,106.44000244140625,3000700
2018-03-21 00:00:00,86.28113555908203,106.41000366210938,106.4800033569336,106.08000183105469,106.31999969482422,2994400
2018-03-22 00:00:00,86.44324493408203,106.61000061035156,106.80000305175781,106.48999786376953,106.66999816894531,3334400
2018-03-23 00:00:00,86.44324493408203,106.61000061035156,106.69999694824219,106.45999908447266,106.45999908447266,3618700
2018-03-26 00:00:00,86.41082000732422,106.56999969482422,106.70999908447266,106.47000122070312,106.63999938964844,4546500
2018-03-27 00:00:00,86.66217803955078,106.87999725341797,106.94999694824219,106.61000061035156,106.62999725341797,4537700
2018-03-28 00:00:00,86.71088409423828,106.94000244140625,107.0999984741211,106.87999725341797,107.05000305175781,5617200
2018-03-29 00:00:00,86.96221160888672,107.25,107.26000213623047,106.94999694824219,106.94999694824219,8300000
2018-04-02 00:00:00,86.875244140625,106.9000015258789,107.04000091552734,106.81999969482422,106.9000015258789,7280300
2018-04-03 00:00:00,86.7777328491211,106.77999877929688,106.87000274658203,106.73999786376953,106.81999969482422,9916100
2018-04-04 00:00:00,86.81025695800781,106.81999969482422,106.93000030517578,106.79000091552734,106.9000015258789,6200900
2018-04-05 00:00:00,86.6883544921875,106.66999816894531,106.76000213623047,106.62999725341797,106.70999908447266,2592500
2018-04-06 00:00:00,86.88339233398438,106.91000366210938,106.9800033569336,106.79000091552734,106.88999938964844,2814800
2018-04-09 00:00:00,86.95652770996094,107.0,107.0,106.77999877929688,106.83000183105469,3746500
2018-04-10 00:00:00,86.8915023803711,106.91999816894531,106.98999786376953,106.83000183105469,106.94999694824219,2941900
2018-04-11 00:00:00,86.96463775634766,107.01000213623047,107.05999755859375,106.93000030517578,107.05000305175781,8598800
2018-04-12 00:00:00,86.76962280273438,106.7699966430664,106.93000030517578,106.76000213623047,106.91000366210938,3899000
2018-04-13 00:00:00,86.79401397705078,106.80000305175781,106.83999633789062,106.66999816894531,106.69000244140625,2764800
2018-04-16 00:00:00,86.81025695800781,106.81999969482422,106.83999633789062,106.61000061035156,106.63999938964844,3860800
2018-04-17 00:00:00,86.8345947265625,106.8499984741211,106.88999938964844,106.75,106.80999755859375,2363000
2018-04-18 00:00:00,86.59083557128906,106.55000305175781,106.75,106.54000091552734,106.73999786376953,2231700
2018-04-19 00:00:00,86.37952423095703,106.29000091552734,106.38999938964844,106.23999786376953,106.33999633789062,10985100
2018-04-20 00:00:00,86.14382934570312,106.0,106.23999786376953,106.0,106.1500015258789,2766000
2018-04-23 00:00:00,86.10317993164062,105.94999694824219,106.01000213623047,105.9000015258789,105.9800033569336,2620800
2018-04-24 00:00:00,85.98945617675781,105.80999755859375,105.91999816894531,105.77999877929688,105.8499984741211,3442300
2018-04-25 00:00:00,85.87567138671875,105.66999816894531,105.73999786376953,105.5999984741211,105.72000122070312,3785000
2018-04-26 00:00:00,86.02196502685547,105.8499984741211,105.9000015258789,105.76000213623047,105.83000183105469,4870300
2018-04-27 00:00:00,86.12760925292969,105.9800033569336,106.04000091552734,105.94000244140625,105.95999908447266,3806400
2018-04-30 00:00:00,86.14382934570312,106.0,106.12000274658203,105.98999786376953,106.01000213623047,4692600
2018-05-01 00:00:00,86.0705795288086,105.66999816894531,105.79000091552734,105.5999984741211,105.7300033569336,3027000
2018-05-02 00:00:00,86.0705795288086,105.66999816894531,105.77999877929688,105.62000274658203,105.69999694824219,2560800
2018-05-03 00:00:00,86.16827392578125,105.79000091552734,105.94999694824219,105.77999877929688,105.81999969482422,4499200
2018-05-04 00:00:00,86.22528839111328,105.86000061035156,105.93000030517578,105.70999908447266,105.91999816894531,2317100
2018-05-07 00:00:00,86.1845703125,105.80999755859375,105.87999725341797,105.7699966430664,105.87999725341797,1533400
2018-05-08 00:00:00,86.08683013916016,105.69000244140625,105.75,105.5999984741211,105.66000366210938,2591700
2018-05-09 00:00:00,85.98912048339844,105.56999969482422,105.63999938964844,105.5199966430664,105.55999755859375,2507500
2018-05-10 00:00:00,86.1845703125,105.80999755859375,105.81999969482422,105.69000244140625,105.75,2096700
2018-05-11 00:00:00,86.22528839111328,105.86000061035156,105.9000015258789,105.76000213623047,105.9000015258789,2034100
2018-05-14 00:00:00,86.14382934570312,105.76000213623047,105.8499984741211,105.73999786376953,105.79000091552734,2183500
2018-05-15 00:00:00,85.76101684570312,105.29000091552734,105.48999786376953,105.19000244140625,105.48999786376953,2166400
2018-05-16 00:00:00,85.66327667236328,105.16999816894531,105.41999816894531,105.1500015258789,105.36000061035156,2477500
2018-05-17 00:00:00,85.54927062988281,105.02999877929688,105.20999908447266,105.0,105.19000244140625,2789000
2018-05-18 00:00:00,85.76914978027344,105.30000305175781,105.31999969482422,105.16000366210938,105.16000366210938,2151100
2018-05-21 00:00:00,85.77734375,105.30999755859375,105.37000274658203,105.23999786376953,105.27999877929688,1952200
2018-05-22 00:00:00,85.77734375,105.30999755859375,105.37000274658203,105.27999877929688,105.31999969482422,2246400
2018-05-23 00:00:00,86.01351165771484,105.5999984741211,105.6500015258789,105.4800033569336,105.5,6061900
2018-05-24 00:00:00,86.2497329711914,105.88999938964844,105.95999908447266,105.81999969482422,105.81999969482422,2903300
2018-05-25 00:00:00,86.43704986572266,106.12000274658203,106.18000030517578,106.02999877929688,106.0999984741211,2508100
2018-05-29 00:00:00,87.00724792480469,106.81999969482422,107.0,106.31999969482422,106.37000274658203,3494200
2018-05-30 00:00:00,86.78732299804688,106.55000305175781,106.66999816894531,106.4000015258789,106.54000091552734,3158200
2018-05-31 00:00:00,86.71401977539062,106.45999908447266,106.66999816894531,106.38999938964844,106.5199966430664,5157400
2018-06-01 00:00:00,86.60706329345703,106.08000183105469,106.12999725341797,105.91000366210938,105.94999694824219,6206800
2018-06-04 00:00:00,86.4029541015625,105.83000183105469,106.01000213623047,105.79000091552734,106.0,4288100
2018-06-05 00:00:00,86.46826934814453,105.91000366210938,106.04000091552734,105.8499984741211,105.98999786376953,1848300
2018-06-06 00:00:00,86.27233123779297,105.66999816894531,105.75,105.58000183105469,105.70999908447266,2705800
2018-06-07 00:00:00,86.46011352539062,105.9000015258789,106.12000274658203,105.62000274658203,105.63999938964844,2724800
2018-06-08 00:00:00,86.33766174316406,105.75,105.9000015258789,105.73999786376953,105.75,3416800
2018-06-11 00:00:00,86.24784088134766,105.63999938964844,105.73999786376953,105.56999969482422,105.6500015258789,4330800
2018-06-12 00:00:00,86.27233123779297,105.66999816894531,105.69000244140625,105.55999755859375,105.55999755859375,3546500
2018-06-13 00:00:00,86.19071960449219,105.56999969482422,105.75,105.37999725341797,105.68000030517578,3627200
2018-06-14 00:00:00,86.41108703613281,105.83999633789062,105.86000061035156,105.69000244140625,105.75,4689600
2018-06-15 00:00:00,86.44374084472656,105.87999725341797,106.08999633789062,105.86000061035156,106.01000213623047,2361800
2018-06-18 00:00:00,86.46011352539062,105.9000015258789,105.93000030517578,105.80000305175781,105.93000030517578,2359300
2018-06-19 00:00:00,86.54991149902344,106.01000213623047,106.11000061035156,105.9800033569336,106.05000305175781,2184200
2018-06-20 00:00:00,86.38660430908203,105.80999755859375,106.05999755859375,105.79000091552734,106.05999755859375,2403700
2018-06-21 00:00:00,86.41108703613281,105.83999633789062,105.95999908447266,105.80999755859375,105.87999725341797,2895500
2018-06-22 00:00:00,86.49275207519531,105.94000244140625,105.94000244140625,105.80000305175781,105.81999969482422,1846000
2018-06-25 00:00:00,86.44374084472656,105.87999725341797,106.04000091552734,105.86000061035156,105.94999694824219,5522900
2018-06-26 00:00:00,86.5825424194336,106.05000305175781,106.05000305175781,105.94000244140625,105.98999786376953,2665200
2018-06-27 00:00:00,86.7376708984375,106.23999786376953,106.30999755859375,106.16000366210938,106.2300033569336,3001300
2018-06-28 00:00:00,86.72953033447266,106.2300033569336,106.29000091552734,106.16000366210938,106.27999877929688,1798900
2018-06-29 00:00:00,86.8030014038086,106.31999969482422,106.41999816894531,106.25,106.30000305175781,7117300
2018-07-02 00:00:00,86.7203598022461,105.98999786376953,106.12999725341797,105.98999786376953,106.0999984741211,7159900
2018-07-03 00:00:00,86.90037536621094,106.20999908447266,106.20999908447266,106.02999877929688,106.02999877929688,2425100
2018-07-05 00:00:00,86.98222351074219,106.30999755859375,106.33999633789062,106.20999908447266,106.22000122070312,2739900
2018-07-06 00:00:00,87.07218170166016,106.41999816894531,106.44999694824219,106.31999969482422,106.41000366210938,2598700
2018-07-09 00:00:00,86.99034118652344,106.31999969482422,106.33999633789062,106.25,106.29000091552734,1926000
2018-07-10 00:00:00,86.92487335205078,106.23999786376953,106.30000305175781,106.19000244140625,106.27999877929688,2489700
2018-07-11 00:00:00,86.95764923095703,106.27999877929688,106.3499984741211,106.22000122070312,106.33000183105469,5385000
2018-07-12 00:00:00,87.06399536132812,106.41000366210938,106.41999816894531,106.26000213623047,106.26000213623047,2145800
2018-07-13 00:00:00,87.14582824707031,106.51000213623047,106.5199966430664,106.44000244140625,106.44000244140625,2126900
2018-07-16 00:00:00,87.0476303100586,106.38999938964844,106.4000015258789,106.23999786376953,106.3499984741211,2116500
2018-07-17 00:00:00,87.01494598388672,106.3499984741211,106.44999694824219,106.29000091552734,106.4000015258789,2964100
2018-07-18 00:00:00,86.99034118652344,106.31999969482422,106.38999938964844,106.2699966430664,106.36000061035156,1760900
2018-07-19 00:00:00,87.12122344970703,106.4800033569336,106.55000305175781,106.30999755859375,106.33999633789062,2163200
2018-07-20 00:00:00,86.94947052001953,106.2699966430664,106.44000244140625,106.19999694824219,106.37999725341797,2920200
2018-07-23 00:00:00,86.64675903320312,105.9000015258789,106.19000244140625,105.88999938964844,106.16999816894531,1848500
2018-07-24 00:00:00,86.76945495605469,106.05000305175781,106.06999969482422,105.9000015258789,105.91999816894531,3590200
2018-07-25 00:00:00,86.77764129638672,106.05999755859375,106.16999816894531,105.94999694824219,106.12000274658203,3318300
2018-07-26 00:00:00,86.72856140136719,106.0,106.1500015258789,105.94999694824219,106.0999984741211,2245000
2018-07-27 00:00:00,86.79401397705078,106.08000183105469,106.16000366210938,106.04000091552734,106.12999725341797,2637400
2018-07-30 00:00:00,86.70401763916016,105.97000122070312,106.05000305175781,105.91000366210938,105.94000244140625,5518200
2018-07-31 00:00:00,86.77764129638672,106.05999755859375,106.18000030517578,106.05000305175781,106.11000061035156,5928100
2018-08-01 00:00:00,86.688232421875,105.69999694824219,105.76000213623047,105.51000213623047,105.55000305175781,4534100
2018-08-02 00:00:00,86.72105407714844,105.73999786376953,105.76000213623047,105.6500015258789,105.76000213623047,3671900
2018-08-03 00:00:00,86.90967559814453,105.97000122070312,105.9800033569336,105.80999755859375,105.80999755859375,2542900
2018-08-06 00:00:00,86.96708679199219,106.04000091552734,106.11000061035156,106.0,106.02999877929688,4120000
2018-08-07 00:00:00,86.811279296875,105.8499984741211,105.97000122070312,105.83000183105469,105.97000122070312,2532800
2018-08-08 00:00:00,86.811279296875,105.8499984741211,105.91000366210938,105.80000305175781,105.83000183105469,1937500
2018-08-09 00:00:00,86.93428802490234,106.0,106.04000091552734,105.93000030517578,105.97000122070312,2386400
2018-08-10 00:00:00,87.1229476928711,106.2300033569336,106.36000061035156,106.11000061035156,106.11000061035156,4136300
2018-08-13 00:00:00,87.1720962524414,106.29000091552734,106.30000305175781,106.1500015258789,106.16000366210938,2786300
2018-08-14 00:00:00,87.09011840820312,106.19000244140625,106.33000183105469,106.16000366210938,106.30000305175781,6087400
2018-08-15 00:00:00,87.21311950683594,106.33999633789062,106.44000244140625,106.25,106.29000091552734,4652700
2018-08-16 00:00:00,87.26237487792969,106.4000015258789,106.41999816894531,106.23999786376953,106.37999725341797,2658200
2018-08-17 00:00:00,87.31156921386719,106.45999908447266,106.55000305175781,106.37999725341797,106.43000030517578,2071100
2018-08-20 00:00:00,87.4837646484375,106.66999816894531,106.68000030517578,106.52999877929688,106.58999633789062,2355500
2018-08-21 00:00:00,87.40994262695312,106.58000183105469,106.62000274658203,106.51000213623047,106.58000183105469,2835000
2018-08-22 00:00:00,87.4837646484375,106.66999816894531,106.70999908447266,106.56999969482422,106.66000366210938,2190000
2018-08-23 00:00:00,87.43457794189453,106.61000061035156,106.70999908447266,106.61000061035156,106.66999816894531,1568600
2018-08-24 00:00:00,87.53298950195312,106.7300033569336,106.7300033569336,106.48999786376953,106.5,3649700
2018-08-27 00:00:00,87.41816711425781,106.58999633789062,106.66000366210938,106.55999755859375,106.58999633789062,3233500
2018-08-28 00:00:00,87.254150390625,106.38999938964844,106.48999786376953,106.36000061035156,106.44999694824219,2558100
2018-08-29 00:00:00,87.2377700805664,106.37000274658203,106.41000366210938,106.29000091552734,106.37999725341797,2792400
2018-08-30 00:00:00,87.27873229980469,106.41999816894531,106.5,106.37999725341797,106.47000122070312,2803200
2018-08-31 00:00:00,87.27052307128906,106.41000366210938,106.5999984741211,106.41000366210938,106.58000183105469,3308700
2018-09-04 00:00:00,87.17353820800781,106.05999755859375,106.12000274658203,105.9800033569336,106.0199966430664,3164000
2018-09-05 00:00:00,87.1324462890625,106.01000213623047,106.08000183105469,105.95999908447266,106.05000305175781,2788300
2018-09-06 00:00:00,87.2803955078125,106.19000244140625,106.2699966430664,106.08999633789062,106.08999633789062,2248500
2018-09-07 00:00:00,86.96808624267578,105.80999755859375,105.94000244140625,105.80999755859375,105.91999816894531,2571600
2018-09-10 00:00:00,87.05023956298828,105.91000366210938,105.94999694824219,105.8499984741211,105.8499984741211,3305700
2018-09-11 00:00:00,86.90229034423828,105.7300033569336,105.83999633789062,105.69999694824219,105.77999877929688,4919000
2018-09-12 00:00:00,86.95983123779297,105.80000305175781,105.88999938964844,105.80000305175781,105.80999755859375,4168900
2018-09-13 00:00:00,87.01739501953125,105.87000274658203,106.0,105.8499984741211,105.95999908447266,2280200
2018-09-14 00:00:00,86.85297393798828,105.66999816894531,105.79000091552734,105.66000366210938,105.72000122070312,2693000
2018-09-17 00:00:00,86.85297393798828,105.66999816894531,105.77999877929688,105.5999984741211,105.6500015258789,5721700
2018-09-18 00:00:00,86.66397094726562,105.44000244140625,105.5999984741211,105.38999938964844,105.58999633789062,2206000
2018-09-19 00:00:00,86.49958038330078,105.23999786376953,105.43000030517578,105.22000122070312,105.41999816894531,2700600
2018-09-20 00:00:00,86.61463165283203,105.37999725341797,105.44999694824219,105.2300033569336,105.2300033569336,2897700
2018-09-21 00:00:00,86.68036651611328,105.45999908447266,105.47000122070312,105.31999969482422,105.33999633789062,2792600
2018-09-24 00:00:00,86.59819793701172,105.36000061035156,105.45999908447266,105.30999755859375,105.33000183105469,1895000
2018-09-25 00:00:00,86.55712890625,105.30999755859375,105.30999755859375,105.18000030517578,105.25,2059400
2018-09-26 00:00:00,86.76255798339844,105.55999755859375,105.5999984741211,105.33999633789062,105.37000274658203,2912100
2018-09-27 00:00:00,86.8200912475586,105.62999725341797,105.63999938964844,105.5,105.5,2528100
2018-09-28 00:00:00,86.72970581054688,105.5199966430664,105.70999908447266,105.51000213623047,105.69000244140625,4883900
2018-10-01 00:00:00,86.70663452148438,105.23999786376953,105.3499984741211,105.19999694824219,105.3499984741211,3518400
2018-10-02 00:00:00,86.80553436279297,105.36000061035156,105.45999908447266,105.25,105.31999969482422,6912600
2018-10-03 00:00:00,86.39358520507812,104.86000061035156,105.23999786376953,104.75,105.22000122070312,2540500
2018-10-04 00:00:00,86.1463851928711,104.55999755859375,104.72000122070312,104.47000122070312,104.6500015258789,5268200
2018-10-05 00:00:00,85.9569091796875,104.33000183105469,104.4800033569336,104.19000244140625,104.45999908447266,3460500
2018-10-08 00:00:00,85.9239501953125,104.29000091552734,104.4000015258789,104.29000091552734,104.37999725341797,2268000
2018-10-09 00:00:00,86.04753112792969,104.44000244140625,104.51000213623047,104.31999969482422,104.38999938964844,21903200
2018-10-10 00:00:00,86.02281188964844,104.41000366210938,104.45999908447266,104.2300033569336,104.33999633789062,3834800
2018-10-11 00:00:00,86.27824401855469,104.72000122070312,104.86000061035156,104.51000213623047,104.58999633789062,7053900
2018-10-12 00:00:00,86.30294036865234,104.75,104.87000274658203,104.68000030517578,104.70999908447266,5017400
2018-10-15 00:00:00,86.2452163696289,104.68000030517578,104.77999877929688,104.62000274658203,104.7300033569336,3047700
2018-10-16 00:00:00,86.29470825195312,104.73999786376953,104.73999786376953,104.58000183105469,104.69000244140625,5750100
2018-10-17 00:00:00,86.1216812133789,104.52999877929688,104.7699966430664,104.5199966430664,104.70999908447266,2844200
2018-10-18 00:00:00,86.06400299072266,104.45999908447266,104.62000274658203,104.37999725341797,104.38999938964844,3158200
2018-10-19 00:00:00,85.98986053466797,104.37000274658203,104.55000305175781,104.33999633789062,104.47000122070312,2985800
2018-10-22 00:00:00,85.97337341308594,104.3499984741211,104.5199966430664,104.33999633789062,104.47000122070312,2807300
2018-10-23 00:00:00,86.08045196533203,104.4800033569336,104.73999786376953,104.4800033569336,104.66999816894531,3524300
2018-10-24 00:00:00,86.30294036865234,104.75,104.80999755859375,104.66999816894531,104.69000244140625,4465100
2018-10-25 00:00:00,86.22877502441406,104.66000366210938,104.7699966430664,104.61000061035156,104.70999908447266,8290200
2018-10-26 00:00:00,86.42652130126953,104.9000015258789,105.05000305175781,104.87000274658203,104.87999725341797,5811400
2018-10-29 00:00:00,86.33588409423828,104.79000091552734,104.88999938964844,104.72000122070312,104.86000061035156,5075100
2018-10-30 00:00:00,86.2122802734375,104.63999938964844,104.77999877929688,104.63999938964844,104.68000030517578,2552000
2018-10-31 00:00:00,86.17110443115234,104.58999633789062,104.69999694824219,104.5,104.5,14880500
2018-11-01 00:00:00,86.38886260986328,104.33999633789062,104.41000366210938,104.20999908447266,104.22000122070312,7919000
2018-11-02 00:00:00,86.13223266601562,104.02999877929688,104.29000091552734,103.94000244140625,104.25,4491500
2018-11-05 00:00:00,86.19013214111328,104.0999984741211,104.16999816894531,104.06999969482422,104.13999938964844,3412600
2018-11-06 00:00:00,86.1983871459961,104.11000061035156,104.16999816894531,104.05999755859375,104.08999633789062,2619900
2018-11-07 00:00:00,86.27294921875,104.19999694824219,104.36000061035156,104.13999938964844,104.25,4677200
2018-11-08 00:00:00,86.11565399169922,104.01000213623047,104.22000122070312,104.0,104.19000244140625,3489200
2018-11-09 00:00:00,86.22328186035156,104.13999938964844,104.25,104.06999969482422,104.06999969482422,2901900
2018-11-12 00:00:00,86.36400604248047,104.30999755859375,104.3499984741211,104.25,104.30999755859375,2779700
2018-11-13 00:00:00,86.39716339111328,104.3499984741211,104.37000274658203,104.20999908447266,104.30000305175781,2977100
2018-11-14 00:00:00,86.40544891357422,104.36000061035156,104.5,104.19999694824219,104.22000122070312,3395900
2018-11-15 00:00:00,86.51306915283203,104.48999786376953,104.51000213623047,104.30999755859375,104.4800033569336,3861300
2018-11-16 00:00:00,86.65381622314453,104.66000366210938,104.70999908447266,104.51000213623047,104.55000305175781,3332600
2018-11-19 00:00:00,86.64552307128906,104.6500015258789,104.7300033569336,104.61000061035156,104.61000061035156,4673200
2018-11-20 00:00:00,86.61241149902344,104.61000061035156,104.72000122070312,104.61000061035156,104.66999816894531,3162700
2018-11-21 00:00:00,86.67037200927734,104.68000030517578,104.69000244140625,104.58000183105469,104.5999984741211,5701700
2018-11-23 00:00:00,86.64552307128906,104.6500015258789,104.83999633789062,104.6500015258789,104.83999633789062,1665900
2018-11-26 00:00:00,86.62897491455078,104.62999725341797,104.66999816894531,104.58999633789062,104.66999816894531,4326100
2018-11-27 00:00:00,86.65381622314453,104.66000366210938,104.73999786376953,104.58000183105469,104.58000183105469,4107700
2018-11-28 00:00:00,86.81941223144531,104.86000061035156,104.91000366210938,104.56999969482422,104.62999725341797,8513900
2018-11-29 00:00:00,86.8608169555664,104.91000366210938,104.98999786376953,104.83999633789062,104.91999816894531,5922600
2018-11-30 00:00:00,86.83598327636719,104.87999725341797,104.95999908447266,104.81999969482422,104.93000030517578,6126200
2018-12-03 00:00:00,86.97787475585938,104.80000305175781,104.86000061035156,104.62999725341797,104.69000244140625,14037900
2018-12-04 00:00:00,87.21026611328125,105.08000183105469,105.27999877929688,104.94000244140625,104.9800033569336,5365200
2018-12-06 00:00:00,87.42601776123047,105.33999633789062,105.54000091552734,105.27999877929688,105.29000091552734,7396800
2018-12-07 00:00:00,87.54218292236328,105.4800033569336,105.55000305175781,105.27999877929688,105.38999938964844,5440200
2018-12-10 00:00:00,87.60034942626953,105.55000305175781,105.62999725341797,105.43000030517578,105.55000305175781,6096000
2018-12-11 00:00:00,87.62521362304688,105.58000183105469,105.72000122070312,105.51000213623047,105.62999725341797,8086200
2018-12-12 00:00:00,87.55883026123047,105.5,105.56999969482422,105.45999908447266,105.4800033569336,8089000
2018-12-13 00:00:00,87.58374786376953,105.52999877929688,105.6500015258789,105.52999877929688,105.58999633789062,5762500
2018-12-14 00:00:00,87.60861206054688,105.55999755859375,105.68000030517578,105.55999755859375,105.68000030517578,6265000
2018-12-17 00:00:00,87.75801849365234,105.73999786376953,105.77999877929688,105.61000061035156,105.66000366210938,7630500
2018-12-18 00:00:00,88.01578521728516,105.83999633789062,105.83999633789062,105.62999725341797,105.62999725341797,6626100
2018-12-19 00:00:00,88.09896850585938,105.94000244140625,106.16999816894531,105.79000091552734,105.87999725341797,7264800
2018-12-20 00:00:00,88.01578521728516,105.83999633789062,106.12000274658203,105.80999755859375,106.0999984741211,7695000
2018-12-21 00:00:00,87.9742202758789,105.79000091552734,105.95999908447266,105.76000213623047,105.94000244140625,10381200
2018-12-24 00:00:00,88.032470703125,105.86000061035156,106.0,105.80999755859375,105.94999694824219,7196100
2018-12-26 00:00:00,87.86614227294922,105.66000366210938,106.0,105.62999725341797,105.91999816894531,8606900
2018-12-27 00:00:00,88.00749969482422,105.83000183105469,106.05999755859375,105.7699966430664,105.94999694824219,10562200
2018-12-28 00:00:00,88.33182525634766,106.22000122070312,106.22000122070312,105.94000244140625,105.97000122070312,7019600
2018-12-31 00:00:00,88.55635070800781,106.48999786376953,106.51000213623047,106.11000061035156,106.12000274658203,9671800
2019-01-02 00:00:00,88.6229019165039,106.56999969482422,106.61000061035156,106.47000122070312,106.55000305175781,11200700
2019-01-03 00:00:00,88.98876190185547,107.01000213623047,107.08000183105469,106.56999969482422,106.56999969482422,6497000
2019-01-04 00:00:00,88.72270965576172,106.69000244140625,106.72000122070312,106.55000305175781,106.66000366210938,8149000
2019-01-07 00:00:00,88.5729751586914,106.51000213623047,106.79000091552734,106.45999908447266,106.72000122070312,7433700
2019-01-08 00:00:00,88.50646209716797,106.43000030517578,106.52999877929688,106.37999725341797,106.4000015258789,4395600
2019-01-09 00:00:00,88.581298828125,106.5199966430664,106.56999969482422,106.4000015258789,106.41999816894531,5458100
2019-01-10 00:00:00,88.48151397705078,106.4000015258789,106.55999755859375,106.33000183105469,106.5199966430664,3532500
2019-01-11 00:00:00,88.60625457763672,106.55000305175781,106.66000366210938,106.5,106.58000183105469,5759000
2019-01-14 00:00:00,88.48151397705078,106.4000015258789,106.61000061035156,106.4000015258789,106.56999969482422,7544300
2019-01-15 00:00:00,88.49813842773438,106.41999816894531,106.55000305175781,106.33000183105469,106.54000091552734,3690200
2019-01-16 00:00:00,88.5729751586914,106.51000213623047,106.5199966430664,106.30999755859375,106.33000183105469,4007800
2019-01-17 00:00:00,88.50646209716797,106.43000030517578,106.52999877929688,106.33999633789062,106.52999877929688,5547000
2019-01-18 00:00:00,88.43993377685547,106.3499984741211,106.4800033569336,106.27999877929688,106.37000274658203,5643400
2019-01-22 00:00:00,88.51477813720703,106.44000244140625,106.62000274658203,106.44000244140625,106.44000244140625,6824000
2019-01-23 00:00:00,88.60625457763672,106.55000305175781,106.58999633789062,106.37000274658203,106.37999725341797,3222800
2019-01-24 00:00:00,88.75592803955078,106.7300033569336,106.83999633789062,106.66999816894531,106.72000122070312,7308900
2019-01-25 00:00:00,88.71434783935547,106.68000030517578,106.69999694824219,106.55999755859375,106.63999938964844,3469500
2019-01-28 00:00:00,88.66447448730469,106.62000274658203,106.75,106.58000183105469,106.62000274658203,7365700
2019-01-29 00:00:00,88.89728546142578,106.9000015258789,106.93000030517578,106.69000244140625,106.7300033569336,6158600
2019-01-30 00:00:00,89.09688568115234,107.13999938964844,107.1500015258789,106.79000091552734,106.79000091552734,6350400
2019-01-31 00:00:00,89.36300659179688,107.45999908447266,107.52999877929688,107.29000091552734,107.30000305175781,14766500
2019-02-01 00:00:00,89.17793273925781,106.97000122070312,107.1500015258789,106.87999725341797,107.08999633789062,7227900
2019-02-04 00:00:00,89.10289001464844,106.87999725341797,106.9000015258789,106.7699966430664,106.83000183105469,14227700
2019-02-05 00:00:00,89.29463958740234,107.11000061035156,107.13999938964844,106.94999694824219,106.94999694824219,8913500
2019-02-06 00:00:00,89.24461364746094,107.05000305175781,107.22000122070312,106.98999786376953,107.19999694824219,6449600
2019-02-07 00:00:00,89.28636169433594,107.0999984741211,107.19999694824219,107.02999877929688,107.1500015258789,3938900
2019-02-08 00:00:00,89.48638916015625,107.33999633789062,107.37999725341797,107.16999816894531,107.16999816894531,4288600
2019-02-11 00:00:00,89.39470672607422,107.2300033569336,107.27999877929688,107.1500015258789,107.2300033569336,3521000
2019-02-12 00:00:00,89.41134643554688,107.25,107.26000213623047,107.12000274658203,107.22000122070312,3136700
2019-02-13 00:00:00,89.25292205810547,107.05999755859375,107.13999938964844,107.01000213623047,107.08000183105469,2526100
2019-02-14 00:00:00,89.38634490966797,107.22000122070312,107.3499984741211,107.16999816894531,107.33000183105469,2908500
2019-02-15 00:00:00,89.45301818847656,107.30000305175781,107.30999755859375,107.19000244140625,107.25,2413900
2019-02-19 00:00:00,89.50302124023438,107.36000061035156,107.44999694824219,107.27999877929688,107.43000030517578,6235500
2019-02-20 00:00:00,89.51142120361328,107.37000274658203,107.38999938964844,107.27999877929688,107.37000274658203,3231100
2019-02-21 00:00:00,89.3113021850586,107.12999725341797,107.18000030517578,107.0999984741211,107.16000366210938,3677000
2019-02-22 00:00:00,89.53641510009766,107.4000015258789,107.5199966430664,107.22000122070312,107.25,2731500
2019-02-25 00:00:00,89.51142120361328,107.37000274658203,107.4000015258789,107.30000305175781,107.3499984741211,3645400
2019-02-26 00:00:00,89.61143493652344,107.48999786376953,107.56999969482422,107.43000030517578,107.52999877929688,4759400
2019-02-27 00:00:00,89.41972351074219,107.26000213623047,107.4000015258789,107.20999908447266,107.4000015258789,2988300
2019-02-28 00:00:00,89.26129150390625,107.06999969482422,107.29000091552734,107.02999877929688,107.26000213623047,11872100
2019-03-01 00:00:00,89.1166763305664,106.62999725341797,106.83999633789062,106.61000061035156,106.7699966430664,5527000
2019-03-04 00:00:00,89.2253646850586,106.76000213623047,106.83999633789062,106.69000244140625,106.73999786376953,3837200
2019-03-05 00:00:00,89.28386688232422,106.83000183105469,106.83999633789062,106.66999816894531,106.7300033569336,5835800
2019-03-06 00:00:00,89.4175796508789,106.98999786376953,107.06999969482422,106.8499984741211,106.87999725341797,4834000
2019-03-07 00:00:00,89.66830444335938,107.29000091552734,107.3499984741211,107.12000274658203,107.16000366210938,6089100
2019-03-08 00:00:00,89.78531646728516,107.43000030517578,107.47000122070312,107.23999786376953,107.30999755859375,4943100
2019-03-11 00:00:00,89.79367065429688,107.44000244140625,107.47000122070312,107.3499984741211,107.44000244140625,5638300
2019-03-12 00:00:00,89.96080017089844,107.63999938964844,107.66999816894531,107.43000030517578,107.5,5243400
2019-03-13 00:00:00,89.91905975341797,107.58999633789062,107.61000061035156,107.51000213623047,107.55999755859375,2608800
2019-03-14 00:00:00,89.78531646728516,107.43000030517578,107.58000183105469,107.38999938964844,107.56999969482422,2955400
2019-03-15 00:00:00,90.01095581054688,107.69999694824219,107.73999786376953,107.56999969482422,107.6500015258789,2756900
2019-03-18 00:00:00,89.99427795410156,107.68000030517578,107.69999694824219,107.62999725341797,107.66999816894531,2295500
2019-03-19 00:00:00,89.94410705566406,107.62000274658203,107.70999908447266,107.52999877929688,107.58000183105469,2928300
2019-03-20 00:00:00,90.31182098388672,108.05999755859375,108.08999633789062,107.66999816894531,107.70999908447266,4236200
2019-03-21 00:00:00,90.32853698730469,108.08000183105469,108.18000030517578,108.05000305175781,108.12999725341797,4192700
2019-03-22 00:00:00,90.77986907958984,108.62000274658203,108.76000213623047,108.37000274658203,108.45999908447266,2464100
2019-03-25 00:00:00,90.9470443725586,108.81999969482422,108.98999786376953,108.5999984741211,108.62999725341797,4971300
2019-03-26 00:00:00,90.96373748779297,108.83999633789062,108.93000030517578,108.70999908447266,108.76000213623047,3120500
2019-03-27 00:00:00,91.15599060058594,109.06999969482422,109.18000030517578,108.98999786376953,109.0,3719600
2019-03-28 00:00:00,91.164306640625,109.08000183105469,109.13999938964844,108.95999908447266,109.05999755859375,6071000
2019-03-29 00:00:00,91.15599060058594,109.06999969482422,109.06999969482422,108.83000183105469,108.8499984741211,5988300
2019-04-01 00:00:00,90.7387466430664,108.30999755859375,108.62000274658203,108.27999877929688,108.62000274658203,11261700
2019-04-02 00:00:00,90.83928680419922,108.43000030517578,108.45999908447266,108.31999969482422,108.38999938964844,8080100
2019-04-03 00:00:00,90.67172241210938,108.2300033569336,108.31999969482422,108.19000244140625,108.23999786376953,3731100
2019-04-04 00:00:00,90.7387466430664,108.30999755859375,108.31999969482422,108.19999694824219,108.25,3676900
2019-04-05 00:00:00,90.80580139160156,108.38999938964844,108.41000366210938,108.2300033569336,108.2699966430664,2236600
2019-04-08 00:00:00,90.76385498046875,108.33999633789062,108.4000015258789,108.30000305175781,108.38999938964844,9485300
2019-04-09 00:00:00,90.8141098022461,108.4000015258789,108.5199966430664,108.38999938964844,108.47000122070312,3753800
2019-04-10 00:00:00,90.99005126953125,108.61000061035156,108.63999938964844,108.5,108.55000305175781,4682000
2019-04-11 00:00:00,90.88114166259766,108.4800033569336,108.52999877929688,108.41999816894531,108.52999877929688,2827700
2019-04-12 00:00:00,90.70523834228516,108.2699966430664,108.3499984741211,108.22000122070312,108.26000213623047,2390600
2019-04-15 00:00:00,90.6884994506836,108.25,108.30000305175781,108.20999908447266,108.20999908447266,2546200
2019-04-16 00:00:00,90.52928924560547,108.05999755859375,108.20999908447266,108.0199966430664,108.12000274658203,4093900
2019-04-17 00:00:00,90.52091979980469,108.05000305175781,108.19000244140625,108.05000305175781,108.08999633789062,3390200
2019-04-18 00:00:00,90.63822937011719,108.19000244140625,108.29000091552734,108.16000366210938,108.2300033569336,2217200
2019-04-22 00:00:00,90.52928924560547,108.05999755859375,108.16000366210938,108.05000305175781,108.12999725341797,5725600
2019-04-23 00:00:00,90.6884994506836,108.25,108.27999877929688,108.1500015258789,108.18000030517578,3422700
2019-04-24 00:00:00,90.8979263305664,108.5,108.52999877929688,108.41999816894531,108.41999816894531,3000000
2019-04-25 00:00:00,90.88953399658203,108.48999786376953,108.55000305175781,108.41999816894531,108.47000122070312,2648100
2019-04-26 00:00:00,91.07386016845703,108.70999908447266,108.75,108.66000366210938,108.73999786376953,2299900
2019-04-29 00:00:00,90.9146728515625,108.5199966430664,108.62000274658203,108.48999786376953,108.55999755859375,2782600
2019-04-30 00:00:00,90.97332000732422,108.58999633789062,108.68000030517578,108.51000213623047,108.55999755859375,7491500
2019-05-01 00:00:00,91.03211975097656,108.4000015258789,108.76000213623047,108.31999969482422,108.47000122070312,6387900
2019-05-02 00:00:00,90.83055877685547,108.16000366210938,108.33000183105469,108.0999984741211,108.33000183105469,3379400
2019-05-03 00:00:00,90.98169708251953,108.33999633789062,108.41999816894531,108.27999877929688,108.31999969482422,2326300
2019-05-06 00:00:00,91.0992660522461,108.4800033569336,108.56999969482422,108.44000244140625,108.55999755859375,4609100
2019-05-07 00:00:00,91.20845794677734,108.61000061035156,108.69999694824219,108.58999633789062,108.62999725341797,3051400
2019-05-08 00:00:00,91.19164276123047,108.58999633789062,108.80999755859375,108.55000305175781,108.73999786376953,5946400
2019-05-09 00:00:00,91.24205017089844,108.6500015258789,108.80999755859375,108.55000305175781,108.77999877929688,4847600
2019-05-10 00:00:00,91.25881958007812,108.66999816894531,108.81999969482422,108.62999725341797,108.73999786376953,5257500
2019-05-13 00:00:00,91.40999603271484,108.8499984741211,108.9800033569336,108.81999969482422,108.83000183105469,6733800
2019-05-14 00:00:00,91.48554229736328,108.94000244140625,108.97000122070312,108.87000274658203,108.9000015258789,6217000
2019-05-15 00:00:00,91.64513397216797,109.12999725341797,109.18000030517578,109.0,109.16000366210938,2666500
2019-05-16 00:00:00,91.53598022460938,109.0,109.04000091552734,108.94999694824219,109.04000091552734,2757000
2019-05-17 00:00:00,91.56114959716797,109.02999877929688,109.1500015258789,108.94000244140625,109.12000274658203,2090800
2019-05-20 00:00:00,91.43519592285156,108.87999725341797,109.05999755859375,108.86000061035156,108.9800033569336,2035000
2019-05-21 00:00:00,91.42679595947266,108.87000274658203,108.91000366210938,108.80999755859375,108.86000061035156,2029800
2019-05-22 00:00:00,91.57794952392578,109.05000305175781,109.08999633789062,108.91999816894531,108.94999694824219,3509900
2019-05-23 00:00:00,91.8466796875,109.37000274658203,109.5,109.13999938964844,109.18000030517578,4922500
2019-05-24 00:00:00,91.88030242919922,109.41000366210938,109.44999694824219,109.33000183105469,109.37000274658203,2010300
2019-05-28 00:00:00,92.01461791992188,109.56999969482422,109.6500015258789,109.5,109.56999969482422,6270100
2019-05-29 00:00:00,92.03983306884766,109.5999984741211,109.8499984741211,109.5999984741211,109.7300033569336,5634400
2019-05-30 00:00:00,92.28338623046875,109.88999938964844,109.94000244140625,109.6500015258789,109.7699966430664,3305200
2019-05-31 00:00:00,92.71166229248047,110.4000015258789,110.63999938964844,110.0,110.01000213623047,9204100
2019-06-03 00:00:00,92.9305191040039,110.4000015258789,110.5199966430664,110.16999816894531,110.26000213623047,7137500
2019-06-04 00:00:00,92.8463134765625,110.30000305175781,110.37999725341797,110.12999725341797,110.27999877929688,5131700
2019-06-05 00:00:00,92.79582214355469,110.23999786376953,110.47000122070312,110.2300033569336,110.36000061035156,3253500
2019-06-06 00:00:00,92.77903747558594,110.22000122070312,110.41999816894531,110.16000366210938,110.33999633789062,2660400
2019-06-07 00:00:00,93.03996276855469,110.52999877929688,110.66999816894531,110.44999694824219,110.63999938964844,3697100
2019-06-10 00:00:00,92.79582214355469,110.23999786376953,110.36000061035156,110.22000122070312,110.36000061035156,3992900
2019-06-11 00:00:00,92.77903747558594,110.22000122070312,110.25,110.16999816894531,110.20999908447266,4374600
2019-06-12 00:00:00,92.8968505859375,110.36000061035156,110.41000366210938,110.26000213623047,110.27999877929688,2797600
2019-06-13 00:00:00,93.09889221191406,110.5999984741211,110.62000274658203,110.4000015258789,110.43000030517578,2293200
2019-06-14 00:00:00,93.0736312866211,110.56999969482422,110.62999725341797,110.4800033569336,110.51000213623047,1901200
2019-06-17 00:00:00,93.04834747314453,110.54000091552734,110.5999984741211,110.45999908447266,110.5199966430664,3312600
2019-06-18 00:00:00,93.3009033203125,110.83999633789062,110.97000122070312,110.70999908447266,110.94000244140625,3640300
2019-06-19 00:00:00,93.62078857421875,111.22000122070312,111.22000122070312,110.6500015258789,110.70999908447266,2895900
2019-06-20 00:00:00,93.78070831298828,111.41000366210938,111.56999969482422,111.33999633789062,111.38999938964844,4224300
2019-06-21 00:00:00,93.53660583496094,111.12000274658203,111.26000213623047,111.04000091552734,111.22000122070312,4640200
2019-06-24 00:00:00,93.70496368408203,111.31999969482422,111.37999725341797,111.22000122070312,111.2300033569336,3079800
2019-06-25 00:00:00,93.72176361083984,111.33999633789062,111.44000244140625,111.22000122070312,111.36000061035156,3111100
2019-06-26 00:00:00,93.51133728027344,111.08999633789062,111.30999755859375,111.05999755859375,111.29000091552734,3703200
2019-06-27 00:00:00,93.77226257324219,111.4000015258789,111.41000366210938,111.16000366210938,111.25,2963600
2019-06-28 00:00:00,93.73018646240234,111.3499984741211,111.47000122070312,111.31999969482422,111.36000061035156,9887800
2019-07-01 00:00:00,93.79938507080078,111.18000030517578,111.2699966430664,111.01000213623047,111.25,4186800
2019-07-02 00:00:00,93.96812438964844,111.37999725341797,111.41000366210938,111.13999938964844,111.19999694824219,5765400
2019-07-03 00:00:00,94.11998748779297,111.55999755859375,111.5999984741211,111.43000030517578,111.44000244140625,1324800
2019-07-05 00:00:00,93.72344970703125,111.08999633789062,111.20999908447266,110.91000366210938,111.20999908447266,2461200
2019-07-08 00:00:00,93.67283630371094,111.02999877929688,111.26000213623047,111.02999877929688,111.2300033569336,3041400
2019-07-09 00:00:00,93.6474838256836,111.0,111.05999755859375,110.94999694824219,111.04000091552734,2525800
2019-07-10 00:00:00,93.71503448486328,111.08000183105469,111.16000366210938,110.97000122070312,111.13999938964844,4589800
2019-07-11 00:00:00,93.3691177368164,110.66999816894531,111.05999755859375,110.66999816894531,111.05999755859375,3303700
2019-07-12 00:00:00,93.4703598022461,110.79000091552734,110.8499984741211,110.66999816894531,110.66999816894531,3836300
2019-07-15 00:00:00,93.60533142089844,110.94999694824219,110.95999908447266,110.8499984741211,110.87000274658203,3619000
2019-07-16 00:00:00,93.5040512084961,110.83000183105469,110.83000183105469,110.63999938964844,110.75,2149100
2019-07-17 00:00:00,93.7487564086914,111.12000274658203,111.13999938964844,110.91000366210938,110.93000030517578,2985600
2019-07-18 00:00:00,93.9006118774414,111.30000305175781,111.33000183105469,111.05999755859375,111.0999984741211,5982200
2019-07-19 00:00:00,93.79092407226562,111.16999816894531,111.29000091552734,111.13999938964844,111.22000122070312,3150800
2019-07-22 00:00:00,93.9090576171875,111.30999755859375,111.41000366210938,111.30000305175781,111.41000366210938,2855100
2019-07-23 00:00:00,93.81627655029297,111.19999694824219,111.31999969482422,111.16000366210938,111.2699966430664,2659300
2019-07-24 00:00:00,93.95123291015625,111.36000061035156,111.41000366210938,111.30000305175781,111.33000183105469,2783300
2019-07-25 00:00:00,93.80780792236328,111.19000244140625,111.33000183105469,111.05000305175781,111.33000183105469,2976800
2019-07-26 00:00:00,93.82470703125,111.20999908447266,111.31999969482422,111.13999938964844,111.31999969482422,4669000
2019-07-29 00:00:00,93.86687469482422,111.26000213623047,111.3499984741211,111.22000122070312,111.30000305175781,4167100
2019-07-30 00:00:00,93.85845947265625,111.25,111.33000183105469,111.16000366210938,111.2699966430664,2409300
2019-07-31 00:00:00,93.9006118774414,111.30000305175781,111.58999633789062,111.06999969482422,111.30000305175781,10034500
2019-08-01 00:00:00,94.6363296508789,111.91000366210938,111.94999694824219,111.26000213623047,111.33999633789062,5709100
2019-08-02 00:00:00,94.67012786865234,111.94999694824219,112.04000091552734,111.81999969482422,111.93000030517578,3293700
2019-08-05 00:00:00,95.08450317382812,112.44000244140625,112.58000183105469,112.25,112.27999877929688,7626600
2019-08-06 00:00:00,95.3382339477539,112.73999786376953,112.76000213623047,112.4000015258789,112.47000122070312,5151800
2019-08-07 00:00:00,95.28749084472656,112.68000030517578,113.29000091552734,112.61000061035156,113.16999816894531,9156600
2019-08-08 00:00:00,95.38053131103516,112.79000091552734,112.81999969482422,112.33000183105469,112.51000213623047,3707200
2019-08-09 00:00:00,95.25363159179688,112.63999938964844,112.94999694824219,112.58000183105469,112.86000061035156,2432300
2019-08-12 00:00:00,95.60038757324219,113.05000305175781,113.19000244140625,112.87000274658203,112.93000030517578,2474900
2019-08-13 00:00:00,95.4651107788086,112.88999938964844,113.1500015258789,112.79000091552734,113.1500015258789,3048200
2019-08-14 00:00:00,95.76100158691406,113.23999786376953,113.37999725341797,113.20999908447266,113.27999877929688,2829900
2019-08-15 00:00:00,96.20075988769531,113.76000213623047,113.91000366210938,113.37000274658203,113.38999938964844,2815600
2019-08-16 00:00:00,96.12464904785156,113.66999816894531,113.69000244140625,113.36000061035156,113.56999969482422,5209000
2019-08-19 00:00:00,95.8709945678711,113.37000274658203,113.45999908447266,113.2699966430664,113.33999633789062,2900800
2019-08-20 00:00:00,96.13311004638672,113.68000030517578,113.69999694824219,113.55999755859375,113.66999816894531,2253600
2019-08-21 00:00:00,96.08238983154297,113.62000274658203,113.83000183105469,113.51000213623047,113.51000213623047,3815400
2019-08-22 00:00:00,95.82868194580078,113.31999969482422,113.68000030517578,113.30000305175781,113.51000213623047,6294900
2019-08-23 00:00:00,96.21766662597656,113.77999877929688,113.91000366210938,113.30999755859375,113.33999633789062,3772100
2019-08-26 00:00:00,96.17537689208984,113.7300033569336,113.94999694824219,113.66999816894531,113.83999633789062,5127200
2019-08-27 00:00:00,96.47985076904297,114.08999633789062,114.12000274658203,113.87000274658203,113.91000366210938,3473400
2019-08-28 00:00:00,96.4883041381836,114.0999984741211,114.30000305175781,114.04000091552734,114.30000305175781,5102500
2019-08-29 00:00:00,96.42906951904297,114.02999877929688,114.08000183105469,113.83999633789062,114.08000183105469,2671000
2019-08-30 00:00:00,96.5136947631836,114.12999725341797,114.1500015258789,113.88999938964844,113.9000015258789,4661600
2019-09-03 00:00:00,96.49076843261719,113.83999633789062,114.12000274658203,113.69000244140625,113.86000061035156,6197400
2019-09-04 00:00:00,96.66028594970703,114.04000091552734,114.08000183105469,113.81999969482422,113.81999969482422,3814300
2019-09-05 00:00:00,96.2449722290039,113.55000305175781,113.66999816894531,113.30000305175781,113.61000061035156,5336500
2019-09-06 00:00:00,96.3466796875,113.66999816894531,113.72000122070312,113.55999755859375,113.66000366210938,3675200
2019-09-09 00:00:00,95.93984985351562,113.19000244140625,113.38999938964844,113.18000030517578,113.38999938964844,2747400
2019-09-10 00:00:00,95.42280578613281,112.58000183105469,113.12999725341797,112.58000183105469,113.0999984741211,3119300
2019-09-11 00:00:00,95.43978118896484,112.5999984741211,112.70999908447266,112.55999755859375,112.58000183105469,2646900
2019-09-12 00:00:00,95.28717041015625,112.41999816894531,112.91000366210938,112.33999633789062,112.91000366210938,4069600
2019-09-13 00:00:00,94.71929931640625,111.75,112.2699966430664,111.75,112.1500015258789,2506400
2019-09-16 00:00:00,94.97360229492188,112.05000305175781,112.1500015258789,111.88999938964844,112.05000305175781,2923500
2019-09-17 00:00:00,95.1176528930664,112.22000122070312,112.37000274658203,112.0199966430664,112.11000061035156,2614200
2019-09-18 00:00:00,95.22787475585938,112.3499984741211,112.69999694824219,112.29000091552734,112.5,2291300
2019-09-19 00:00:00,95.36344909667969,112.51000213623047,112.66000366210938,112.44999694824219,112.63999938964844,2280000
2019-09-20 00:00:00,95.71097564697266,112.91999816894531,112.94000244140625,112.58999633789062,112.63999938964844,2048300
2019-09-23 00:00:00,95.75335693359375,112.97000122070312,113.23999786376953,112.94000244140625,113.0199966430664,3412000
2019-09-24 00:00:00,96.01612854003906,113.27999877929688,113.36000061035156,113.02999877929688,113.02999877929688,2602500
2019-09-25 00:00:00,95.61772918701172,112.80999755859375,113.2300033569336,112.73999786376953,113.20999908447266,3813800
2019-09-26 00:00:00,95.77879333496094,113.0,113.0999984741211,112.94000244140625,113.0,4869400
2019-09-27 00:00:00,95.8974609375,113.13999938964844,113.16999816894531,113.0,113.0,4652500
2019-09-30 00:00:00,95.92286682128906,113.16999816894531,113.2699966430664,112.91999816894531,112.93000030517578,6359800
2019-10-01 00:00:00,96.0970458984375,113.12000274658203,113.25,112.62999725341797,112.70999908447266,5980200
2019-10-02 00:00:00,96.16499328613281,113.19999694824219,113.30999755859375,113.08999633789062,113.19000244140625,8637000
2019-10-03 00:00:00,96.53878021240234,113.63999938964844,113.73999786376953,113.31999969482422,113.33999633789062,4219100
2019-10-04 00:00:00,96.69169616699219,113.81999969482422,113.83000183105469,113.62999725341797,113.68000030517578,3331200
2019-10-07 00:00:00,96.42833709716797,113.51000213623047,113.70999908447266,113.51000213623047,113.63999938964844,2493000
2019-10-08 00:00:00,96.46233367919922,113.55000305175781,113.81999969482422,113.48999786376953,113.81999969482422,3055700
2019-10-09 00:00:00,96.411376953125,113.48999786376953,113.55999755859375,113.36000061035156,113.55000305175781,3332800
2019-10-10 00:00:00,96.08003234863281,113.0999984741211,113.33000183105469,113.02999877929688,113.2699966430664,4312400
2019-10-11 00:00:00,95.76570892333984,112.7300033569336,112.8499984741211,112.58999633789062,112.83999633789062,3568600
2019-10-14 00:00:00,95.92711639404297,112.91999816894531,112.93000030517578,112.81999969482422,112.93000030517578,1716600
2019-10-15 00:00:00,95.6128158569336,112.55000305175781,112.91999816894531,112.55000305175781,112.9000015258789,4168600
2019-10-16 00:00:00,95.78273010253906,112.75,112.79000091552734,112.62000274658203,112.68000030517578,2430600
2019-10-17 00:00:00,95.75723266601562,112.72000122070312,112.86000061035156,112.62000274658203,112.66999816894531,2316400
2019-10-18 00:00:00,95.82518005371094,112.80000305175781,112.91000366210938,112.7300033569336,112.76000213623047,1454200
2019-10-21 00:00:00,95.56182098388672,112.48999786376953,112.70999908447266,112.48999786376953,112.62000274658203,4241600
2019-10-22 00:00:00,95.70624542236328,112.66000366210938,112.73999786376953,112.51000213623047,112.6500015258789,2147400
2019-10-23 00:00:00,95.78273010253906,112.75,112.87999725341797,112.7300033569336,112.81999969482422,1887800
2019-10-24 00:00:00,95.80821990966797,112.77999877929688,112.94999694824219,112.75,112.83999633789062,1725800
2019-10-25 00:00:00,95.67227172851562,112.62000274658203,112.8499984741211,112.5199966430664,112.83999633789062,2486600
2019-10-28 00:00:00,95.46841430664062,112.37999725341797,112.44000244140625,112.30999755859375,112.41999816894531,2948300
2019-10-29 00:00:00,95.47687530517578,112.38999938964844,112.5,112.3499984741211,112.4800033569336,2384700
2019-10-30 00:00:00,95.74871826171875,112.70999908447266,112.75,112.43000030517578,112.44999694824219,2381400
2019-10-31 00:00:00,96.12252044677734,113.1500015258789,113.30000305175781,112.88999938964844,112.9800033569336,5399100
2019-11-01 00:00:00,96.1489028930664,112.93000030517578,113.11000061035156,112.80999755859375,112.9800033569336,3988300
2019-11-04 00:00:00,95.9105224609375,112.6500015258789,112.72000122070312,112.58999633789062,112.70999908447266,2662700
2019-11-05 00:00:00,95.55294799804688,112.2300033569336,112.37999725341797,112.1500015258789,112.3499984741211,3205500
2019-11-06 00:00:00,95.6976547241211,112.4000015258789,112.51000213623047,112.26000213623047,112.4000015258789,3840500
2019-11-07 00:00:00,95.2464370727539,111.87000274658203,112.12000274658203,111.63999938964844,112.12000274658203,4022400
2019-11-08 00:00:00,95.19534301757812,111.80999755859375,112.0999984741211,111.80999755859375,111.87000274658203,3866100
2019-11-11 00:00:00,95.2123794555664,111.83000183105469,111.95999908447266,111.77999877929688,111.95999908447266,1559900
2019-11-12 00:00:00,95.31453704833984,111.94999694824219,112.02999877929688,111.80000305175781,111.91999816894531,2032800
2019-11-13 00:00:00,95.48483276367188,112.1500015258789,112.2300033569336,112.08000183105469,112.19999694824219,2570200
2019-11-14 00:00:00,95.75727844238281,112.47000122070312,112.56999969482422,112.43000030517578,112.5,2901000
2019-11-15 00:00:00,95.7061996459961,112.41000366210938,112.45999908447266,112.37999725341797,112.45999908447266,4400400
2019-11-18 00:00:00,95.88499450683594,112.62000274658203,112.6500015258789,112.5199966430664,112.55999755859375,5757900
2019-11-19 00:00:00,95.95306396484375,112.69999694824219,112.76000213623047,112.5999984741211,112.62999725341797,2210700
2019-11-20 00:00:00,96.1829833984375,112.97000122070312,112.9800033569336,112.80999755859375,112.83000183105469,3474400
2019-11-21 00:00:00,96.0467300415039,112.80999755859375,112.88999938964844,112.72000122070312,112.80000305175781,6522800
2019-11-22 00:00:00,96.09780883789062,112.87000274658203,112.9000015258789,112.76000213623047,112.88999938964844,2507000
2019-11-25 00:00:00,96.19151306152344,112.9800033569336,113.01000213623047,112.88999938964844,112.91000366210938,4251200
2019-11-26 00:00:00,96.32772827148438,113.13999938964844,113.16000366210938,113.08000183105469,113.08999633789062,2382200
2019-11-27 00:00:00,96.20853424072266,113.0,113.06999969482422,112.95999908447266,113.02999877929688,3437300
2019-11-29 00:00:00,96.0893325805664,112.86000061035156,113.0199966430664,112.8499984741211,113.01000213623047,4059000
2019-12-02 00:00:00,95.9834976196289,112.48999786376953,112.51000213623047,112.29000091552734,112.30999755859375,9325100
2019-12-03 00:00:00,96.41867065429688,113.0,113.12999725341797,112.76000213623047,112.80000305175781,5283800
2019-12-04 00:00:00,96.25654602050781,112.80999755859375,112.94999694824219,112.68000030517578,112.87000274658203,5806500
2019-12-05 00:00:00,96.14566040039062,112.68000030517578,112.73999786376953,112.52999877929688,112.58000183105469,4374700
2019-12-06 00:00:00,96.00910186767578,112.5199966430664,112.68000030517578,112.41000366210938,112.47000122070312,4648200
2019-12-09 00:00:00,96.060302734375,112.58000183105469,112.72000122070312,112.56999969482422,112.69000244140625,7398300
2019-12-10 00:00:00,96.02618408203125,112.54000091552734,112.66999816894531,112.48999786376953,112.66999816894531,3761100
2019-12-11 00:00:00,96.28215026855469,112.83999633789062,112.9000015258789,112.61000061035156,112.66999816894531,3764500
2019-12-12 00:00:00,95.8725814819336,112.36000061035156,112.79000091552734,112.22000122070312,112.79000091552734,5080100
2019-12-13 00:00:00,96.25654602050781,112.80999755859375,112.86000061035156,112.4000015258789,112.58000183105469,5911000
2019-12-16 00:00:00,96.060302734375,112.58000183105469,112.69000244140625,112.5,112.68000030517578,5012100
2019-12-17 00:00:00,96.06880950927734,112.58999633789062,112.69999694824219,112.5199966430664,112.69000244140625,3016300
2019-12-18 00:00:00,95.88111877441406,112.37000274658203,112.55999755859375,112.36000061035156,112.55000305175781,6516300
2019-12-19 00:00:00,95.98454284667969,112.30000305175781,112.36000061035156,112.12999725341797,112.19000244140625,5613800
2019-12-20 00:00:00,96.00165557861328,112.31999969482422,112.33000183105469,112.1500015258789,112.20999908447266,8809200
2019-12-23 00:00:00,95.93329620361328,112.23999786376953,112.38999938964844,112.18000030517578,112.37999725341797,3148600
2019-12-24 00:00:00,96.05293273925781,112.37999725341797,112.4000015258789,112.12999725341797,112.16999816894531,1887800
2019-12-26 00:00:00,96.13838195800781,112.4800033569336,112.48999786376953,112.31999969482422,112.41999816894531,6072100
2019-12-27 00:00:00,96.26657104492188,112.62999725341797,112.63999938964844,112.58000183105469,112.5999984741211,4733800
2019-12-30 00:00:00,96.26657104492188,112.62999725341797,112.6500015258789,112.33999633789062,112.41999816894531,3979100
2019-12-31 00:00:00,96.04436492919922,112.37000274658203,112.54000091552734,112.37000274658203,112.54000091552734,6807600
2020-01-02 00:00:00,96.30936431884766,112.68000030517578,112.80000305175781,112.55999755859375,112.68000030517578,6791400
2020-01-03 00:00:00,96.59139251708984,113.01000213623047,113.05000305175781,112.77999877929688,112.88999938964844,3664300
2020-01-06 00:00:00,96.51445770263672,112.91999816894531,113.12999725341797,112.83999633789062,113.12999725341797,8131600
2020-01-07 00:00:00,96.41191864013672,112.80000305175781,112.91999816894531,112.77999877929688,112.91999816894531,2883000
2020-01-08 00:00:00,96.30078887939453,112.66999816894531,112.94000244140625,112.55000305175781,112.8499984741211,7323100
2020-01-09 00:00:00,96.4033432006836,112.79000091552734,112.79000091552734,112.45999908447266,112.48999786376953,9110900
2020-01-10 00:00:00,96.5657730102539,112.9800033569336,112.98999786376953,112.81999969482422,112.9000015258789,4198100
2020-01-13 00:00:00,96.50592803955078,112.91000366210938,112.94000244140625,112.83000183105469,112.88999938964844,4465300
2020-01-14 00:00:00,96.59139251708984,113.01000213623047,113.0199966430664,112.93000030517578,112.97000122070312,3625400
2020-01-15 00:00:00,96.7366943359375,113.18000030517578,113.19000244140625,113.06999969482422,113.18000030517578,3896300
2020-01-16 00:00:00,96.7366943359375,113.18000030517578,113.20999908447266,113.05000305175781,113.16000366210938,2801400
2020-01-17 00:00:00,96.62557220458984,113.05000305175781,113.0999984741211,112.97000122070312,113.0199966430664,3003300
2020-01-21 00:00:00,96.89907836914062,113.37000274658203,113.41000366210938,113.22000122070312,113.25,4672100
2020-01-22 00:00:00,96.95040130615234,113.43000030517578,113.48999786376953,113.38999938964844,113.44000244140625,3627200
2020-01-23 00:00:00,97.07856750488281,113.58000183105469,113.69999694824219,113.58000183105469,113.63999938964844,3429500
2020-01-24 00:00:00,97.25806427001953,113.79000091552734,113.88999938964844,113.66999816894531,113.68000030517578,4199800
2020-01-27 00:00:00,97.5572280883789,114.13999938964844,114.16000366210938,114.05000305175781,114.13999938964844,4790000
2020-01-28 00:00:00,97.47172546386719,114.04000091552734,114.16000366210938,113.94999694824219,114.0999984741211,4463800
2020-01-29 00:00:00,97.69397735595703,114.30000305175781,114.3499984741211,114.11000061035156,114.12999725341797,2890200
2020-01-30 00:00:00,97.70250701904297,114.30999755859375,114.54000091552734,114.23999786376953,114.27999877929688,6885600
2020-01-31 00:00:00,97.99313354492188,114.6500015258789,114.66999816894531,114.37999725341797,114.4800033569336,5281900
2020-02-03 00:00:00,97.96141052246094,114.37000274658203,114.41000366210938,114.08000183105469,114.19999694824219,7214200
2020-02-04 00:00:00,97.63594055175781,113.98999786376953,114.0999984741211,113.88999938964844,114.0999984741211,5290800
2020-02-05 00:00:00,97.49030303955078,113.81999969482422,113.87000274658203,113.76000213623047,113.81999969482422,6066900
2020-02-06 00:00:00,97.55029296875,113.88999938964844,113.93000030517578,113.7699966430664,113.81999969482422,6838700
2020-02-07 00:00:00,97.83296203613281,114.22000122070312,114.27999877929688,114.0999984741211,114.19999694824219,5224200
2020-02-10 00:00:00,97.94432067871094,114.3499984741211,114.44000244140625,114.29000091552734,114.44000244140625,8187800
2020-02-11 00:00:00,97.82440185546875,114.20999908447266,114.3499984741211,114.19000244140625,114.3499984741211,5633400
2020-02-12 00:00:00,97.72158813476562,114.08999633789062,114.13999938964844,114.02999877929688,114.12000274658203,6373700
2020-02-13 00:00:00,97.79011535644531,114.16999816894531,114.23999786376953,114.0999984741211,114.11000061035156,5214400
2020-02-14 00:00:00,97.89287567138672,114.29000091552734,114.37999725341797,114.2699966430664,114.3499984741211,4004900
2020-02-18 00:00:00,98.0213851928711,114.44000244140625,114.55999755859375,114.33999633789062,114.4800033569336,4874800
2020-02-19 00:00:00,97.99566650390625,114.41000366210938,114.47000122070312,114.33000183105469,114.4000015258789,3692200
2020-02-20 00:00:00,98.21842956542969,114.66999816894531,114.68000030517578,114.48999786376953,114.52999877929688,4056000
2020-02-21 00:00:00,98.41535949707031,114.9000015258789,115.0999984741211,114.83999633789062,114.86000061035156,4492700
2020-02-24 00:00:00,98.73229217529297,115.2699966430664,115.43000030517578,115.2300033569336,115.43000030517578,7490100
2020-02-25 00:00:00,98.90362548828125,115.47000122070312,115.58000183105469,115.2699966430664,115.27999877929688,7474600
2020-02-26 00:00:00,98.80081939697266,115.3499984741211,115.61000061035156,115.26000213623047,115.31999969482422,4763000
2020-02-27 00:00:00,98.81795501708984,115.37000274658203,115.75,115.3499984741211,115.75,11606400
2020-02-28 00:00:00,99.54598236083984,116.22000122070312,116.33999633789062,115.76000213623047,115.87999725341797,17243000
2020-03-02 00:00:00,99.51083374023438,115.94000244140625,116.44000244140625,115.88999938964844,116.29000091552734,13198200
2020-03-03 00:00:00,100.18888854980469,116.7300033569336,117.26000213623047,116.01000213623047,116.05000305175781,12541000
2020-03-04 00:00:00,100.1115951538086,116.63999938964844,117.12000274658203,116.52999877929688,116.83000183105469,6285300
2020-03-05 00:00:00,100.42061614990234,117.0,117.2300033569336,116.93000030517578,116.98999786376953,6802800
2020-03-06 00:00:00,101.15872955322266,117.86000061035156,118.2699966430664,117.5,118.18000030517578,17456400
2020-03-09 00:00:00,101.030029296875,117.70999908447266,119.2699966430664,117.0,119.2699966430664,13666700
2020-03-10 00:00:00,99.88847351074219,116.37999725341797,117.68000030517578,116.16999816894531,117.41000366210938,18694100
2020-03-11 00:00:00,98.46369171142578,114.72000122070312,116.79000091552734,114.55000305175781,116.69999694824219,13053300
2020-03-12 00:00:00,94.52413940429688,110.12999725341797,114.75,109.05999755859375,113.9800033569336,18684800
2020-03-13 00:00:00,96.00892639160156,111.86000061035156,112.45999908447266,110.25,111.52999877929688,24960500
2020-03-16 00:00:00,97.61396789550781,113.7300033569336,113.94999694824219,110.45999908447266,111.37000274658203,12310300
2020-03-17 00:00:00,95.09061431884766,110.79000091552734,113.91999816894531,110.58999633789062,112.88999938964844,15737200
2020-03-18 00:00:00,91.46858978271484,106.56999969482422,110.56999969482422,105.7699966430664,109.36000061035156,17061700
2020-03-19 00:00:00,93.5113525390625,108.94999694824219,109.22000122070312,105.55999755859375,106.47000122070312,11720200
2020-03-20 00:00:00,94.43828582763672,110.02999877929688,110.23999786376953,108.45999908447266,108.45999908447266,16503700
2020-03-23 00:00:00,96.6784439086914,112.63999938964844,112.94000244140625,109.0,109.9000015258789,12572200
2020-03-24 00:00:00,97.4766616821289,113.56999969482422,113.56999969482422,111.08000183105469,111.5199966430664,10253600
2020-03-25 00:00:00,98.47224426269531,114.7300033569336,114.75,113.69999694824219,114.0,10999700
2020-03-26 00:00:00,98.772705078125,115.08000183105469,115.38999938964844,114.19999694824219,114.19999694824219,16611400
2020-03-27 00:00:00,99.19327545166016,115.56999969482422,115.58000183105469,114.52999877929688,114.77999877929688,10841600
2020-03-30 00:00:00,99.28765869140625,115.68000030517578,116.26000213623047,115.62000274658203,115.7699966430664,13340200
2020-03-31 00:00:00,99.02159881591797,115.37000274658203,115.9800033569336,115.2300033569336,115.70999908447266,14018600
2020-04-01 00:00:00,98.68527221679688,114.7300033569336,115.4000015258789,114.6500015258789,115.37999725341797,14192100
2020-04-02 00:00:00,98.83148956298828,114.9000015258789,115.22000122070312,114.69999694824219,115.0199966430664,11565400
2020-04-03 00:00:00,98.90030670166016,114.9800033569336,115.12999725341797,114.27999877929688,114.94999694824219,9786700
2020-04-06 00:00:00,99.38200378417969,115.54000091552734,115.61000061035156,115.0199966430664,115.0199966430664,8457700
2020-04-07 00:00:00,99.51961517333984,115.69999694824219,115.73999786376953,115.36000061035156,115.61000061035156,7743900
2020-04-08 00:00:00,99.61424255371094,115.80999755859375,115.97000122070312,115.55000305175781,115.69999694824219,4674200
2020-04-09 00:00:00,100.85285949707031,117.25,117.25,116.16999816894531,116.5,5584100
2020-04-13 00:00:00,100.37977600097656,116.69999694824219,117.16999816894531,116.52999877929688,117.08999633789062,5738300
2020-04-14 00:00:00,100.43136596679688,116.76000213623047,117.0,116.58999633789062,116.98999786376953,5506700
2020-04-15 00:00:00,100.84425354003906,117.23999786376953,117.30999755859375,116.70999908447266,117.02999877929688,4367400
2020-04-16 00:00:00,100.97327423095703,117.38999938964844,117.52999877929688,117.19000244140625,117.19000244140625,4744700
2020-04-17 00:00:00,100.85285949707031,117.25,117.62000274658203,117.04000091552734,117.5199966430664,4949800
2020-04-20 00:00:00,100.70662689208984,117.08000183105469,117.27999877929688,116.94000244140625,117.1500015258789,3847900
2020-04-21 00:00:00,100.75823211669922,117.13999938964844,117.44000244140625,117.06999969482422,117.43000030517578,4660500
2020-04-22 00:00:00,100.75823211669922,117.13999938964844,117.23999786376953,116.94000244140625,117.16000366210938,4647200
2020-04-23 00:00:00,100.99908447265625,117.41999816894531,117.44999694824219,117.19000244140625,117.33000183105469,4331100
2020-04-24 00:00:00,100.94747161865234,117.36000061035156,117.38999938964844,117.19999694824219,117.22000122070312,3161600
2020-04-27 00:00:00,100.4830093383789,116.81999969482422,117.36000061035156,116.81999969482422,117.20999908447266,5576300
2020-04-28 00:00:00,100.878662109375,117.27999877929688,117.44999694824219,117.12000274658203,117.2699966430664,5889800
2020-04-29 00:00:00,100.94747161865234,117.36000061035156,117.4800033569336,117.19999694824219,117.29000091552734,4653100
2020-04-30 00:00:00,100.72386169433594,117.0999984741211,117.48999786376953,117.06999969482422,117.37999725341797,10487500
2020-05-01 00:00:00,100.72901916503906,116.87000274658203,117.0999984741211,116.68000030517578,116.97000122070312,6099500
2020-05-04 00:00:00,100.81521606445312,116.97000122070312,117.08999633789062,116.87000274658203,116.88999938964844,3684100
2020-05-05 00:00:00,100.73761749267578,116.87999725341797,116.97000122070312,116.80999755859375,116.95999908447266,4611500
2020-05-06 00:00:00,100.3325424194336,116.41000366210938,116.70999908447266,116.30000305175781,116.44000244140625,6394900
2020-05-07 00:00:00,100.64281463623047,116.7699966430664,116.7699966430664,116.41999816894531,116.61000061035156,3786700
2020-05-08 00:00:00,100.37564086914062,116.45999908447266,116.76000213623047,116.3499984741211,116.68000030517578,3241500
2020-05-11 00:00:00,100.073974609375,116.11000061035156,116.43000030517578,116.06999969482422,116.4000015258789,5249500
2020-05-12 00:00:00,100.3325424194336,116.41000366210938,116.5999984741211,116.2300033569336,116.45999908447266,6161500
2020-05-13 00:00:00,100.49628448486328,116.5999984741211,116.76000213623047,116.44999694824219,116.62999725341797,4425900
2020-05-14 00:00:00,100.80656433105469,116.95999908447266,116.97000122070312,116.72000122070312,116.91000366210938,5698900
2020-05-15 00:00:00,100.86690521240234,117.02999877929688,117.08999633789062,116.9000015258789,117.04000091552734,5897900
2020-05-18 00:00:00,100.72041320800781,116.86000061035156,117.08999633789062,116.66000366210938,116.97000122070312,5037100
2020-05-19 00:00:00,100.83241271972656,116.98999786376953,117.02999877929688,116.80999755859375,116.91000366210938,4929500
2020-05-20 00:00:00,101.09100341796875,117.29000091552734,117.33999633789062,117.0,117.02999877929688,4579200
2020-05-21 00:00:00,101.1685562133789,117.37999725341797,117.4800033569336,117.31999969482422,117.3499984741211,5143700
2020-05-22 00:00:00,101.2203140258789,117.44000244140625,117.5999984741211,117.38999938964844,117.5999984741211,2794000
2020-05-26 00:00:00,101.0565185546875,117.25,117.44000244140625,117.23999786376953,117.37999725341797,6164700
2020-05-27 00:00:00,101.20304107666016,117.41999816894531,117.54000091552734,117.30000305175781,117.5,4772900
2020-05-28 00:00:00,101.13406372070312,117.33999633789062,117.3499984741211,117.13999938964844,117.13999938964844,11140200
2020-05-29 00:00:00,101.40125274658203,117.6500015258789,117.70999908447266,117.31999969482422,117.43000030517578,9228700
2020-06-01 00:00:00,101.34428405761719,117.37000274658203,117.4000015258789,117.23999786376953,117.3499984741211,5580000
2020-06-02 00:00:00,101.43061828613281,117.47000122070312,117.47000122070312,117.30999755859375,117.37999725341797,4286800
2020-06-03 00:00:00,101.18023681640625,117.18000030517578,117.41000366210938,117.05999755859375,117.26000213623047,6077600
2020-06-04 00:00:00,100.87801361083984,116.83000183105469,117.30000305175781,116.81999969482422,117.2699966430664,5002700
2020-06-05 00:00:00,100.9384765625,116.9000015258789,116.91000366210938,116.4800033569336,116.75,5166300
2020-06-08 00:00:00,101.05072021484375,117.02999877929688,117.11000061035156,116.75,116.80999755859375,8551800
2020-06-09 00:00:00,101.18023681640625,117.18000030517578,117.33000183105469,117.18000030517578,117.30999755859375,5512300
2020-06-10 00:00:00,101.5947265625,117.66000366210938,117.68000030517578,117.19000244140625,117.25,4680800
2020-06-11 00:00:00,101.4219970703125,117.45999908447266,117.80000305175781,117.44000244140625,117.7300033569336,7438800
2020-06-12 00:00:00,101.52560424804688,117.58000183105469,117.69999694824219,117.44000244140625,117.5999984741211,4571800
2020-06-15 00:00:00,101.86239624023438,117.97000122070312,117.9800033569336,117.61000061035156,117.72000122070312,5870000
2020-06-16 00:00:00,101.66378021240234,117.73999786376953,118.0,117.58999633789062,117.9800033569336,5327400
2020-06-17 00:00:00,101.57740783691406,117.63999938964844,117.76000213623047,117.47000122070312,117.73999786376953,3696000
2020-06-18 00:00:00,101.68103790283203,117.76000213623047,117.87999725341797,117.63999938964844,117.87999725341797,3356800
2020-06-19 00:00:00,101.71558380126953,117.80000305175781,117.97000122070312,117.73999786376953,117.80000305175781,2917400
2020-06-22 00:00:00,101.68968200683594,117.7699966430664,118.0,117.7300033569336,118.0,3445700
2020-06-23 00:00:00,101.67241668701172,117.75,117.83000183105469,117.69000244140625,117.79000091552734,3991400
2020-06-24 00:00:00,101.65514373779297,117.7300033569336,117.83999633789062,117.61000061035156,117.69999694824219,5040100
2020-06-25 00:00:00,101.7760009765625,117.87000274658203,117.94999694824219,117.80000305175781,117.94000244140625,4723300
2020-06-26 00:00:00,101.89691162109375,118.01000213623047,118.08000183105469,117.8499984741211,117.98999786376953,5683400
2020-06-29 00:00:00,101.98320770263672,118.11000061035156,118.11000061035156,117.94999694824219,118.01000213623047,3517200
2020-06-30 00:00:00,102.06961059570312,118.20999908447266,118.31999969482422,117.9800033569336,118.27999877929688,7451100
2020-07-01 00:00:00,102.12408447265625,118.05000305175781,118.06999969482422,117.76000213623047,117.9000015258789,6746500
2020-07-02 00:00:00,102.24518585205078,118.19000244140625,118.20999908447266,117.98999786376953,118.05000305175781,3614300
2020-07-06 00:00:00,102.23657989501953,118.18000030517578,118.20999908447266,118.0,118.18000030517578,5945100
2020-07-07 00:00:00,102.39228820800781,118.36000061035156,118.37999725341797,118.05999755859375,118.2300033569336,5454700
2020-07-08 00:00:00,102.35768127441406,118.31999969482422,118.44999694824219,118.22000122070312,118.3499984741211,5026800
2020-07-09 00:00:00,102.6258544921875,118.62999725341797,118.69999694824219,118.36000061035156,118.4000015258789,3804000
2020-07-10 00:00:00,102.50473022460938,118.48999786376953,118.83000183105469,118.44999694824219,118.83000183105469,3133900
2020-07-13 00:00:00,102.49608612060547,118.4800033569336,118.52999877929688,118.37000274658203,118.45999908447266,4803200
2020-07-14 00:00:00,102.66046142578125,118.66999816894531,118.73999786376953,118.58000183105469,118.58000183105469,3986700
2020-07-15 00:00:00,102.66911315917969,118.68000030517578,118.69999694824219,118.5,118.5,3403600
2020-07-16 00:00:00,102.73829650878906,118.76000213623047,118.88999938964844,118.73999786376953,118.83000183105469,3526900
2020-07-17 00:00:00,102.84210205078125,118.87999725341797,118.98999786376953,118.7699966430664,118.94000244140625,2549100
2020-07-20 00:00:00,102.9545669555664,119.01000213623047,119.05999755859375,118.91000366210938,119.02999877929688,3989200
2020-07-21 00:00:00,103.01513671875,119.08000183105469,119.0999984741211,119.01000213623047,119.0999984741211,6098200
2020-07-22 00:00:00,103.10165405273438,119.18000030517578,119.2699966430664,119.11000061035156,119.22000122070312,6296600
2020-07-23 00:00:00,103.2227783203125,119.31999969482422,119.38999938964844,119.25,119.3499984741211,12117200
2020-07-24 00:00:00,103.18817138671875,119.27999877929688,119.41000366210938,119.19000244140625,119.26000213623047,11071700
2020-07-27 00:00:00,103.11895751953125,119.19999694824219,119.41999816894531,119.1500015258789,119.4000015258789,5606100
2020-07-28 00:00:00,103.18817138671875,119.27999877929688,119.3499984741211,119.22000122070312,119.30000305175781,6080700
2020-07-29 00:00:00,103.30928802490234,119.41999816894531,119.43000030517578,119.23999786376953,119.30000305175781,9727900
2020-07-30 00:00:00,103.38713073730469,119.51000213623047,119.54000091552734,119.44999694824219,119.51000213623047,3052800
2020-07-31 00:00:00,103.43038177490234,119.55999755859375,119.62999725341797,119.4000015258789,119.44999694824219,5277900
2020-08-03 00:00:00,103.4710922241211,119.4000015258789,119.4000015258789,119.19000244140625,119.37000274658203,13013600
2020-08-04 00:00:00,103.67041778564453,119.62999725341797,119.62999725341797,119.41999816894531,119.41999816894531,10935200
2020-08-05 00:00:00,103.4710922241211,119.4000015258789,119.48999786376953,119.30999755859375,119.38999938964844,17345700
2020-08-06 00:00:00,103.61842346191406,119.56999969482422,119.7300033569336,119.52999877929688,119.62000274658203,4608600
2020-08-07 00:00:00,103.49711608886719,119.43000030517578,119.7300033569336,119.4000015258789,119.66000366210938,5559100
2020-08-10 00:00:00,103.40180969238281,119.31999969482422,119.63999938964844,119.27999877929688,119.62000274658203,5152700
2020-08-11 00:00:00,103.1158447265625,118.98999786376953,119.20999908447266,118.83999633789062,119.11000061035156,7809900
2020-08-12 00:00:00,102.90779876708984,118.75,118.88999938964844,118.6500015258789,118.7300033569336,5524500
2020-08-13 00:00:00,102.52655029296875,118.30999755859375,118.77999877929688,118.23999786376953,118.77999877929688,8023700
2020-08-14 00:00:00,102.43118286132812,118.19999694824219,118.48999786376953,118.19999694824219,118.43000030517578,4556500
2020-08-17 00:00:00,102.56986999511719,118.36000061035156,118.47000122070312,118.30999755859375,118.37999725341797,4523900
2020-08-18 00:00:00,102.7171859741211,118.52999877929688,118.5999984741211,118.41999816894531,118.43000030517578,4765800
2020-08-19 00:00:00,102.56119537353516,118.3499984741211,118.69999694824219,118.33999633789062,118.6500015258789,4541000
2020-08-20 00:00:00,102.7431869506836,118.55999755859375,118.70999908447266,118.55999755859375,118.58000183105469,4487500
2020-08-21 00:00:00,102.84716796875,118.68000030517578,118.76000213623047,118.55000305175781,118.73999786376953,6373300
2020-08-24 00:00:00,102.80384063720703,118.62999725341797,118.81999969482422,118.5999984741211,118.72000122070312,4620900
2020-08-25 00:00:00,102.58717346191406,118.37999725341797,118.45999908447266,118.18000030517578,118.3499984741211,4002300
2020-08-26 00:00:00,102.56986999511719,118.36000061035156,118.41999816894531,118.20999908447266,118.3499984741211,5139800
2020-08-27 00:00:00,102.21456909179688,117.94999694824219,118.55999755859375,117.94999694824219,118.55000305175781,5609400
2020-08-28 00:00:00,102.35319519042969,118.11000061035156,118.16000366210938,117.98999786376953,118.08000183105469,6467400
2020-08-31 00:00:00,102.5785140991211,118.37000274658203,118.51000213623047,118.13999938964844,118.13999938964844,10894500
2020-09-01 00:00:00,102.79119873046875,118.41999816894531,118.44000244140625,118.0,118.12000274658203,9843200
2020-09-02 00:00:00,102.9994888305664,118.66000366210938,118.70999908447266,118.33999633789062,118.41999816894531,4838500
2020-09-03 00:00:00,103.02558135986328,118.69000244140625,118.87000274658203,118.62000274658203,118.7300033569336,6856700
2020-09-04 00:00:00,102.513427734375,118.0999984741211,118.5199966430664,118.08000183105469,118.41000366210938,5366800
2020-09-08 00:00:00,102.62627410888672,118.2300033569336,118.45999908447266,118.19999694824219,118.33999633789062,8894000
2020-09-09 00:00:00,102.61758422851562,118.22000122070312,118.38999938964844,118.04000091552734,118.38999938964844,7824800
2020-09-10 00:00:00,102.62627410888672,118.2300033569336,118.29000091552734,118.0199966430664,118.1500015258789,4932600
2020-09-11 00:00:00,102.74778747558594,118.37000274658203,118.48999786376953,118.23999786376953,118.41999816894531,8200400
2020-09-14 00:00:00,102.75646209716797,118.37999725341797,118.48999786376953,118.30999755859375,118.47000122070312,6394200
2020-09-15 00:00:00,102.76517486572266,118.38999938964844,118.43000030517578,118.29000091552734,118.29000091552734,4163000
2020-09-16 00:00:00,102.71305847167969,118.33000183105469,118.52999877929688,118.19999694824219,118.52999877929688,6452500
2020-09-17 00:00:00,102.7391357421875,118.36000061035156,118.5199966430664,118.33000183105469,118.5,4882200
2020-09-18 00:00:00,102.61758422851562,118.22000122070312,118.44000244140625,118.18000030517578,118.44000244140625,5149400
2020-09-21 00:00:00,102.63495635986328,118.23999786376953,118.41999816894531,118.23999786376953,118.41000366210938,6191900
2020-09-22 00:00:00,102.71305847167969,118.33000183105469,118.37999725341797,118.23999786376953,118.25,4390200
2020-09-23 00:00:00,102.4960708618164,118.08000183105469,118.3499984741211,118.06999969482422,118.3499984741211,5392900
2020-09-24 00:00:00,102.50474548339844,118.08999633789062,118.16000366210938,118.01000213623047,118.01000213623047,4145000
2020-09-25 00:00:00,102.53944396972656,118.12999725341797,118.16999816894531,118.05000305175781,118.12000274658203,5138200
2020-09-28 00:00:00,102.62627410888672,118.2300033569336,118.2300033569336,118.11000061035156,118.18000030517578,5830400
2020-09-29 00:00:00,102.64364624023438,118.25,118.33000183105469,118.20999908447266,118.27999877929688,5301700
2020-09-30 00:00:00,102.47872924804688,118.05999755859375,118.26000213623047,117.94999694824219,118.26000213623047,6090800
2020-10-01 00:00:00,102.61955261230469,118.0199966430664,118.04000091552734,117.75,117.80999755859375,9741800
2020-10-02 00:00:00,102.51521301269531,117.9000015258789,118.04000091552734,117.80999755859375,118.02999877929688,5599500
2020-10-05 00:00:00,102.18480682373047,117.5199966430664,117.73999786376953,117.5199966430664,117.73999786376953,4890800
2020-10-06 00:00:00,102.27173614501953,117.62000274658203,117.83999633789062,117.48999786376953,117.5999984741211,4338600
2020-10-07 00:00:00,102.2021713256836,117.54000091552734,117.66000366210938,117.44999694824219,117.52999877929688,4801700
2020-10-08 00:00:00,102.33263397216797,117.69000244140625,117.70999908447266,117.58999633789062,117.66999816894531,4236000
2020-10-09 00:00:00,102.35868835449219,117.72000122070312,117.73999786376953,117.5,117.6500015258789,2909300
2020-10-12 00:00:00,102.55868530273438,117.94999694824219,117.94999694824219,117.7699966430664,117.8499984741211,2999300
2020-10-13 00:00:00,102.58477020263672,117.9800033569336,118.06999969482422,117.93000030517578,118.01000213623047,3421700
2020-10-14 00:00:00,102.64561462402344,118.05000305175781,118.11000061035156,117.98999786376953,118.0999984741211,4919700
2020-10-15 00:00:00,102.55868530273438,117.94999694824219,118.1500015258789,117.94999694824219,118.1500015258789,5459200
2020-10-16 00:00:00,102.5064926147461,117.88999938964844,118.08000183105469,117.87999725341797,117.98999786376953,3931500
2020-10-19 00:00:00,102.38481140136719,117.75,117.87000274658203,117.72000122070312,117.80999755859375,4685000
2020-10-20 00:00:00,102.29785919189453,117.6500015258789,117.70999908447266,117.58000183105469,117.69999694824219,4013600
2020-10-21 00:00:00,102.17613220214844,117.51000213623047,117.63999938964844,117.4800033569336,117.58999633789062,3688300
2020-10-22 00:00:00,101.99349212646484,117.30000305175781,117.54000091552734,117.30000305175781,117.51000213623047,4801000
2020-10-23 00:00:00,102.14132690429688,117.47000122070312,117.5199966430664,117.30000305175781,117.30000305175781,3878700
2020-10-26 00:00:00,102.28042602539062,117.62999725341797,117.72000122070312,117.58999633789062,117.6500015258789,4962500
2020-10-27 00:00:00,102.51521301269531,117.9000015258789,117.91000366210938,117.7300033569336,117.80000305175781,5694100
2020-10-28 00:00:00,102.36739349365234,117.7300033569336,117.95999908447266,117.72000122070312,117.80999755859375,7329200
2020-10-29 00:00:00,102.18480682373047,117.5199966430664,117.7699966430664,117.4000015258789,117.76000213623047,11775800
2020-10-30 00:00:00,101.90656280517578,117.19999694824219,117.5199966430664,117.19999694824219,117.44999694824219,10610000
2020-11-02 00:00:00,102.0911865234375,117.22000122070312,117.3499984741211,117.18000030517578,117.2699966430664,6667900
2020-11-03 00:00:00,102.04764556884766,117.16999816894531,117.22000122070312,117.05000305175781,117.22000122070312,7519700
2020-11-04 00:00:00,102.72697448730469,117.94999694824219,118.04000091552734,117.83000183105469,117.9000015258789,5308700
2020-11-05 00:00:00,102.82280731201172,118.05999755859375,118.12000274658203,117.91000366210938,118.08999633789062,5293900
2020-11-06 00:00:00,102.5963363647461,117.80000305175781,117.86000061035156,117.66999816894531,117.80999755859375,5929700
2020-11-09 00:00:00,102.11734771728516,117.25,117.47000122070312,117.05999755859375,117.4000015258789,6625300
2020-11-10 00:00:00,101.95185089111328,117.05999755859375,117.2300033569336,117.02999877929688,117.05000305175781,5146300
2020-11-11 00:00:00,102.01280212402344,117.12999725341797,117.18000030517578,117.0199966430664,117.05999755859375,3044300
2020-11-12 00:00:00,102.43956756591797,117.62000274658203,117.62999725341797,117.33000183105469,117.37000274658203,7740800
2020-11-13 00:00:00,102.4570083618164,117.63999938964844,117.69000244140625,117.5199966430664,117.5199966430664,5125300
2020-11-16 00:00:00,102.44827270507812,117.62999725341797,117.66999816894531,117.58000183105469,117.61000061035156,7951400
2020-11-17 00:00:00,102.65729522705078,117.87000274658203,117.9000015258789,117.75,117.75,4650100
2020-11-18 00:00:00,102.72697448730469,117.94999694824219,117.98999786376953,117.88999938964844,117.94999694824219,6191100
2020-11-19 00:00:00,102.91859436035156,118.16999816894531,118.26000213623047,118.02999877929688,118.08000183105469,6680800
2020-11-20 00:00:00,103.02307891845703,118.29000091552734,118.33999633789062,118.12999725341797,118.19000244140625,7217400
2020-11-23 00:00:00,102.99695587158203,118.26000213623047,118.30000305175781,118.16999816894531,118.27999877929688,4739000
2020-11-24 00:00:00,102.85765075683594,118.0999984741211,118.27999877929688,118.06999969482422,118.23999786376953,4696800
2020-11-25 00:00:00,102.82280731201172,118.05999755859375,118.20999908447266,118.0199966430664,118.1500015258789,4125000
2020-11-27 00:00:00,102.99695587158203,118.26000213623047,118.29000091552734,118.22000122070312,118.25,3436200
2020-11-30 00:00:00,103.13632202148438,118.41999816894531,118.44999694824219,118.25,118.31999969482422,8688500
2020-12-01 00:00:00,102.81002807617188,117.83999633789062,118.0999984741211,117.7300033569336,118.02999877929688,5190800
2020-12-02 00:00:00,102.69660949707031,117.70999908447266,117.80999755859375,117.54000091552734,117.80999755859375,6121000
2020-12-03 00:00:00,102.87109375,117.91000366210938,117.9800033569336,117.7699966430664,117.91999816894531,5198400
2020-12-04 00:00:00,102.59190368652344,117.58999633789062,117.9000015258789,117.51000213623047,117.9000015258789,5896100
2020-12-07 00:00:00,102.74896240234375,117.7699966430664,117.83000183105469,117.69000244140625,117.76000213623047,6127800
2020-12-08 00:00:00,102.75765991210938,117.77999877929688,117.95999908447266,117.75,117.87999725341797,6807000
2020-12-09 00:00:00,102.60935974121094,117.61000061035156,117.77999877929688,117.5199966430664,117.7300033569336,6975700
2020-12-10 00:00:00,102.86237335205078,117.9000015258789,117.93000030517578,117.69000244140625,117.73999786376953,6192200
2020-12-11 00:00:00,102.97578430175781,118.02999877929688,118.08999633789062,117.94999694824219,118.01000213623047,5636100
2020-12-14 00:00:00,102.91468048095703,117.95999908447266,118.02999877929688,117.80000305175781,117.86000061035156,4705600
2020-12-15 00:00:00,102.97578430175781,118.02999877929688,118.02999877929688,117.9000015258789,117.94999694824219,4217800
2020-12-16 00:00:00,102.93216705322266,117.9800033569336,118.02999877929688,117.76000213623047,117.83000183105469,4467900
2020-12-17 00:00:00,102.92779541015625,117.8499984741211,118.05999755859375,117.7300033569336,118.01000213623047,6610400
2020-12-18 00:00:00,102.8753662109375,117.79000091552734,117.97000122070312,117.76000213623047,117.97000122070312,3874700
2020-12-21 00:00:00,102.8753662109375,117.79000091552734,117.95999908447266,117.75,117.91999816894531,4818300
2020-12-22 00:00:00,103.02384948730469,117.95999908447266,117.9800033569336,117.83000183105469,117.87999725341797,4516500
2020-12-23 00:00:00,102.95398712158203,117.87999725341797,117.87999725341797,117.62999725341797,117.80999755859375,4157700
2020-12-24 00:00:00,103.050048828125,117.98999786376953,118.05000305175781,117.93000030517578,117.94000244140625,2214500
2020-12-28 00:00:00,103.06753540039062,118.01000213623047,118.05000305175781,117.83000183105469,117.97000122070312,4567200
2020-12-29 00:00:00,103.08502960205078,118.02999877929688,118.05999755859375,117.91999816894531,118.05999755859375,4300100
2020-12-30 00:00:00,103.14612579345703,118.0999984741211,118.12000274658203,117.9800033569336,118.08999633789062,2762200
2020-12-31 00:00:00,103.22474670410156,118.19000244140625,118.23999786376953,118.12000274658203,118.18000030517578,4834700
2021-01-04 00:00:00,103.09374237060547,118.04000091552734,118.13999938964844,117.98999786376953,118.08000183105469,6414100
2021-01-05 00:00:00,102.98895263671875,117.91999816894531,118.05999755859375,117.75,118.05999755859375,7477900
2021-01-06 00:00:00,102.48238372802734,117.33999633789062,117.9000015258789,117.1500015258789,117.9000015258789,10687200
2021-01-07 00:00:00,102.37755584716797,117.22000122070312,117.26000213623047,117.06999969482422,117.12999725341797,6639400
2021-01-08 00:00:00,102.25527954101562,117.08000183105469,117.33999633789062,116.9800033569336,117.18000030517578,7335700
2021-01-11 00:00:00,102.0893783569336,116.88999938964844,117.05000305175781,116.88999938964844,117.0199966430664,8610100
2021-01-12 00:00:00,102.17668914794922,116.98999786376953,116.98999786376953,116.68000030517578,116.81999969482422,7269600
2021-01-13 00:00:00,102.4998550415039,117.36000061035156,117.62999725341797,117.08000183105469,117.62999725341797,6788500
2021-01-14 00:00:00,102.29894256591797,117.12999725341797,117.44999694824219,117.08000183105469,117.37000274658203,6610500
2021-01-15 00:00:00,102.4037857055664,117.25,117.36000061035156,117.18000030517578,117.33999633789062,6447700
2021-01-19 00:00:00,102.54350280761719,117.41000366210938,117.41999816894531,117.22000122070312,117.2699966430664,7601100
2021-01-20 00:00:00,102.55224609375,117.41999816894531,117.43000030517578,117.30999755859375,117.3499984741211,6229100
2021-01-21 00:00:00,102.4037857055664,117.25,117.30000305175781,117.13999938964844,117.22000122070312,8301000
2021-01-22 00:00:00,102.4037857055664,117.25,117.31999969482422,117.19000244140625,117.29000091552734,3513700
2021-01-25 00:00:00,102.66578674316406,117.55000305175781,117.55999755859375,117.36000061035156,117.38999938964844,4049000
2021-01-26 00:00:00,102.6308822631836,117.51000213623047,117.58999633789062,117.43000030517578,117.45999908447266,3639500
2021-01-27 00:00:00,102.63956451416016,117.5199966430664,117.66999816894531,117.04000091552734,117.61000061035156,3619100
2021-01-28 00:00:00,102.56971740722656,117.44000244140625,117.48999786376953,117.29000091552734,117.4800033569336,6176500
2021-01-29 00:00:00,102.45616912841797,117.30999755859375,117.4000015258789,116.55999755859375,117.16000366210938,12164800
2021-02-01 00:00:00,102.55414581298828,117.2300033569336,117.26000213623047,117.08999633789062,117.19999694824219,6621900
2021-02-02 00:00:00,102.39669036865234,117.05000305175781,117.08999633789062,116.97000122070312,116.98999786376953,7323400
2021-02-03 00:00:00,102.27425384521484,116.91000366210938,116.98999786376953,116.87000274658203,116.97000122070312,5492400
2021-02-04 00:00:00,102.23048400878906,116.86000061035156,116.88999938964844,116.69000244140625,116.75,5287400
2021-02-05 00:00:00,102.0992660522461,116.70999908447266,116.95999908447266,116.69999694824219,116.91000366210938,3446600
2021-02-08 00:00:00,102.20420837402344,116.83000183105469,116.93000030517578,116.72000122070312,116.75,4704200
2021-02-09 00:00:00,102.24795532226562,116.87999725341797,116.97000122070312,116.81999969482422,116.94000244140625,4533400
2021-02-10 00:00:00,102.34419250488281,116.98999786376953,117.01000213623047,116.91999816894531,116.97000122070312,4378300
2021-02-11 00:00:00,102.22173309326172,116.8499984741211,117.02999877929688,116.80000305175781,117.02999877929688,3470800
2021-02-12 00:00:00,101.98554992675781,116.58000183105469,116.73999786376953,116.54000091552734,116.66999816894531,3284900
2021-02-16 00:00:00,101.5043716430664,116.02999877929688,116.2300033569336,116.0199966430664,116.22000122070312,5682700
2021-02-17 00:00:00,101.70560455322266,116.26000213623047,116.29000091552734,116.1500015258789,116.22000122070312,6304100
2021-02-18 00:00:00,101.6530990600586,116.19999694824219,116.27999877929688,116.02999877929688,116.13999938964844,5333500
2021-02-19 00:00:00,101.3381576538086,115.83999633789062,116.05999755859375,115.75,116.0199966430664,4673100
2021-02-22 00:00:00,101.02320861816406,115.4800033569336,115.87000274658203,115.4800033569336,115.76000213623047,4894200
2021-02-23 00:00:00,101.04949188232422,115.51000213623047,115.75,115.2699966430664,115.75,6035200
2021-02-24 00:00:00,101.01449584960938,115.47000122070312,115.5,115.01000213623047,115.05999755859375,6232300
2021-02-25 00:00:00,100.0871810913086,114.41000366210938,115.29000091552734,114.19999694824219,115.01000213623047,14926900
2021-02-26 00:00:00,100.90074920654297,115.33999633789062,115.38999938964844,114.58999633789062,114.95999908447266,11333400
2021-03-01 00:00:00,100.84819793701172,115.08999633789062,115.58999633789062,114.88999938964844,114.97000122070312,13018100
2021-03-02 00:00:00,100.86571502685547,115.11000061035156,115.12000274658203,114.94999694824219,115.04000091552734,10111300
2021-03-03 00:00:00,100.49769592285156,114.69000244140625,114.83000183105469,114.5999984741211,114.80000305175781,10317500
2021-03-04 00:00:00,100.2085189819336,114.36000061035156,114.80000305175781,114.26000213623047,114.79000091552734,5953600
2021-03-05 00:00:00,100.13842010498047,114.27999877929688,114.31999969482422,114.05000305175781,114.16999816894531,8675700
2021-03-08 00:00:00,99.74410247802734,113.83000183105469,114.2300033569336,113.83000183105469,114.19999694824219,5639400
2021-03-09 00:00:00,100.12088775634766,114.26000213623047,114.30999755859375,114.0,114.19999694824219,5676800
2021-03-10 00:00:00,100.28736877441406,114.44999694824219,114.5,114.27999877929688,114.30000305175781,6936900
2021-03-11 00:00:00,100.27861785888672,114.44000244140625,114.54000091552734,114.30000305175781,114.47000122070312,8827800
2021-03-12 00:00:00,99.70905303955078,113.79000091552734,113.91000366210938,113.70999908447266,113.87999725341797,5066800
2021-03-15 00:00:00,99.8142318725586,113.91000366210938,114.01000213623047,113.5999984741211,113.5999984741211,5000500
2021-03-16 00:00:00,99.77914428710938,113.87000274658203,114.02999877929688,113.77999877929688,113.97000122070312,3990900
2021-03-17 00:00:00,99.77039337158203,113.86000061035156,113.9800033569336,113.4800033569336,113.55000305175781,6229800
2021-03-18 00:00:00,99.38481140136719,113.41999816894531,113.55000305175781,113.19999694824219,113.31999969482422,6222200
2021-03-19 00:00:00,99.46369934082031,113.51000213623047,113.54000091552734,113.33000183105469,113.4000015258789,4701400
2021-03-22 00:00:00,99.65647888183594,113.7300033569336,113.80000305175781,113.5999984741211,113.69999694824219,5468600
2021-03-23 00:00:00,99.91056060791016,114.0199966430664,114.04000091552734,113.7699966430664,113.88999938964844,5524900
2021-03-24 00:00:00,100.03328704833984,114.16000366210938,114.19999694824219,113.86000061035156,113.9000015258789,6352600
2021-03-25 00:00:00,99.98067474365234,114.0999984741211,114.29000091552734,113.98999786376953,114.23999786376953,5178000
2021-03-26 00:00:00,99.8142318725586,113.91000366210938,114.08000183105469,113.86000061035156,113.91000366210938,4333900
2021-03-29 00:00:00,99.64774322509766,113.72000122070312,114.0,113.5199966430664,113.5199966430664,7630800
2021-03-30 00:00:00,99.72659301757812,113.80999755859375,113.8499984741211,113.52999877929688,113.63999938964844,4996900
2021-03-31 00:00:00,99.74410247802734,113.83000183105469,113.9800033569336,113.70999908447266,113.83999633789062,6309200
2021-04-01 00:00:00,100.07933807373047,114.04000091552734,114.05000305175781,113.83000183105469,113.93000030517578,10767200
2021-04-05 00:00:00,99.87750244140625,113.80999755859375,113.88999938964844,113.69000244140625,113.77999877929688,9230100
2021-04-06 00:00:00,100.22850799560547,114.20999908447266,114.22000122070312,113.94999694824219,113.9800033569336,4864100
2021-04-07 00:00:00,100.07056427001953,114.02999877929688,114.30000305175781,114.02999877929688,114.12000274658203,4505600
2021-04-08 00:00:00,100.31629180908203,114.30999755859375,114.30999755859375,114.12999725341797,114.18000030517578,4932100
2021-04-09 00:00:00,100.20218658447266,114.18000030517578,114.33000183105469,114.04000091552734,114.11000061035156,7467100
2021-04-12 00:00:00,100.17587280273438,114.1500015258789,114.16999816894531,114.0,114.16999816894531,3844900
2021-04-13 00:00:00,100.4654769897461,114.4800033569336,114.4800033569336,114.11000061035156,114.12000274658203,4040500
2021-04-14 00:00:00,100.38648986816406,114.38999938964844,114.44000244140625,114.27999877929688,114.41000366210938,3620500
2021-04-15 00:00:00,100.7813949584961,114.83999633789062,114.9800033569336,113.77999877929688,113.77999877929688,6753200
2021-04-16 00:00:00,100.5181655883789,114.54000091552734,114.66999816894531,114.5,114.55999755859375,3663600
2021-04-19 00:00:00,100.43915557861328,114.44999694824219,114.5,114.0,114.0,5072800
2021-04-20 00:00:00,100.59711456298828,114.62999725341797,114.66999816894531,114.38999938964844,114.41999816894531,4322200
2021-04-21 00:00:00,100.69363403320312,114.73999786376953,114.73999786376953,114.52999877929688,114.5999984741211,5511300
2021-04-22 00:00:00,100.719970703125,114.7699966430664,114.80000305175781,114.58999633789062,114.73999786376953,4570700
2021-04-23 00:00:00,100.70242309570312,114.75,115.08999633789062,114.63999938964844,114.80999755859375,3620700
2021-04-26 00:00:00,100.61463928222656,114.6500015258789,114.80000305175781,114.6500015258789,114.73999786376953,3480300
2021-04-27 00:00:00,100.36895751953125,114.37000274658203,115.12999725341797,114.37000274658203,115.12999725341797,3823300
2021-04-28 00:00:00,100.42157745361328,114.43000030517578,114.47000122070312,114.19999694824219,114.44999694824219,7078600
2021-04-29 00:00:00,100.36895751953125,114.37000274658203,114.37000274658203,114.08999633789062,114.13999938964844,6254100
2021-04-30 00:00:00,100.47422790527344,114.48999786376953,114.5199966430664,114.33000183105469,114.41000366210938,6469500
2021-05-03 00:00:00,100.53842163085938,114.38999938964844,114.58999633789062,114.33000183105469,114.4000015258789,5939500
2021-05-04 00:00:00,100.6614761352539,114.52999877929688,114.69999694824219,114.41000366210938,114.55000305175781,6291300
2021-05-05 00:00:00,100.7405776977539,114.62000274658203,114.62000274658203,114.44999694824219,114.44999694824219,3329000
2021-05-06 00:00:00,100.75812530517578,114.63999938964844,114.70999908447266,114.52999877929688,114.55000305175781,4739400
2021-05-07 00:00:00,100.73177337646484,114.61000061035156,114.97000122070312,114.56999969482422,114.8499984741211,7005200
2021-05-10 00:00:00,100.57360076904297,114.43000030517578,114.72000122070312,114.4000015258789,114.61000061035156,5576500
2021-05-11 00:00:00,100.35385131835938,114.18000030517578,114.37999725341797,114.12999725341797,114.2300033569336,6161400
2021-05-12 00:00:00,100.00227355957031,113.77999877929688,114.01000213623047,113.77999877929688,113.9800033569336,7000800
2021-05-13 00:00:00,100.2308120727539,114.04000091552734,114.05999755859375,113.77999877929688,113.9000015258789,6772300
2021-05-14 00:00:00,100.45928955078125,114.30000305175781,114.30000305175781,114.12000274658203,114.22000122070312,3985500
2021-05-17 00:00:00,100.37140655517578,114.19999694824219,114.25,114.1500015258789,114.20999908447266,4926600
2021-05-18 00:00:00,100.24835968017578,114.05999755859375,114.11000061035156,114.02999877929688,114.11000061035156,3674600
2021-05-19 00:00:00,100.1077651977539,113.9000015258789,114.62000274658203,113.79000091552734,114.62000274658203,6892400
2021-05-20 00:00:00,100.45050048828125,114.29000091552734,114.30000305175781,114.08000183105469,114.08000183105469,6243300
2021-05-21 00:00:00,100.49446105957031,114.33999633789062,114.4000015258789,114.2300033569336,114.36000061035156,3873200
2021-05-24 00:00:00,100.59113311767578,114.44999694824219,114.51000213623047,114.37999725341797,114.5,3867700
2021-05-25 00:00:00,100.83723449707031,114.7300033569336,114.75,114.02999877929688,114.58000183105469,6351700
2021-05-26 00:00:00,100.80210876464844,114.69000244140625,114.80000305175781,114.12999725341797,114.12999725341797,3969400
2021-05-27 00:00:00,100.67903900146484,114.55000305175781,114.62000274658203,114.44999694824219,114.61000061035156,5072300
2021-05-28 00:00:00,100.67903900146484,114.55000305175781,114.68000030517578,114.5,114.55000305175781,6768200
2021-06-01 00:00:00,100.63240814208984,114.33000183105469,114.4000015258789,114.16000366210938,114.36000061035156,6209800
2021-06-02 00:00:00,100.7644271850586,114.4800033569336,114.51000213623047,114.30000305175781,114.44999694824219,6103900
2021-06-03 00:00:00,100.5267562866211,114.20999908447266,114.45999908447266,114.20999908447266,114.30999755859375,3464300
2021-06-04 00:00:00,100.94046783447266,114.68000030517578,114.68000030517578,114.22000122070312,114.38999938964844,4535800
2021-06-07 00:00:00,100.87003326416016,114.5999984741211,114.63999938964844,113.97000122070312,113.97000122070312,3728400
2021-06-08 00:00:00,101.05485534667969,114.80999755859375,114.87000274658203,114.77999877929688,114.83999633789062,4395100
2021-06-09 00:00:00,101.25731658935547,115.04000091552734,115.43000030517578,114.97000122070312,115.43000030517578,3643100
2021-06-10 00:00:00,101.46857452392578,115.27999877929688,115.30999755859375,114.86000061035156,115.30000305175781,4021900
2021-06-11 00:00:00,101.424560546875,115.2300033569336,115.31999969482422,115.16000366210938,115.30999755859375,3781900
2021-06-14 00:00:00,101.1693115234375,114.94000244140625,115.18000030517578,114.94000244140625,115.18000030517578,3270800
2021-06-15 00:00:00,101.21333312988281,114.98999786376953,115.0199966430664,114.87000274658203,114.9000015258789,8230400
2021-06-16 00:00:00,100.88766479492188,114.62000274658203,115.12999725341797,114.51000213623047,115.06999969482422,8654200
2021-06-17 00:00:00,101.20452117919922,114.9800033569336,115.25,114.79000091552734,114.79000091552734,7641700
2021-06-18 00:00:00,101.47738647460938,115.29000091552734,115.38999938964844,114.91000366210938,115.05000305175781,5690400
2021-06-21 00:00:00,101.21333312988281,114.98999786376953,115.12000274658203,114.91999816894531,115.05999755859375,6875500
2021-06-22 00:00:00,101.31893920898438,115.11000061035156,115.13999938964844,114.83000183105469,114.83000183105469,6485100
2021-06-23 00:00:00,101.26612091064453,115.05000305175781,115.13999938964844,114.98999786376953,115.05999755859375,5070500
2021-06-24 00:00:00,101.30132293701172,115.08999633789062,115.16999816894531,115.05000305175781,115.0999984741211,8357900
2021-06-25 00:00:00,101.098876953125,114.86000061035156,115.12999725341797,114.75,115.11000061035156,6496600
2021-06-28 00:00:00,101.38936614990234,115.19000244140625,115.2300033569336,115.04000091552734,115.04000091552734,5739000
2021-06-29 00:00:00,101.44212341308594,115.25,115.25,115.05000305175781,115.05999755859375,5097100
2021-06-30 00:00:00,101.51258087158203,115.33000183105469,115.44999694824219,115.30000305175781,115.36000061035156,6653100
2021-07-01 00:00:00,101.45616912841797,115.11000061035156,115.19000244140625,115.01000213623047,115.1500015258789,4744900
2021-07-02 00:00:00,101.67652130126953,115.36000061035156,115.37000274658203,115.16999816894531,115.2300033569336,4312800
2021-07-06 00:00:00,102.00261688232422,115.7300033569336,115.83000183105469,115.51000213623047,115.51000213623047,7372900
2021-07-07 00:00:00,102.17892456054688,115.93000030517578,116.0199966430664,115.75,115.83000183105469,7786400
2021-07-08 00:00:00,102.29345703125,116.05999755859375,116.18000030517578,115.95999908447266,116.04000091552734,6538400
2021-07-09 00:00:00,101.95856475830078,115.68000030517578,115.76000213623047,115.68000030517578,115.73999786376953,4750800
2021-07-12 00:00:00,101.89688110351562,115.61000061035156,115.80999755859375,115.5999984741211,115.80000305175781,4266600
2021-07-13 00:00:00,101.67652130126953,115.36000061035156,115.76000213623047,115.30000305175781,115.6500015258789,5145200
2021-07-14 00:00:00,102.0202407836914,115.75,115.76000213623047,115.56999969482422,115.58999633789062,4977400
2021-07-15 00:00:00,102.2406234741211,116.0,116.0199966430664,115.72000122070312,115.94000244140625,4480900
2021-07-16 00:00:00,102.15248107910156,115.9000015258789,115.95999908447266,115.76000213623047,115.7699966430664,3869500
2021-07-19 00:00:00,102.69013214111328,116.51000213623047,116.61000061035156,116.3499984741211,116.38999938964844,6688100
2021-07-20 00:00:00,102.59317016601562,116.4000015258789,116.81999969482422,116.31999969482422,116.77999877929688,8474800
2021-07-21 00:00:00,102.25822448730469,116.0199966430664,116.1500015258789,115.91999816894531,116.08000183105469,9686100
2021-07-22 00:00:00,102.4962158203125,116.29000091552734,116.3499984741211,116.02999877929688,116.02999877929688,8176300
2021-07-23 00:00:00,102.42568969726562,116.20999908447266,116.22000122070312,116.02999877929688,116.02999877929688,4441000
2021-07-26 00:00:00,102.3375473022461,116.11000061035156,116.33000183105469,116.08999633789062,116.30000305175781,7127400
2021-07-27 00:00:00,102.57551574707031,116.37999725341797,116.4000015258789,116.2699966430664,116.3499984741211,5423800
2021-07-28 00:00:00,102.6724853515625,116.48999786376953,116.48999786376953,116.13999938964844,116.23999786376953,5463600
2021-07-29 00:00:00,102.50498962402344,116.30000305175781,116.36000061035156,116.2300033569336,116.29000091552734,6629500
2021-07-30 00:00:00,102.64602661132812,116.45999908447266,116.48999786376953,116.3499984741211,116.36000061035156,5552100
2021-08-02 00:00:00,102.86402893066406,116.54000091552734,116.68000030517578,116.30999755859375,116.36000061035156,5753800
2021-08-03 00:00:00,102.89936065673828,116.58000183105469,116.69000244140625,116.52999877929688,116.55999755859375,3715300
2021-08-04 00:00:00,102.89053344726562,116.56999969482422,116.83000183105469,116.30000305175781,116.7699966430664,4654300
2021-08-05 00:00:00,102.6610336303711,116.30999755859375,116.4800033569336,116.27999877929688,116.45999908447266,3283100
2021-08-06 00:00:00,102.2020492553711,115.79000091552734,116.0199966430664,115.77999877929688,115.93000030517578,3812000
2021-08-09 00:00:00,102.01671600341797,115.58000183105469,115.95999908447266,115.58000183105469,115.88999938964844,5298600
2021-08-10 00:00:00,101.88433074951172,115.43000030517578,115.6500015258789,115.43000030517578,115.6500015258789,7332100
2021-08-11 00:00:00,101.98141479492188,115.54000091552734,115.69999694824219,115.33999633789062,115.45999908447266,6674600
2021-08-12 00:00:00,101.990234375,115.55000305175781,115.58000183105469,115.4000015258789,115.48999786376953,5017300
2021-08-13 00:00:00,102.3609390258789,115.97000122070312,115.97000122070312,115.63999938964844,115.6500015258789,4599800
2021-08-16 00:00:00,102.41390991210938,116.02999877929688,116.2699966430664,116.02999877929688,116.13999938964844,3693600
2021-08-17 00:00:00,102.33447265625,115.94000244140625,116.08999633789062,115.93000030517578,115.9800033569336,5469200
2021-08-18 00:00:00,102.34329223632812,115.94999694824219,116.02999877929688,115.80000305175781,115.94000244140625,3981900
2021-08-19 00:00:00,102.51986694335938,116.1500015258789,116.16000366210938,116.0199966430664,116.12000274658203,4581300
2021-08-20 00:00:00,102.52867889404297,116.16000366210938,116.20999908447266,116.08000183105469,116.18000030517578,2897800
2021-08-23 00:00:00,102.52867889404297,116.16000366210938,116.18000030517578,116.04000091552734,116.08999633789062,6585300
2021-08-24 00:00:00,102.37861633300781,115.98999786376953,116.13999938964844,115.95999908447266,116.08000183105469,5875400
2021-08-25 00:00:00,102.18439483642578,115.7699966430664,116.01000213623047,115.68000030517578,115.98999786376953,5452000
2021-08-26 00:00:00,102.1932373046875,115.77999877929688,115.79000091552734,115.63999938964844,115.76000213623047,4879200
2021-08-27 00:00:00,102.4756851196289,116.0999984741211,116.0999984741211,115.70999908447266,115.80999755859375,5545600
2021-08-30 00:00:00,102.5904312133789,116.2300033569336,116.2300033569336,116.0,116.0199966430664,3706000
2021-08-31 00:00:00,102.44035339355469,116.05999755859375,116.29000091552734,116.0199966430664,116.18000030517578,6763900
2021-09-01 00:00:00,102.47311401367188,115.93000030517578,116.0199966430664,115.80999755859375,116.0199966430664,4154000
2021-09-02 00:00:00,102.57914733886719,116.05000305175781,116.05999755859375,115.91999816894531,116.0199966430664,5427300
2021-09-03 00:00:00,102.40239715576172,115.8499984741211,115.88999938964844,115.7699966430664,115.83999633789062,5274300
2021-09-07 00:00:00,102.12837219238281,115.54000091552734,115.6500015258789,115.47000122070312,115.63999938964844,3579900
2021-09-08 00:00:00,102.29630279541016,115.7300033569336,115.81999969482422,115.62000274658203,115.69999694824219,3417500
2021-09-09 00:00:00,102.62335968017578,116.0999984741211,116.1500015258789,115.76000213623047,115.83999633789062,3332600
2021-09-10 00:00:00,102.4200439453125,115.87000274658203,116.01000213623047,115.77999877929688,115.98999786376953,3957300
2021-09-13 00:00:00,102.55265045166016,116.0199966430664,116.08000183105469,115.95999908447266,116.0,3954100
2021-09-14 00:00:00,102.78245544433594,116.27999877929688,116.37999725341797,116.06999969482422,116.06999969482422,4183600
2021-09-15 00:00:00,102.68522644042969,116.16999816894531,116.29000091552734,116.08999633789062,116.29000091552734,3448500
2021-09-16 00:00:00,102.50843048095703,115.97000122070312,116.11000061035156,115.91000366210938,115.94999694824219,4265500
2021-09-17 00:00:00,102.4200439453125,115.87000274658203,115.87999725341797,115.73999786376953,115.80000305175781,5742500
2021-09-20 00:00:00,102.61451721191406,116.08999633789062,116.16999816894531,115.9800033569336,116.0199966430664,5464700
2021-09-21 00:00:00,102.65870666503906,116.13999938964844,116.16999816894531,116.05000305175781,116.12999725341797,5225200
2021-09-22 00:00:00,102.69408416748047,116.18000030517578,116.25,116.01000213623047,116.11000061035156,7139900
2021-09-23 00:00:00,102.19026184082031,115.61000061035156,115.94000244140625,115.56999969482422,115.93000030517578,8265000
2021-09-24 00:00:00,102.01348114013672,115.41000366210938,115.51000213623047,115.31999969482422,115.5,4461900
2021-09-27 00:00:00,101.87200164794922,115.25,115.37999725341797,115.19000244140625,115.20999908447266,5630600
2021-09-28 00:00:00,101.4477310180664,114.7699966430664,115.0,114.69999694824219,114.9000015258789,7017100
2021-09-29 00:00:00,101.51841735839844,114.8499984741211,115.05999755859375,114.72000122070312,114.97000122070312,6161300
2021-09-30 00:00:00,101.50079345703125,114.83000183105469,114.86000061035156,114.69000244140625,114.7699966430664,5348800
2021-10-01 00:00:00,101.81061553955078,115.0,115.05999755859375,114.79000091552734,114.81999969482422,7064500
2021-10-04 00:00:00,101.73979187011719,114.91999816894531,115.02999877929688,114.80000305175781,114.91999816894531,4180600
2021-10-05 00:00:00,101.50079345703125,114.6500015258789,114.87000274658203,114.61000061035156,114.81999969482422,7421900
2021-10-06 00:00:00,101.54500579833984,114.69999694824219,114.7300033569336,114.58999633789062,114.68000030517578,4893400
2021-10-07 00:00:00,101.26173400878906,114.37999725341797,114.5,114.33999633789062,114.45999908447266,4456100
2021-10-08 00:00:00,101.04042053222656,114.12999725341797,114.3499984741211,114.06999969482422,114.30999755859375,4581900
2021-10-11 00:00:00,100.88102722167969,113.94999694824219,114.06999969482422,113.94000244140625,114.01000213623047,2178400
2021-10-12 00:00:00,101.25286102294922,114.37000274658203,114.37999725341797,114.11000061035156,114.16999816894531,3688400
2021-10-13 00:00:00,101.4830551147461,114.62999725341797,114.63999938964844,114.41999816894531,114.43000030517578,5522700
2021-10-14 00:00:00,101.6778564453125,114.8499984741211,114.8499984741211,114.62999725341797,114.69999694824219,4094500
2021-10-15 00:00:00,101.42994689941406,114.56999969482422,114.62999725341797,114.51000213623047,114.61000061035156,4644800
2021-10-18 00:00:00,101.35913848876953,114.48999786376953,114.55999755859375,114.25,114.33000183105469,5575100
2021-10-19 00:00:00,101.06698608398438,114.16000366210938,114.37000274658203,114.16000366210938,114.37000274658203,5041000
2021-10-20 00:00:00,100.99613952636719,114.08000183105469,114.29000091552734,114.05999755859375,114.16999816894531,6183700
2021-10-21 00:00:00,100.78368377685547,113.83999633789062,114.04000091552734,113.83999633789062,114.01000213623047,5228300
2021-10-22 00:00:00,100.97843170166016,114.05999755859375,114.13999938964844,113.9000015258789,113.97000122070312,3528600
2021-10-25 00:00:00,101.07582092285156,114.16999816894531,114.2699966430664,114.05999755859375,114.05999755859375,8569600
2021-10-26 00:00:00,101.26173400878906,114.37999725341797,114.37999725341797,114.11000061035156,114.25,5429800
2021-10-27 00:00:00,101.59814453125,114.76000213623047,114.91999816894531,114.43000030517578,114.66000366210938,8048500
2021-10-28 00:00:00,101.5184555053711,114.66999816894531,114.83000183105469,114.56999969482422,114.70999908447266,5916000
2021-10-29 00:00:00,101.49190521240234,114.63999938964844,114.77999877929688,114.3499984741211,114.3499984741211,10047900
2021-11-01 00:00:00,101.42984771728516,114.38999938964844,114.41999816894531,114.13999938964844,114.16000366210938,6197900
2021-11-02 00:00:00,101.63378143310547,114.62000274658203,114.69000244140625,114.43000030517578,114.43000030517578,5317000
2021-11-03 00:00:00,101.42984771728516,114.38999938964844,114.69000244140625,114.25,114.6500015258789,6421700
2021-11-04 00:00:00,101.76680755615234,114.7699966430664,114.83999633789062,114.4800033569336,114.51000213623047,6618100
2021-11-05 00:00:00,102.16580200195312,115.22000122070312,115.31999969482422,114.9000015258789,114.98999786376953,7283100
2021-11-08 00:00:00,101.97962951660156,115.01000213623047,115.1500015258789,114.94999694824219,115.13999938964844,4922800
2021-11-09 00:00:00,102.26335906982422,115.33000183105469,115.5,115.29000091552734,115.37999725341797,8960500
2021-11-10 00:00:00,101.57173919677734,114.55000305175781,115.13999938964844,114.4000015258789,115.11000061035156,11620300
2021-11-11 00:00:00,101.38552856445312,114.33999633789062,114.56999969482422,114.30000305175781,114.51000213623047,3937100
2021-11-12 00:00:00,101.3677749633789,114.31999969482422,114.58999633789062,114.26000213623047,114.5,4554700
2021-11-15 00:00:00,100.995361328125,113.9000015258789,114.30999755859375,113.9000015258789,114.30000305175781,6405000
2021-11-16 00:00:00,100.95987701416016,113.86000061035156,114.11000061035156,113.83999633789062,113.91999816894531,7484000
2021-11-17 00:00:00,101.1993179321289,114.12999725341797,114.12999725341797,113.7699966430664,113.79000091552734,7173100
2021-11-18 00:00:00,101.28797149658203,114.2300033569336,114.27999877929688,114.02999877929688,114.05000305175781,4226900
2021-11-19 00:00:00,101.4830551147461,114.44999694824219,114.58999633789062,114.41999816894531,114.48999786376953,5685900
2021-11-22 00:00:00,100.995361328125,113.9000015258789,114.2300033569336,113.81999969482422,114.13999938964844,6995300
2021-11-23 00:00:00,100.59635162353516,113.44999694824219,113.7699966430664,113.44999694824219,113.70999908447266,6268600
2021-11-24 00:00:00,100.8268814086914,113.70999908447266,113.7300033569336,113.38999938964844,113.47000122070312,8472400
2021-11-26 00:00:00,101.54511260986328,114.5199966430664,114.58000183105469,114.19999694824219,114.33000183105469,3258900
2021-11-29 00:00:00,101.59831237792969,114.58000183105469,114.5999984741211,114.12999725341797,114.1500015258789,8982800
2021-11-30 00:00:00,101.76680755615234,114.7699966430664,115.11000061035156,114.5,114.87000274658203,13109000
2021-12-01 00:00:00,101.78632354736328,114.62999725341797,114.63999938964844,114.20999908447266,114.2699966430664,12772700
2021-12-02 00:00:00,101.7685546875,114.61000061035156,114.79000091552734,114.4000015258789,114.66999816894531,7759700
2021-12-03 00:00:00,102.17701721191406,115.06999969482422,115.23999786376953,114.45999908447266,114.5,7600800
2021-12-06 00:00:00,101.82183837890625,114.66999816894531,115.04000091552734,114.62000274658203,114.9800033569336,9416700
2021-12-07 00:00:00,101.66203308105469,114.48999786376953,114.70999908447266,114.44999694824219,114.5199966430664,6786900
2021-12-08 00:00:00,101.3956298828125,114.19000244140625,114.37000274658203,114.05000305175781,114.37000274658203,8050100
2021-12-09 00:00:00,101.40450286865234,114.19999694824219,114.38999938964844,114.12000274658203,114.27999877929688,8646500
2021-12-10 00:00:00,101.43114471435547,114.2300033569336,114.51000213623047,114.22000122070312,114.37000274658203,6501300
2021-12-13 00:00:00,101.78632354736328,114.62999725341797,114.70999908447266,114.45999908447266,114.51000213623047,8659300
2021-12-14 00:00:00,101.5909652709961,114.41000366210938,114.54000091552734,114.26000213623047,114.45999908447266,7503600
2021-12-15 00:00:00,101.51106262207031,114.31999969482422,114.44999694824219,114.11000061035156,114.2300033569336,7459100
2021-12-16 00:00:00,101.650634765625,114.36000061035156,114.4800033569336,114.26000213623047,114.26000213623047,7566600
2021-12-17 00:00:00,101.77506256103516,114.5,114.68000030517578,114.47000122070312,114.55000305175781,7428000
2021-12-20 00:00:00,101.62396240234375,114.33000183105469,114.61000061035156,114.31999969482422,114.56999969482422,7382600
2021-12-21 00:00:00,101.54396057128906,114.23999786376953,114.31999969482422,113.97000122070312,114.06999969482422,12970200
2021-12-22 00:00:00,101.63285064697266,114.33999633789062,114.3499984741211,114.16999816894531,114.33000183105469,6171700
2021-12-23 00:00:00,101.50837707519531,114.19999694824219,114.30999755859375,114.06999969482422,114.29000091552734,5506700
2021-12-27 00:00:00,101.56173706054688,114.26000213623047,114.30000305175781,114.12999725341797,114.1500015258789,5436800
2021-12-28 00:00:00,101.51728057861328,114.20999908447266,114.44999694824219,114.16999816894531,114.43000030517578,5253800
2021-12-29 00:00:00,101.215087890625,113.87000274658203,114.05000305175781,113.80999755859375,113.98999786376953,5933800
2021-12-30 00:00:00,101.43729400634766,114.12000274658203,114.12999725341797,113.83000183105469,113.98999786376953,5455400
2021-12-31 00:00:00,101.40174102783203,114.08000183105469,114.30999755859375,114.05999755859375,114.1500015258789,7989500
2022-01-03 00:00:00,100.70842742919922,113.30000305175781,113.68000030517578,113.30000305175781,113.66999816894531,9399200
2022-01-04 00:00:00,100.69953918457031,113.29000091552734,113.30000305175781,113.08000183105469,113.22000122070312,7772100
2022-01-05 00:00:00,100.38844299316406,112.94000244140625,113.36000061035156,112.9000015258789,113.33999633789062,8530900
2022-01-06 00:00:00,100.28179168701172,112.81999969482422,112.83999633789062,112.66000366210938,112.75,8866500
2022-01-07 00:00:00,99.98843383789062,112.48999786376953,112.70999908447266,112.33999633789062,112.69000244140625,9018900
2022-01-10 00:00:00,99.8995361328125,112.38999938964844,112.41999816894531,112.13999938964844,112.2300033569336,8074900
2022-01-11 00:00:00,100.086181640625,112.5999984741211,112.62999725341797,112.2699966430664,112.33000183105469,6728600
2022-01-12 00:00:00,100.086181640625,112.5999984741211,112.79000091552734,112.58000183105469,112.72000122070312,6713200
2022-01-13 00:00:00,100.26398468017578,112.80000305175781,112.80000305175781,112.51000213623047,112.5999984741211,8454300
2022-01-14 00:00:00,99.70401000976562,112.16999816894531,112.55000305175781,112.1500015258789,112.52999877929688,9113400
2022-01-18 00:00:00,99.09957122802734,111.48999786376953,111.86000061035156,111.47000122070312,111.80999755859375,7943800
2022-01-19 00:00:00,99.31291198730469,111.7300033569336,111.88999938964844,111.6500015258789,111.69999694824219,8321000
2022-01-20 00:00:00,99.36621856689453,111.79000091552734,111.9000015258789,111.75,111.83999633789062,7186400
2022-01-21 00:00:00,99.75733947753906,112.2300033569336,112.3499984741211,112.11000061035156,112.19000244140625,8679600
2022-01-24 00:00:00,99.64179992675781,112.0999984741211,112.41999816894531,112.0999984741211,112.37999725341797,12131400
2022-01-25 00:00:00,99.54400634765625,111.98999786376953,112.30000305175781,111.95999908447266,112.18000030517578,9541000
2022-01-26 00:00:00,98.98401641845703,111.36000061035156,112.12999725341797,111.36000061035156,112.05999755859375,10729400
2022-01-27 00:00:00,99.31291198730469,111.7300033569336,111.87999725341797,111.62000274658203,111.62000274658203,6146800
2022-01-28 00:00:00,99.3840103149414,111.80999755859375,111.86000061035156,111.44000244140625,111.45999908447266,10855600
2022-01-31 00:00:00,99.37510681152344,111.80000305175781,111.88999938964844,111.5999984741211,111.63999938964844,12837400
2022-02-01 00:00:00,99.34037780761719,111.5999984741211,111.68000030517578,111.37999725341797,111.66000366210938,10356000
2022-02-02 00:00:00,99.44721221923828,111.72000122070312,111.97000122070312,111.66999816894531,111.69999694824219,7967900
2022-02-03 00:00:00,99.046630859375,111.2699966430664,111.37000274658203,111.12999725341797,111.26000213623047,10290400
2022-02-04 00:00:00,98.42354583740234,110.56999969482422,110.75,110.47000122070312,110.75,6967200
2022-02-07 00:00:00,98.51255798339844,110.66999816894531,110.70999908447266,110.47000122070312,110.56999969482422,6723400
2022-02-08 00:00:00,98.20991516113281,110.33000183105469,110.4800033569336,110.31999969482422,110.44000244140625,7987000
2022-02-09 00:00:00,98.27222442626953,110.4000015258789,110.68000030517578,110.38999938964844,110.51000213623047,9194400
2022-02-10 00:00:00,97.36428833007812,109.37999725341797,110.05999755859375,109.37999725341797,109.97000122070312,10761200
2022-02-11 00:00:00,98.00518798828125,110.0999984741211,110.16000366210938,109.33999633789062,109.73999786376953,13868300
2022-02-14 00:00:00,97.43547821044922,109.45999908447266,109.76000213623047,109.4000015258789,109.66000366210938,8843700
2022-02-15 00:00:00,97.2752685546875,109.27999877929688,109.51000213623047,109.23999786376953,109.36000061035156,5820200
2022-02-16 00:00:00,97.39098358154297,109.41000366210938,109.4800033569336,109.0999984741211,109.44000244140625,8116000
2022-02-17 00:00:00,97.5957260131836,109.63999938964844,109.80999755859375,109.51000213623047,109.58000183105469,10217000
2022-02-18 00:00:00,97.80044555664062,109.87000274658203,109.87999725341797,109.70999908447266,109.83000183105469,7110900
2022-02-22 00:00:00,97.69363403320312,109.75,109.77999877929688,109.55999755859375,109.68000030517578,7604400
2022-02-23 00:00:00,97.2574691772461,109.26000213623047,109.55000305175781,109.2300033569336,109.5199966430664,11732100
2022-02-24 00:00:00,97.43547821044922,109.45999908447266,109.7699966430664,109.16999816894531,109.66999816894531,12372100
2022-02-25 00:00:00,97.53341674804688,109.56999969482422,109.58000183105469,109.33000183105469,109.44999694824219,10089100
2022-02-28 00:00:00,98.23664855957031,110.36000061035156,110.43000030517578,110.0199966430664,110.02999877929688,16594600
2022-03-01 00:00:00,98.79022216796875,110.81999969482422,111.16999816894531,110.56999969482422,110.5999984741211,14355100
2022-03-02 00:00:00,97.6045913696289,109.48999786376953,110.37999725341797,109.45999908447266,110.30000305175781,9028800
2022-03-03 00:00:00,97.93440246582031,109.86000061035156,110.0,109.6500015258789,109.79000091552734,15802600
2022-03-04 00:00:00,98.3266830444336,110.30000305175781,110.55000305175781,110.2300033569336,110.4000015258789,7838500
2022-03-07 00:00:00,97.75614929199219,109.66000366210938,110.13999938964844,109.63999938964844,109.87000274658203,12740600
2022-03-08 00:00:00,97.4084701538086,109.2699966430664,109.33000183105469,109.12000274658203,109.25,9933700
2022-03-09 00:00:00,97.20344543457031,109.04000091552734,109.20999908447266,108.93000030517578,109.0999984741211,11192300
2022-03-10 00:00:00,96.65966033935547,108.43000030517578,108.68000030517578,108.25,108.66000366210938,16234900
2022-03-11 00:00:00,96.64181518554688,108.41000366210938,108.55000305175781,108.33999633789062,108.44000244140625,11997800
2022-03-14 00:00:00,95.70579528808594,107.36000061035156,107.81999969482422,107.36000061035156,107.79000091552734,10961600
2022-03-15 00:00:00,95.91976165771484,107.5999984741211,107.91999816894531,107.43000030517578,107.83999633789062,14001200
2022-03-16 00:00:00,95.99104309082031,107.68000030517578,107.7300033569336,107.0,107.62999725341797,16805400
2022-03-17 00:00:00,96.15156555175781,107.86000061035156,108.05999755859375,107.7300033569336,107.8499984741211,8035400
2022-03-18 00:00:00,96.36547088623047,108.0999984741211,108.13999938964844,107.91999816894531,107.93000030517578,7864100
2022-03-21 00:00:00,95.4205322265625,107.04000091552734,107.6500015258789,106.9800033569336,107.58000183105469,8024800
2022-03-22 00:00:00,95.16202545166016,106.75,106.87999725341797,106.61000061035156,106.73999786376953,16120500
2022-03-23 00:00:00,95.55425262451172,107.19000244140625,107.20999908447266,106.70999908447266,106.95999908447266,9060700
2022-03-24 00:00:00,95.34033966064453,106.94999694824219,107.04000091552734,106.6500015258789,106.72000122070312,7480500
2022-03-25 00:00:00,94.58257293701172,106.0999984741211,106.6500015258789,105.9800033569336,106.56999969482422,10538700
2022-03-28 00:00:00,94.81436920166016,106.36000061035156,106.52999877929688,106.16000366210938,106.25,8540500
2022-03-29 00:00:00,95.26007843017578,106.86000061035156,106.88999938964844,106.45999908447266,106.61000061035156,11396500
2022-03-30 00:00:00,95.51862335205078,107.1500015258789,107.1500015258789,106.58999633789062,106.5999984741211,11544400
2022-03-31 00:00:00,95.47403717041016,107.0999984741211,107.37999725341797,107.05999755859375,107.16999816894531,13799100
2022-04-01 00:00:00,95.30440521240234,106.75,106.94999694824219,106.25,106.3499984741211,11581600
2022-04-04 00:00:00,95.38475799560547,106.83999633789062,106.87000274658203,106.55999755859375,106.83999633789062,9956400
2022-04-05 00:00:00,94.42057037353516,105.76000213623047,106.62999725341797,105.73999786376953,106.58000183105469,11028300
2022-04-06 00:00:00,94.17949676513672,105.48999786376953,105.80999755859375,105.12000274658203,105.20999908447266,13116000
2022-04-07 00:00:00,93.97415924072266,105.26000213623047,105.51000213623047,105.12999725341797,105.37999725341797,7922500
2022-04-08 00:00:00,93.50100708007812,104.7300033569336,105.01000213623047,104.62000274658203,104.81999969482422,6503200
2022-04-11 00:00:00,93.09922790527344,104.27999877929688,104.51000213623047,104.16999816894531,104.44000244140625,8381800
2022-04-12 00:00:00,93.39382934570312,104.61000061035156,104.91999816894531,104.58000183105469,104.80000305175781,8498700
2022-04-13 00:00:00,93.58133697509766,104.81999969482422,105.08999633789062,104.73999786376953,104.7699966430664,6801000
2022-04-14 00:00:00,92.82249450683594,103.97000122070312,104.73999786376953,103.93000030517578,104.7300033569336,8510100
2022-04-18 00:00:00,92.53675079345703,103.6500015258789,104.0199966430664,103.61000061035156,103.97000122070312,8633000
2022-04-19 00:00:00,91.97435760498047,103.0199966430664,103.43000030517578,102.97000122070312,103.26000213623047,7847500
2022-04-20 00:00:00,92.50106811523438,103.61000061035156,103.73999786376953,103.30000305175781,103.36000061035156,8460900
2022-04-21 00:00:00,91.99219512939453,103.04000091552734,103.47000122070312,102.79000091552734,103.44000244140625,11395800
2022-04-22 00:00:00,91.90290069580078,102.94000244140625,103.18000030517578,102.66999816894531,102.7300033569336,9159000
2022-04-25 00:00:00,92.51893615722656,103.62999725341797,103.93000030517578,103.47000122070312,103.47000122070312,8777500
2022-04-26 00:00:00,92.80460357666016,103.94999694824219,104.12999725341797,103.80000305175781,104.12999725341797,8535100
2022-04-27 00:00:00,92.4296646118164,103.52999877929688,104.01000213623047,103.52999877929688,103.91000366210938,11185400
2022-04-28 00:00:00,92.39393615722656,103.48999786376953,103.51000213623047,103.16999816894531,103.33000183105469,10372200
2022-04-29 00:00:00,91.84041595458984,102.87000274658203,103.2699966430664,102.81999969482422,102.91999816894531,9924100
2022-05-02 00:00:00,91.34046173095703,102.12999725341797,102.36000061035156,102.0,102.31999969482422,12729000
2022-05-03 00:00:00,91.54618835449219,102.36000061035156,102.79000091552734,102.29000091552734,102.70999908447266,12165300
2022-05-04 00:00:00,92.136474609375,103.0199966430664,103.05000305175781,102.12000274658203,102.31999969482422,14656400
2022-05-05 00:00:00,91.22418975830078,102.0,102.5199966430664,101.58999633789062,102.4800033569336,17474400
2022-05-06 00:00:00,90.83964538574219,101.56999969482422,101.94999694824219,101.48999786376953,101.66000366210938,8314100
2022-05-09 00:00:00,91.28679656982422,102.06999969482422,102.0999984741211,101.4800033569336,101.54000091552734,8640900
2022-05-10 00:00:00,91.5640640258789,102.37999725341797,102.72000122070312,102.31999969482422,102.5199966430664,18465000
2022-05-11 00:00:00,91.9039306640625,102.76000213623047,102.79000091552734,101.95999908447266,102.06999969482422,16462000
2022-05-12 00:00:00,92.07383728027344,102.94999694824219,103.13999938964844,102.87000274658203,102.94000244140625,9015300
2022-05-13 00:00:00,91.68033599853516,102.51000213623047,102.77999877929688,102.4800033569336,102.75,6715600
2022-05-16 00:00:00,91.8860092163086,102.73999786376953,102.97000122070312,102.69000244140625,102.70999908447266,7239200
2022-05-17 00:00:00,91.38518524169922,102.18000030517578,102.43000030517578,102.13999938964844,102.2699966430664,6559000
2022-05-18 00:00:00,91.75186157226562,102.58999633789062,102.63999938964844,102.08000183105469,102.11000061035156,6093800
2022-05-19 00:00:00,91.98439025878906,102.8499984741211,103.22000122070312,102.75,103.19999694824219,10504300
2022-05-20 00:00:00,92.26165771484375,103.16000366210938,103.20999908447266,102.87999725341797,102.94999694824219,6731400
2022-05-23 00:00:00,91.95755004882812,102.81999969482422,103.19999694824219,102.7300033569336,103.01000213623047,8007200
2022-05-24 00:00:00,92.66412353515625,103.61000061035156,103.73999786376953,103.12999725341797,103.13999938964844,10332300
2022-05-25 00:00:00,93.0486831665039,104.04000091552734,104.06999969482422,103.7699966430664,103.93000030517578,7718100
2022-05-26 00:00:00,92.97711944580078,103.95999908447266,104.19000244140625,103.80000305175781,104.06999969482422,5720000
2022-05-27 00:00:00,93.1291732788086,104.12999725341797,104.30999755859375,104.0199966430664,104.08999633789062,5496300
2022-05-31 00:00:00,92.53890228271484,103.47000122070312,103.63999938964844,103.29000091552734,103.52999877929688,10491700
2022-06-01 00:00:00,92.1590347290039,102.86000061035156,103.52999877929688,102.75,103.38999938964844,8056700
2022-06-02 00:00:00,92.27548217773438,102.98999786376953,103.08999633789062,102.7300033569336,103.05999755859375,7456800
2022-06-03 00:00:00,92.1231918334961,102.81999969482422,102.91000366210938,102.63999938964844,102.66999816894531,6561100
2022-06-06 00:00:00,91.5586929321289,102.19000244140625,102.7699966430664,102.16000366210938,102.66999816894531,5144500
2022-06-07 00:00:00,91.90811920166016,102.58000183105469,102.76000213623047,102.4000015258789,102.41999816894531,5620200
2022-06-08 00:00:00,91.5318374633789,102.16000366210938,102.55999755859375,102.16000366210938,102.41999816894531,4150800
2022-06-09 00:00:00,91.43328094482422,102.05000305175781,102.22000122070312,101.97000122070312,102.06999969482422,5423500
2022-06-10 00:00:00,90.7254638671875,101.26000213623047,101.72000122070312,101.02999877929688,101.66999816894531,7830000
2022-06-13 00:00:00,89.2381591796875,99.5999984741211,100.3499984741211,99.12999725341797,100.0999984741211,9479000
2022-06-14 00:00:00,88.70953369140625,99.01000213623047,99.94000244140625,98.86000061035156,99.83999633789062,10943400
2022-06-15 00:00:00,89.69509887695312,100.11000061035156,100.16000366210938,99.18000030517578,99.69000244140625,10979000
2022-06-16 00:00:00,89.91011810302734,100.3499984741211,100.36000061035156,99.13999938964844,99.23999786376953,9329900
2022-06-17 00:00:00,89.90119171142578,100.33999633789062,100.56999969482422,99.9800033569336,100.41999816894531,9892200
2022-06-21 00:00:00,89.54280853271484,99.94000244140625,100.26000213623047,99.79000091552734,100.0199966430664,9022500
2022-06-22 00:00:00,90.30435943603516,100.79000091552734,100.93000030517578,100.66999816894531,100.66999816894531,9437000
2022-06-23 00:00:00,90.68067932128906,101.20999908447266,101.76000213623047,101.12999725341797,101.25,7773900
2022-06-24 00:00:00,90.53730773925781,101.05000305175781,101.47000122070312,101.0,101.11000061035156,7389600
2022-06-27 00:00:00,90.1341323852539,100.5999984741211,100.94999694824219,100.4800033569336,100.66999816894531,8319700
2022-06-28 00:00:00,90.16996765136719,100.63999938964844,100.66000366210938,100.4000015258789,100.52999877929688,6540000
2022-06-29 00:00:00,90.68965148925781,101.22000122070312,101.23999786376953,100.68000030517578,100.80000305175781,7326500
2022-06-30 00:00:00,91.10177612304688,101.68000030517578,101.95999908447266,101.58000183105469,101.5999984741211,7521300
2022-07-01 00:00:00,91.86112976074219,102.33999633789062,102.79000091552734,102.08999633789062,102.20999908447266,7393100
2022-07-05 00:00:00,92.03170776367188,102.52999877929688,102.69999694824219,102.3499984741211,102.54000091552734,6813100
2022-07-06 00:00:00,91.41234588623047,101.83999633789062,102.80000305175781,101.83999633789062,102.77999877929688,6647700
2022-07-07 00:00:00,91.20588684082031,101.61000061035156,101.9800033569336,101.5199966430664,101.94000244140625,8226500
2022-07-08 00:00:00,90.86481475830078,101.2300033569336,101.44999694824219,101.16000366210938,101.3499984741211,5270100
2022-07-11 00:00:00,91.28666687011719,101.69999694824219,101.91999816894531,101.5999984741211,101.66999816894531,5758400
2022-07-12 00:00:00,91.41234588623047,101.83999633789062,102.19000244140625,101.81999969482422,102.0199966430664,6690500
2022-07-13 00:00:00,91.74446868896484,102.20999908447266,102.23999786376953,101.19000244140625,101.2300033569336,6534700
2022-07-14 00:00:00,91.42132568359375,101.8499984741211,101.9800033569336,101.33000183105469,101.51000213623047,6233300
2022-07-15 00:00:00,91.78035736083984,102.25,102.3499984741211,101.9000015258789,101.94000244140625,8640400
2022-07-18 00:00:00,91.48414611816406,101.91999816894531,102.02999877929688,101.72000122070312,102.0,6006400
2022-07-19 00:00:00,91.3584976196289,101.77999877929688,101.98999786376953,101.66000366210938,101.94999694824219,5936200
2022-07-20 00:00:00,91.29568481445312,101.70999908447266,102.16999816894531,101.66999816894531,102.16000366210938,6124000
2022-07-21 00:00:00,92.0586166381836,102.55999755859375,102.58000183105469,101.95999908447266,101.95999908447266,5920000
2022-07-22 00:00:00,92.7767105102539,103.36000061035156,103.5999984741211,103.12000274658203,103.26000213623047,7323100
2022-07-25 00:00:00,92.43561553955078,102.9800033569336,103.08999633789062,102.87000274658203,102.9000015258789,3729500
2022-07-26 00:00:00,92.41768646240234,102.95999908447266,103.51000213623047,102.95999908447266,103.44000244140625,6312200
2022-07-27 00:00:00,92.74080657958984,103.31999969482422,103.63999938964844,103.18000030517578,103.19000244140625,5431400
2022-07-28 00:00:00,93.40502166748047,104.05999755859375,104.20999908447266,103.83999633789062,104.08999633789062,6473800
2022-07-29 00:00:00,93.41398620605469,104.06999969482422,104.4000015258789,103.83000183105469,103.94000244140625,7674600
2022-08-01 00:00:00,93.73775482177734,104.2300033569336,104.30999755859375,103.91000366210938,103.98999786376953,7733700
2022-08-02 00:00:00,92.7754898071289,103.16000366210938,104.3499984741211,103.13999938964844,104.2699966430664,6869400
2022-08-03 00:00:00,93.18917846679688,103.62000274658203,103.63999938964844,102.72000122070312,103.02999877929688,6261700
2022-08-04 00:00:00,93.41400909423828,103.87000274658203,103.88999938964844,103.56999969482422,103.66999816894531,5199700
2022-08-05 00:00:00,92.37078857421875,102.70999908447266,102.83000183105469,102.5199966430664,102.80999755859375,4847100
2022-08-08 00:00:00,92.79345703125,103.18000030517578,103.29000091552734,103.04000091552734,103.0999984741211,3425000
2022-08-09 00:00:00,92.58661651611328,102.94999694824219,103.05000305175781,102.83999633789062,102.91999816894531,3854000
2022-08-10 00:00:00,92.82044219970703,103.20999908447266,103.68000030517578,103.11000061035156,103.43000030517578,7156200
2022-08-11 00:00:00,92.32579803466797,102.66000366210938,103.62999725341797,102.62000274658203,103.37999725341797,8518200
2022-08-12 00:00:00,92.739501953125,103.12000274658203,103.12000274658203,102.72000122070312,102.97000122070312,3643400
2022-08-15 00:00:00,92.8564224243164,103.25,103.44999694824219,103.23999786376953,103.37000274658203,3782900
2022-08-16 00:00:00,92.72151184082031,103.0999984741211,103.12999725341797,102.79000091552734,103.12999725341797,4976100
2022-08-17 00:00:00,92.17292022705078,102.48999786376953,102.73999786376953,102.33999633789062,102.63999938964844,7222300
2022-08-18 00:00:00,92.37078857421875,102.70999908447266,102.93000030517578,102.63999938964844,102.69999694824219,4260600
2022-08-19 00:00:00,91.72325897216797,101.98999786376953,102.12999725341797,101.8499984741211,102.12999725341797,4575500
2022-08-22 00:00:00,91.32755279541016,101.55000305175781,101.88999938964844,101.5199966430664,101.81999969482422,7133200
2022-08-23 00:00:00,91.29157257080078,101.51000213623047,101.97000122070312,101.4000015258789,101.54000091552734,7369600
2022-08-24 00:00:00,91.04875183105469,101.23999786376953,101.4000015258789,101.1500015258789,101.3499984741211,6318900
2022-08-25 00:00:00,91.5523910522461,101.80000305175781,101.87000274658203,101.23999786376953,101.33000183105469,8217300
2022-08-26 00:00:00,91.38153076171875,101.61000061035156,101.8499984741211,101.41999816894531,101.66999816894531,5584800
2022-08-29 00:00:00,90.94084167480469,101.12000274658203,101.27999877929688,101.05999755859375,101.2699966430664,7509000
2022-08-30 00:00:00,91.05775451660156,101.25,101.44999694824219,100.93000030517578,101.26000213623047,6573600
2022-08-31 00:00:00,90.57207489013672,100.70999908447266,101.2300033569336,100.63999938964844,101.04000091552734,6116500
2022-09-01 00:00:00,90.1792221069336,100.06999969482422,100.1500015258789,99.66000366210938,100.06999969482422,8961600
2022-09-02 00:00:00,90.44053649902344,100.36000061035156,100.66999816894531,100.12999725341797,100.37000274658203,5966800
2022-09-06 00:00:00,89.59343719482422,99.41999816894531,99.97000122070312,99.41000366210938,99.95999908447266,5341300
2022-09-07 00:00:00,90.21526336669922,100.11000061035156,100.12999725341797,99.72000122070312,99.7300033569336,3607100
2022-09-08 00:00:00,89.92688751220703,99.79000091552734,100.18000030517578,99.79000091552734,100.0,5546200
2022-09-09 00:00:00,89.91786193847656,99.77999877929688,100.12999725341797,99.7300033569336,99.98999786376953,7496100
2022-09-12 00:00:00,89.7826919555664,99.62999725341797,100.08999633789062,99.51000213623047,100.0,8535500
2022-09-13 00:00:00,89.27803802490234,99.06999969482422,99.19000244140625,98.9000015258789,98.91000366210938,4957400
2022-09-14 00:00:00,89.39517211914062,99.19999694824219,99.3499984741211,98.97000122070312,99.0,7557300
2022-09-15 00:00:00,89.12483215332031,98.9000015258789,99.11000061035156,98.83999633789062,99.04000091552734,6016600
2022-09-16 00:00:00,89.06178283691406,98.83000183105469,99.01000213623047,98.61000061035156,98.66000366210938,6965400
2022-09-19 00:00:00,88.92658996582031,98.68000030517578,98.83999633789062,98.4800033569336,98.52999877929688,5982200
2022-09-20 00:00:00,88.53008270263672,98.23999786376953,98.4000015258789,98.08000183105469,98.20999908447266,11271700
2022-09-21 00:00:00,88.80946350097656,98.55000305175781,98.5999984741211,97.86000061035156,98.4000015258789,7094400
2022-09-22 00:00:00,87.86323547363281,97.5,97.91999816894531,97.4000015258789,97.9000015258789,7092400
2022-09-23 00:00:00,87.59288024902344,97.19999694824219,97.44999694824219,96.88999938964844,97.4000015258789,11059300
2022-09-26 00:00:00,86.46640014648438,95.94999694824219,96.91000366210938,95.87000274658203,96.87000274658203,9009900
2022-09-27 00:00:00,86.0969467163086,95.54000091552734,96.08000183105469,95.37999725341797,95.97000122070312,11440200
2022-09-28 00:00:00,87.48472595214844,97.08000183105469,97.12999725341797,96.2699966430664,96.47000122070312,10539800
2022-09-29 00:00:00,87.025146484375,96.56999969482422,96.80000305175781,96.29000091552734,96.4800033569336,8666100
2022-09-30 00:00:00,86.81787872314453,96.33999633789062,97.08999633789062,96.19000244140625,96.86000061035156,14376300
2022-10-03 00:00:00,87.52322387695312,96.91000366210938,97.4800033569336,96.63999938964844,96.88999938964844,9617900
2022-10-04 00:00:00,87.7580337524414,97.16999816894531,97.55000305175781,97.08000183105469,97.20999908447266,6964200
2022-10-05 00:00:00,87.29745483398438,96.66000366210938,96.98999786376953,96.2699966430664,96.69000244140625,9512800
2022-10-06 00:00:00,86.95425415039062,96.27999877929688,96.70999908447266,96.20999908447266,96.58999633789062,5625100
2022-10-07 00:00:00,86.49365997314453,95.7699966430664,96.01000213623047,95.68000030517578,95.80999755859375,6149600
2022-10-10 00:00:00,86.10529327392578,95.33999633789062,95.75,95.1500015258789,95.7300033569336,4074700
2022-10-11 00:00:00,86.15949249267578,95.4000015258789,95.83000183105469,95.2699966430664,95.62999725341797,8892800
2022-10-12 00:00:00,86.23173522949219,95.4800033569336,95.61000061035156,95.2300033569336,95.25,5651200
2022-10-13 00:00:00,85.96080017089844,95.18000030517578,95.44000244140625,94.18000030517578,94.2300033569336,6254400
2022-10-14 00:00:00,85.49117279052734,94.66000366210938,95.62999725341797,94.61000061035156,95.62999725341797,8580700
2022-10-17 00:00:00,85.67179107666016,94.86000061035156,95.4000015258789,94.83000183105469,95.25,5460600
2022-10-18 00:00:00,85.81629180908203,95.0199966430664,95.18000030517578,94.63999938964844,95.11000061035156,6389100
2022-10-19 00:00:00,85.07571411132812,94.19999694824219,94.55999755859375,94.1500015258789,94.41000366210938,6316100
2022-10-20 00:00:00,84.56092834472656,93.62999725341797,94.26000213623047,93.55999755859375,94.05999755859375,9012900
2022-10-21 00:00:00,84.6873550415039,93.7699966430664,93.87000274658203,93.19999694824219,93.2699966430664,8371100
2022-10-24 00:00:00,84.56996154785156,93.63999938964844,94.02999877929688,93.44999694824219,93.7699966430664,6090400
2022-10-25 00:00:00,85.40083312988281,94.55999755859375,94.70999908447266,94.36000061035156,94.38999938964844,11710400
2022-10-26 00:00:00,85.78016662597656,94.9800033569336,95.16999816894531,94.76000213623047,94.77999877929688,7884100
2022-10-27 00:00:00,86.21367645263672,95.45999908447266,95.62000274658203,94.98999786376953,95.20999908447266,6913500
2022-10-28 00:00:00,85.99693298339844,95.22000122070312,95.45999908447266,94.9800033569336,95.01000213623047,6229200
2022-10-31 00:00:00,85.70791625976562,94.9000015258789,95.05999755859375,94.5999984741211,95.01000213623047,10946400
2022-11-01 00:00:00,85.86722564697266,94.86000061035156,95.3499984741211,94.6500015258789,95.25,8096800
2022-11-02 00:00:00,85.7223892211914,94.69999694824219,95.51000213623047,94.52999877929688,94.9800033569336,8584100
2022-11-03 00:00:00,85.40557098388672,94.3499984741211,94.51000213623047,93.93000030517578,93.97000122070312,9314800
2022-11-04 00:00:00,85.3965072631836,94.33999633789062,94.63999938964844,94.16999816894531,94.43000030517578,6918300
2022-11-07 00:00:00,85.12493896484375,94.04000091552734,94.45999908447266,94.02999877929688,94.41000366210938,7597200
2022-11-08 00:00:00,85.487060546875,94.44000244140625,94.61000061035156,94.22000122070312,94.23999786376953,5834900
2022-11-09 00:00:00,85.58662414550781,94.55000305175781,94.69999694824219,94.25,94.38999938964844,6694200
2022-11-10 00:00:00,87.42416381835938,96.58000183105469,96.58000183105469,95.79000091552734,95.9800033569336,8494800
2022-11-11 00:00:00,87.36080932617188,96.51000213623047,96.61000061035156,96.2300033569336,96.2300033569336,4953100
2022-11-14 00:00:00,87.11638641357422,96.23999786376953,96.44999694824219,96.18000030517578,96.43000030517578,7457600
2022-11-15 00:00:00,87.75908660888672,96.94999694824219,96.94999694824219,96.61000061035156,96.80000305175781,7962000
2022-11-16 00:00:00,88.30220794677734,97.55000305175781,97.62999725341797,97.13999938964844,97.25,11075000
2022-11-17 00:00:00,87.93109130859375,97.13999938964844,97.16999816894531,96.8499984741211,97.02999877929688,6889000
2022-11-18 00:00:00,87.8043441772461,97.0,97.33000183105469,96.91000366210938,97.22000122070312,4714900
2022-11-21 00:00:00,87.75003051757812,96.94000244140625,97.33999633789062,96.91000366210938,97.2699966430664,6829100
2022-11-22 00:00:00,88.20265197753906,97.44000244140625,97.5,97.18000030517578,97.18000030517578,8039000
2022-11-23 00:00:00,88.72765350341797,98.0199966430664,98.0199966430664,97.58000183105469,97.58000183105469,5885600
2022-11-25 00:00:00,88.74575805664062,98.04000091552734,98.04000091552734,97.80999755859375,97.80999755859375,2718600
2022-11-28 00:00:00,88.60091400146484,97.87999725341797,98.19000244140625,97.83999633789062,98.13999938964844,7920700
2022-11-29 00:00:00,88.28409576416016,97.52999877929688,97.79000091552734,97.48999786376953,97.54000091552734,6643300
2022-11-30 00:00:00,88.97203826904297,98.29000091552734,98.31999969482422,97.29000091552734,97.4800033569336,8963500
2022-12-01 00:00:00,89.71240234375,98.87999725341797,98.88999938964844,98.16999816894531,98.30000305175781,12471300
2022-12-02 00:00:00,90.08438873291016,99.29000091552734,99.30000305175781,98.30000305175781,98.48999786376953,6368000
2022-12-05 00:00:00,89.37671661376953,98.51000213623047,99.29000091552734,98.30000305175781,98.81999969482422,8072500
2022-12-06 00:00:00,89.63983917236328,98.80000305175781,98.91999816894531,98.58999633789062,98.70999908447266,7660100
2022-12-07 00:00:00,90.43821716308594,99.68000030517578,99.7300033569336,99.16999816894531,99.29000091552734,6752900
2022-12-08 00:00:00,90.16603088378906,99.37999725341797,99.5999984741211,99.23999786376953,99.38999938964844,6307200
2022-12-09 00:00:00,89.63076782226562,98.79000091552734,99.20999908447266,98.7699966430664,99.12000274658203,8994400
2022-12-12 00:00:00,89.64891815185547,98.80999755859375,99.23999786376953,98.62999725341797,99.19000244140625,10384200
2022-12-13 00:00:00,90.24773406982422,99.47000122070312,100.18000030517578,99.4000015258789,100.18000030517578,9120600
2022-12-14 00:00:00,90.44730377197266,99.69000244140625,99.79000091552734,99.16999816894531,99.5199966430664,10624000
2022-12-15 00:00:00,90.58007049560547,99.61000061035156,99.69999694824219,99.37000274658203,99.56999969482422,9423900
2022-12-16 00:00:00,90.34363555908203,99.3499984741211,99.5199966430664,98.94000244140625,98.95999908447266,7546100
2022-12-19 00:00:00,89.78893280029297,98.73999786376953,98.93000030517578,98.61000061035156,98.9000015258789,10351000
2022-12-20 00:00:00,89.17965698242188,98.06999969482422,98.26000213623047,97.9800033569336,98.0999984741211,10282200
2022-12-21 00:00:00,89.4251937866211,98.33999633789062,98.54000091552734,98.19000244140625,98.48999786376953,8489300
2022-12-22 00:00:00,89.39790344238281,98.30999755859375,98.47000122070312,98.22000122070312,98.31999969482422,8267800
2022-12-23 00:00:00,89.0887680053711,97.97000122070312,98.11000061035156,97.9000015258789,98.05000305175781,4823400
2022-12-27 00:00:00,88.44310760498047,97.26000213623047,97.62000274658203,97.20999908447266,97.45999908447266,7925700
2022-12-28 00:00:00,88.28850555419922,97.08999633789062,97.5,97.08000183105469,97.47000122070312,12131200
2022-12-29 00:00:00,88.61587524414062,97.44999694824219,97.47000122070312,97.18000030517578,97.20999908447266,7763300
2022-12-30 00:00:00,88.19757080078125,96.98999786376953,97.36000061035156,96.97000122070312,97.25,8469000
2023-01-03 00:00:00,88.71593475341797,97.55999755859375,97.97000122070312,97.37000274658203,97.97000122070312,19930800
2023-01-04 00:00:00,89.20693969726562,98.0999984741211,98.25,97.88999938964844,98.16999816894531,10080100
2023-01-05 00:00:00,89.13420867919922,98.0199966430664,98.05999755859375,97.56999969482422,97.63999938964844,9682000
2023-01-06 00:00:00,90.10720825195312,99.08999633789062,99.1500015258789,98.04000091552734,98.12999725341797,8503000
2023-01-09 00:00:00,90.33452606201172,99.33999633789062,99.5,99.0,99.05999755859375,7849600
2023-01-10 00:00:00,89.9889907836914,98.95999908447266,99.1500015258789,98.73999786376953,99.0199966430664,7291300
2023-01-11 00:00:00,90.54370880126953,99.56999969482422,99.56999969482422,99.26000213623047,99.27999877929688,6102900
2023-01-12 00:00:00,91.19843292236328,100.29000091552734,100.52999877929688,99.48999786376953,99.83999633789062,8342700
2023-01-13 00:00:00,90.86196899414062,99.91999816894531,100.26000213623047,99.83000183105469,100.0199966430664,6719000
2023-01-17 00:00:00,90.69829559326172,99.73999786376953,99.95999908447266,99.6500015258789,99.73999786376953,8174700
2023-01-18 00:00:00,91.59856414794922,100.7300033569336,100.87999725341797,100.37000274658203,100.76000213623047,7779300
2023-01-19 00:00:00,91.38939666748047,100.5,100.7300033569336,100.33000183105469,100.7300033569336,8633700
2023-01-20 00:00:00,91.01654052734375,100.08999633789062,100.26000213623047,99.88999938964844,100.16999816894531,6095800
2023-01-23 00:00:00,90.7892074584961,99.83999633789062,100.05999755859375,99.77999877929688,99.80000305175781,6573200
2023-01-24 00:00:00,91.1893310546875,100.27999877929688,100.31999969482422,99.68000030517578,99.83999633789062,6538600
2023-01-25 00:00:00,91.2984619140625,100.4000015258789,100.47000122070312,100.0999984741211,100.26000213623047,5431000
2023-01-26 00:00:00,91.14385986328125,100.2300033569336,100.45999908447266,100.06999969482422,100.33000183105469,5399100
2023-01-27 00:00:00,91.00746154785156,100.08000183105469,100.13999938964844,99.91000366210938,99.95999908447266,5123100
2023-01-30 00:00:00,90.76191711425781,99.80999755859375,100.08999633789062,99.80000305175781,99.9000015258789,6822000
2023-01-31 00:00:00,91.134765625,100.22000122070312,100.33999633789062,99.83000183105469,100.16000366210938,12083600
2023-02-01 00:00:00,91.7774429321289,100.68000030517578,100.77999877929688,99.86000061035156,100.19000244140625,11593300
2023-02-02 00:00:00,91.87771606445312,100.79000091552734,101.1500015258789,100.73999786376953,101.04000091552734,9197800
2023-02-03 00:00:00,90.99347686767578,99.81999969482422,100.12999725341797,99.5199966430664,99.94999694824219,9083000
2023-02-06 00:00:00,90.49213409423828,99.2699966430664,99.41999816894531,99.2300033569336,99.30999755859375,9198900
2023-02-07 00:00:00,90.33715057373047,99.0999984741211,99.56999969482422,99.05999755859375,99.1500015258789,6224800
2023-02-08 00:00:00,90.46476745605469,99.23999786376953,99.43000030517578,98.94999694824219,99.13999938964844,4900600
2023-02-09 00:00:00,90.10924530029297,98.8499984741211,99.55999755859375,98.83000183105469,99.54000091552734,5594800
2023-02-10 00:00:00,89.71728515625,98.41999816894531,98.83000183105469,98.4000015258789,98.81999969482422,5068200
2023-02-13 00:00:00,89.99073791503906,98.72000122070312,98.72000122070312,98.45999908447266,98.48999786376953,6832700
2023-02-14 00:00:00,89.67169952392578,98.37000274658203,98.76000213623047,98.11000061035156,98.66999816894531,9559500
2023-02-15 00:00:00,89.49848175048828,98.18000030517578,98.36000061035156,98.02999877929688,98.23999786376953,6486500
2023-02-16 00:00:00,89.1247329711914,97.7699966430664,98.02999877929688,97.69000244140625,97.87999725341797,5235600
2023-02-17 00:00:00,89.33438110351562,98.0,98.01000213623047,97.52999877929688,97.52999877929688,5956300
2023-02-21 00:00:00,88.49576568603516,97.08000183105469,97.45999908447266,97.08000183105469,97.36000061035156,8369600
2023-02-22 00:00:00,88.73275756835938,97.33999633789062,97.58999633789062,97.30000305175781,97.4000015258789,5862300
2023-02-23 00:00:00,89.05183410644531,97.69000244140625,97.72000122070312,97.37000274658203,97.4000015258789,8527200
2023-02-24 00:00:00,88.54135131835938,97.12999725341797,97.26000213623047,96.97000122070312,97.22000122070312,4866800
2023-02-27 00:00:00,88.71453094482422,97.31999969482422,97.48999786376953,97.22000122070312,97.41000366210938,5040000
2023-02-28 00:00:00,88.70541381835938,97.30999755859375,97.37000274658203,96.93000030517578,96.98999786376953,8575000
2023-03-01 00:00:00,88.19735717773438,96.5199966430664,97.04000091552734,96.5,96.83000183105469,9125300
2023-03-02 00:00:00,88.01460266113281,96.31999969482422,96.3499984741211,96.11000061035156,96.1500015258789,9247400
2023-03-03 00:00:00,88.70906829833984,97.08000183105469,97.08000183105469,96.58999633789062,96.8499984741211,7267000
2023-03-06 00:00:00,88.48977661132812,96.83999633789062,97.29000091552734,96.80999755859375,97.2699966430664,4188500
2023-03-07 00:00:00,88.37098693847656,96.70999908447266,97.02999877929688,96.56999969482422,96.9800033569336,6013200
2023-03-08 00:00:00,88.27960968017578,96.61000061035156,97.08000183105469,96.4800033569336,96.9000015258789,8044000
2023-03-09 00:00:00,88.59942626953125,96.95999908447266,97.1500015258789,96.69999694824219,96.76000213623047,7054400
2023-03-10 00:00:00,89.63197326660156,98.08999633789062,98.31999969482422,97.76000213623047,97.79000091552734,7515700
2023-03-13 00:00:00,90.3447494506836,98.87000274658203,99.6500015258789,98.62000274658203,99.05000305175781,10343900
2023-03-14 00:00:00,89.8147201538086,98.29000091552734,98.81999969482422,98.08999633789062,98.7699966430664,8159800
2023-03-15 00:00:00,90.71026611328125,99.2699966430664,99.69999694824219,98.80999755859375,99.43000030517578,11133700
2023-03-16 00:00:00,90.35387420654297,98.87999725341797,99.72000122070312,98.68000030517578,99.52999877929688,15217800
2023-03-17 00:00:00,90.92041015625,99.5,99.80000305175781,99.20999908447266,99.29000091552734,8277500
2023-03-20 00:00:00,90.55491638183594,99.0999984741211,99.7300033569336,99.0199966430664,99.7300033569336,6346400
2023-03-21 00:00:00,90.2807846069336,98.80000305175781,99.02999877929688,98.69999694824219,98.87999725341797,5499100
2023-03-22 00:00:00,91.14884948730469,99.75,99.81999969482422,98.63999938964844,98.80000305175781,7585400
2023-03-23 00:00:00,91.36815643310547,99.98999786376953,100.05000305175781,99.51000213623047,99.68000030517578,9949700
2023-03-24 00:00:00,91.52349853515625,100.16000366210938,100.48999786376953,99.94999694824219,100.27999877929688,6217700
2023-03-27 00:00:00,90.53662109375,99.08000183105469,99.5199966430664,99.06999969482422,99.38999938964844,6823400
2023-03-28 00:00:00,90.39954376220703,98.93000030517578,99.05000305175781,98.81999969482422,98.9800033569336,6356200
2023-03-29 00:00:00,90.50922393798828,99.05000305175781,99.11000061035156,98.72000122070312,98.73999786376953,5111300
2023-03-30 00:00:00,90.6097183227539,99.16000366210938,99.2300033569336,98.94999694824219,99.02999877929688,4251900
2023-03-31 00:00:00,91.04830169677734,99.63999938964844,99.69000244140625,99.16000366210938,99.38999938964844,8521600
2023-04-03 00:00:00,91.4440689086914,99.81999969482422,99.86000061035156,99.20999908447266,99.27999877929688,7567100
2023-04-04 00:00:00,91.78305053710938,100.19000244140625,100.30000305175781,99.5,99.55000305175781,8925200
2023-04-05 00:00:00,92.0945053100586,100.52999877929688,100.9800033569336,100.41000366210938,100.5,9883500
2023-04-06 00:00:00,92.01205444335938,100.44000244140625,100.69000244140625,100.44000244140625,100.55999755859375,6105200
2023-04-10 00:00:00,91.37995147705078,99.75,99.91000366210938,99.5999984741211,99.88999938964844,4478000
2023-04-11 00:00:00,91.4349136352539,99.80999755859375,99.87999725341797,99.58999633789062,99.80999755859375,4543800
2023-04-12 00:00:00,91.54483795166016,99.93000030517578,100.19999694824219,99.61000061035156,100.16999816894531,7226000
2023-04-13 00:00:00,91.5082015991211,99.88999938964844,100.2699966430664,99.80999755859375,100.16000366210938,3964800
2023-04-14 00:00:00,91.05933380126953,99.4000015258789,99.58999633789062,99.31999969482422,99.55999755859375,4794100
2023-04-17 00:00:00,90.60128021240234,98.9000015258789,99.18000030517578,98.87999725341797,99.12999725341797,4441300
2023-04-18 00:00:00,90.72955322265625,99.04000091552734,99.16000366210938,98.91000366210938,98.91000366210938,4753000
2023-04-19 00:00:00,90.59212493896484,98.88999938964844,98.93000030517578,98.70999908447266,98.88999938964844,3592900
2023-04-20 00:00:00,91.00435638427734,99.33999633789062,99.36000061035156,99.19000244140625,99.20999908447266,5092400
2023-04-21 00:00:00,90.84862518310547,99.16999816894531,99.55999755859375,99.11000061035156,99.51000213623047,5367300
2023-04-24 00:00:00,91.2059097290039,99.55999755859375,99.58999633789062,99.36000061035156,99.41999816894531,3256900
2023-04-25 00:00:00,91.77388000488281,100.18000030517578,100.25,99.95999908447266,99.97000122070312,5065400
2023-04-26 00:00:00,91.4349136352539,99.80999755859375,100.22000122070312,99.72000122070312,100.16000366210938,3723600
2023-04-27 00:00:00,91.10513305664062,99.44999694824219,99.62999725341797,99.38999938964844,99.61000061035156,4018300
2023-04-28 00:00:00,91.57232666015625,99.95999908447266,99.98999786376953,99.72000122070312,99.98999786376953,5469900
2023-05-01 00:00:00,90.63467407226562,98.69000244140625,99.41000366210938,98.5999984741211,99.3499984741211,10631600
2023-05-02 00:00:00,91.51631164550781,99.6500015258789,99.66999816894531,98.93000030517578,98.95999908447266,6085800
2023-05-03 00:00:00,91.92041015625,100.08999633789062,100.12999725341797,99.69000244140625,99.88999938964844,5637200
2023-05-04 00:00:00,91.81019592285156,99.97000122070312,100.41999816894531,99.75,99.7699966430664,5262200
2023-05-05 00:00:00,91.51631164550781,99.6500015258789,99.72000122070312,99.44999694824219,99.63999938964844,4003000
2023-05-08 00:00:00,91.01121520996094,99.0999984741211,99.3499984741211,99.08000183105469,99.20999908447266,5481300
2023-05-09 00:00:00,90.92855834960938,99.01000213623047,99.19000244140625,99.01000213623047,99.11000061035156,5712200
2023-05-10 00:00:00,91.51631164550781,99.6500015258789,99.68000030517578,99.38999938964844,99.43000030517578,4803000
2023-05-11 00:00:00,91.79181671142578,99.94999694824219,100.19000244140625,99.87999725341797,100.11000061035156,7703800
2023-05-12 00:00:00,91.27751922607422,99.38999938964844,99.94999694824219,99.38999938964844,99.88999938964844,4285900
2023-05-15 00:00:00,91.0479507446289,99.13999938964844,99.22000122070312,99.0999984741211,99.20999908447266,8532600
2023-05-16 00:00:00,90.83672332763672,98.91000366210938,98.94999694824219,98.73999786376953,98.88999938964844,6728500
2023-05-17 00:00:00,90.69896697998047,98.76000213623047,99.02999877929688,98.68000030517578,98.98999786376953,6318700
2023-05-18 00:00:00,90.2765121459961,98.30000305175781,98.51000213623047,98.2699966430664,98.48999786376953,4811300
2023-05-19 00:00:00,90.074462890625,98.08000183105469,98.44000244140625,98.0,98.12999725341797,10285900
2023-05-22 00:00:00,89.9917984008789,97.98999786376953,98.33000183105469,97.97000122070312,98.13999938964844,8551100
2023-05-23 00:00:00,90.09281921386719,98.0999984741211,98.20999908447266,97.80999755859375,97.91999816894531,7641200
2023-05-24 00:00:00,89.86323547363281,97.8499984741211,98.19000244140625,97.81999969482422,98.16999816894531,7719200
2023-05-25 00:00:00,89.5326156616211,97.48999786376953,97.80000305175781,97.44000244140625,97.73999786376953,5941300
2023-05-26 00:00:00,89.6060791015625,97.56999969482422,97.58999633789062,97.23999786376953,97.36000061035156,3889800
2023-05-30 00:00:00,90.20304107666016,98.22000122070312,98.23999786376953,97.8499984741211,97.9000015258789,7349900
2023-05-31 00:00:00,90.52448272705078,98.56999969482422,98.72000122070312,98.20999908447266,98.22000122070312,10559900
2023-06-01 00:00:00,90.79888153076172,98.61000061035156,98.80000305175781,98.4800033569336,98.5999984741211,9029800
2023-06-02 00:00:00,90.3200454711914,98.08999633789062,98.58000183105469,98.08000183105469,98.54000091552734,6877200
2023-06-05 00:00:00,90.31083679199219,98.08000183105469,98.31999969482422,97.7699966430664,97.8499984741211,7246200
2023-06-06 00:00:00,90.42133331298828,98.19999694824219,98.20999908447266,97.88999938964844,98.12000274658203,3816000
2023-06-07 00:00:00,89.94252014160156,97.68000030517578,98.22000122070312,97.58999633789062,98.1500015258789,5131500
2023-06-08 00:00:00,90.42133331298828,98.19999694824219,98.20999908447266,97.7699966430664,97.80000305175781,5041900
2023-06-09 00:00:00,90.2095718383789,97.97000122070312,98.05000305175781,97.79000091552734,97.91000366210938,7140700
2023-06-12 00:00:00,90.36609649658203,98.13999938964844,98.16000366210938,97.7300033569336,98.08999633789062,5436300
2023-06-13 00:00:00,89.94252014160156,97.68000030517578,98.4800033569336,97.5999984741211,98.4800033569336,9568100
2023-06-14 00:00:00,90.02538299560547,97.7699966430664,97.98999786376953,97.44999694824219,97.87999725341797,8360100
2023-06-15 00:00:00,90.65154266357422,98.44999694824219,98.45999908447266,98.12999725341797,98.29000091552734,7472000
2023-06-16 00:00:00,90.36609649658203,98.13999938964844,98.27999877929688,97.91000366210938,98.08999633789062,5653700
2023-06-20 00:00:00,90.53185272216797,98.31999969482422,98.51000213623047,98.16999816894531,98.27999877929688,6694200
2023-06-21 00:00:00,90.67916107177734,98.4800033569336,98.52999877929688,97.9800033569336,98.08999633789062,5579900
2023-06-22 00:00:00,90.2095718383789,97.97000122070312,98.33000183105469,97.91999816894531,98.16999816894531,7147600
2023-06-23 00:00:00,90.47657012939453,98.26000213623047,98.5,98.0999984741211,98.48999786376953,4792900
2023-06-26 00:00:00,90.58709716796875,98.37999725341797,98.51000213623047,98.30999755859375,98.5,10632300
2023-06-27 00:00:00,90.41212463378906,98.19000244140625,98.58999633789062,98.0999984741211,98.44999694824219,7803300
2023-06-28 00:00:00,90.67916107177734,98.4800033569336,98.54000091552734,98.19999694824219,98.33999633789062,8622900
2023-06-29 00:00:00,89.9793701171875,97.72000122070312,97.87000274658203,97.61000061035156,97.80000305175781,8877500
2023-06-30 00:00:00,90.1911392211914,97.94999694824219,98.0999984741211,97.73999786376953,97.86000061035156,13417300
2023-07-03 00:00:00,90.08499145507812,97.58000183105469,98.04000091552734,97.54000091552734,97.81999969482422,3691600
2023-07-05 00:00:00,89.67876434326172,97.13999938964844,97.52999877929688,97.05000305175781,97.51000213623047,6046200
2023-07-06 00:00:00,89.09716796875,96.51000213623047,96.63999938964844,96.27999877929688,96.55999755859375,9534200
2023-07-07 00:00:00,89.11563110351562,96.52999877929688,96.75,96.41999816894531,96.41999816894531,8311000
2023-07-10 00:00:00,89.36488342285156,96.80000305175781,96.94000244140625,96.55000305175781,96.56999969482422,8827400
2023-07-11 00:00:00,89.55876159667969,97.01000213623047,97.0999984741211,96.86000061035156,96.94000244140625,5978500
2023-07-12 00:00:00,90.2880859375,97.80000305175781,97.8499984741211,97.44999694824219,97.51000213623047,7189100
2023-07-13 00:00:00,90.85125732421875,98.41000366210938,98.44000244140625,98.12000274658203,98.18000030517578,7458500
2023-07-14 00:00:00,90.41732025146484,97.94000244140625,98.30999755859375,97.91999816894531,98.2300033569336,7208400
2023-07-17 00:00:00,90.51885986328125,98.05000305175781,98.0999984741211,97.8499984741211,97.94999694824219,4689500
2023-07-18 00:00:00,90.59271240234375,98.12999725341797,98.41000366210938,98.12999725341797,98.33000183105469,5593200
2023-07-19 00:00:00,90.86970520019531,98.43000030517578,98.4800033569336,98.19000244140625,98.3499984741211,7467900
2023-07-20 00:00:00,90.39886474609375,97.91999816894531,98.08000183105469,97.7300033569336,98.05999755859375,12562400
2023-07-21 00:00:00,90.46346282958984,97.98999786376953,98.1500015258789,97.94000244140625,98.11000061035156,7605200
2023-07-24 00:00:00,90.29731750488281,97.80999755859375,98.16000366210938,97.79000091552734,98.0999984741211,6656600
2023-07-25 00:00:00,90.19575500488281,97.69999694824219,97.79000091552734,97.56999969482422,97.58000183105469,5794800
2023-07-26 00:00:00,90.49118041992188,98.0199966430664,98.06999969482422,97.68000030517578,97.93000030517578,5907400
2023-07-27 00:00:00,89.7156753540039,97.18000030517578,97.93000030517578,97.11000061035156,97.83999633789062,6937900
2023-07-28 00:00:00,90.0665283203125,97.55999755859375,97.58999633789062,97.30999755859375,97.38999938964844,9233600
2023-07-31 00:00:00,90.17729187011719,97.68000030517578,97.80000305175781,97.5199966430664,97.52999877929688,11079100
2023-08-01 00:00:00,89.5802230834961,96.7699966430664,97.08999633789062,96.70999908447266,97.01000213623047,8810400
2023-08-02 00:00:00,89.36729431152344,96.54000091552734,96.55999755859375,96.2300033569336,96.4800033569336,8551900
2023-08-03 00:00:00,88.76560974121094,95.88999938964844,96.0199966430664,95.80000305175781,95.93000030517578,7532700
2023-08-04 00:00:00,89.49691772460938,96.68000030517578,96.75,96.25,96.25,6400400
2023-08-07 00:00:00,89.51543426513672,96.69999694824219,96.69999694824219,96.4800033569336,96.63999938964844,9732600
2023-08-08 00:00:00,89.72830963134766,96.93000030517578,97.11000061035156,96.83999633789062,96.94000244140625,6867300
2023-08-09 00:00:00,89.79313659667969,97.0,97.12000274658203,96.91000366210938,97.01000213623047,5634700
2023-08-10 00:00:00,89.2099380493164,96.37000274658203,97.22000122070312,96.37000274658203,97.05999755859375,15516100
2023-08-11 00:00:00,88.93223571777344,96.06999969482422,96.41999816894531,96.06999969482422,96.12000274658203,9016700
2023-08-14 00:00:00,88.86744689941406,96.0,96.22000122070312,95.83000183105469,95.9800033569336,7901300
2023-08-15 00:00:00,88.62673950195312,95.73999786376953,96.06999969482422,95.73999786376953,95.80999755859375,6522500
2023-08-16 00:00:00,88.4138412475586,95.51000213623047,95.93000030517578,95.44999694824219,95.76000213623047,8964600
2023-08-17 00:00:00,88.3212661743164,95.41000366210938,95.55000305175781,95.20999908447266,95.5,8162300
2023-08-18 00:00:00,88.5156478881836,95.62000274658203,95.75,95.43000030517578,95.47000122070312,6154600
2023-08-21 00:00:00,88.0713119506836,95.13999938964844,95.30000305175781,95.04000091552734,95.26000213623047,13362300
2023-08-22 00:00:00,88.16390991210938,95.23999786376953,95.31999969482422,95.05999755859375,95.16999816894531,6156200
2023-08-23 00:00:00,89.00628662109375,96.1500015258789,96.1500015258789,95.7300033569336,95.75,7831600
2023-08-24 00:00:00,88.80262756347656,95.93000030517578,96.12000274658203,95.8499984741211,95.98999786376953,8247700
2023-08-25 00:00:00,88.74708557128906,95.87000274658203,96.08000183105469,95.5999984741211,95.81999969482422,7917900
2023-08-28 00:00:00,88.94149780273438,96.08000183105469,96.11000061035156,95.93000030517578,96.0999984741211,6544500
2023-08-29 00:00:00,89.51543426513672,96.69999694824219,96.70999908447266,95.91000366210938,95.91000366210938,7386300
2023-08-30 00:00:00,89.47840118408203,96.66000366210938,96.83000183105469,96.62000274658203,96.77999877929688,8752300
2023-08-31 00:00:00,89.6080093383789,96.80000305175781,96.95999908447266,96.72000122070312,96.77999877929688,7230100
2023-09-01 00:00:00,89.14389038085938,96.04000091552734,96.56999969482422,95.9800033569336,96.54000091552734,8132400
2023-09-05 00:00:00,88.66122436523438,95.5199966430664,95.87000274658203,95.5199966430664,95.8499984741211,6111400
2023-09-06 00:00:00,88.57768249511719,95.43000030517578,95.63999938964844,95.30999755859375,95.62999725341797,8379200
2023-09-07 00:00:00,88.85615539550781,95.7300033569336,95.73999786376953,95.48999786376953,95.58999633789062,5077800
2023-09-08 00:00:00,88.90255737304688,95.77999877929688,96.0199966430664,95.76000213623047,95.93000030517578,4774200
2023-09-11 00:00:00,88.80046081542969,95.66999816894531,95.7300033569336,95.56999969482422,95.66000366210938,4077200
2023-09-12 00:00:00,88.82831573486328,95.69999694824219,95.7300033569336,95.56999969482422,95.70999908447266,4583400
2023-09-13 00:00:00,88.95824432373047,95.83999633789062,95.94999694824219,95.58999633789062,95.61000061035156,5953600
2023-09-14 00:00:00,88.83759307861328,95.70999908447266,95.9800033569336,95.68000030517578,95.95999908447266,5952800
2023-09-15 00:00:00,88.63337707519531,95.48999786376953,95.69999694824219,95.4800033569336,95.63999938964844,5667700
2023-09-18 00:00:00,88.76333618164062,95.62999725341797,95.63999938964844,95.36000061035156,95.37000274658203,6066200
2023-09-19 00:00:00,88.50343322753906,95.3499984741211,95.58999633789062,95.3499984741211,95.54000091552734,5327900
2023-09-20 00:00:00,88.45702362060547,95.30000305175781,95.69999694824219,95.30000305175781,95.56999969482422,6282700
2023-09-21 00:00:00,87.85370635986328,94.6500015258789,94.80999755859375,94.63999938964844,94.80000305175781,8028900
2023-09-22 00:00:00,88.22496032714844,95.05000305175781,95.08999633789062,94.7300033569336,94.77999877929688,7294200
2023-09-25 00:00:00,87.52884674072266,94.30000305175781,94.62000274658203,94.29000091552734,94.48999786376953,7485000
2023-09-26 00:00:00,87.41744232177734,94.18000030517578,94.51000213623047,94.1500015258789,94.47000122070312,15549200
2023-09-27 00:00:00,87.11112213134766,93.8499984741211,94.51000213623047,93.66000366210938,94.47000122070312,14560500
2023-09-28 00:00:00,87.37103271484375,94.12999725341797,94.16000366210938,93.52999877929688,93.69999694824219,13334200
2023-09-29 00:00:00,87.2874984741211,94.04000091552734,94.56999969482422,93.97000122070312,94.5,13483500
2023-10-02 00:00:00,86.67973327636719,93.12999725341797,93.51000213623047,93.0999984741211,93.43000030517578,8880000
2023-10-03 00:00:00,86.00029754638672,92.4000015258789,93.08999633789062,92.37000274658203,92.98999786376953,12058400
2023-10-04 00:00:00,86.60526275634766,93.05000305175781,93.05000305175781,92.55000305175781,92.7699966430664,14097800
2023-10-05 00:00:00,86.66110229492188,93.11000061035156,93.22000122070312,92.98999786376953,93.16999816894531,7129400
2023-10-06 00:00:00,86.32605743408203,92.75,92.9800033569336,92.37000274658203,92.45999908447266,9569500
2023-10-09 00:00:00,87.21956634521484,93.70999908447266,93.72000122070312,93.1500015258789,93.22000122070312,4353100
2023-10-10 00:00:00,87.13578796386719,93.62000274658203,93.80999755859375,93.26000213623047,93.38999938964844,14553600
2023-10-11 00:00:00,87.53601837158203,94.05000305175781,94.05000305175781,93.76000213623047,93.94000244140625,15347000
2023-10-12 00:00:00,86.78211975097656,93.23999786376953,93.91000366210938,93.16999816894531,93.87000274658203,11189800
2023-10-13 00:00:00,87.1544189453125,93.63999938964844,93.79000091552734,93.5199966430664,93.68000030517578,7515500
2023-10-16 00:00:00,86.67042541503906,93.12000274658203,93.41000366210938,93.0999984741211,93.31999969482422,6332700
2023-10-17 00:00:00,86.04680633544922,92.44999694824219,92.69000244140625,92.3499984741211,92.51000213623047,8198300
2023-10-18 00:00:00,85.64661407470703,92.0199966430664,92.37999725341797,91.94000244140625,92.29000091552734,9352700
2023-10-19 00:00:00,85.32085418701172,91.66999816894531,92.16999816894531,91.61000061035156,91.88999938964844,11552700
2023-10-20 00:00:00,85.62799072265625,92.0,92.13999938964844,91.9000015258789,91.94000244140625,6629800
2023-10-23 00:00:00,85.96305847167969,92.36000061035156,92.5,91.58000183105469,91.69999694824219,12885800
2023-10-24 00:00:00,86.27020263671875,92.69000244140625,92.69000244140625,92.27999877929688,92.43000030517578,9165100
2023-10-25 00:00:00,85.62799072265625,92.0,92.3499984741211,91.91999816894531,92.33000183105469,8904400
2023-10-26 00:00:00,86.20506286621094,92.62000274658203,92.63999938964844,92.11000061035156,92.12000274658203,11574400
2023-10-27 00:00:00,86.17711639404297,92.58999633789062,92.63999938964844,92.37000274658203,92.55999755859375,7650000
2023-10-30 00:00:00,85.97235870361328,92.37000274658203,92.51000213623047,92.1500015258789,92.29000091552734,8166700
2023-10-31 00:00:00,85.91650390625,92.30999755859375,92.62999725341797,92.30999755859375,92.44999694824219,12343600
2023-11-01 00:00:00,86.86592864990234,93.05000305175781,93.05000305175781,92.2300033569336,92.2300033569336,14404600
2023-11-02 00:00:00,87.38872528076172,93.61000061035156,93.76000213623047,93.37000274658203,93.68000030517578,11166700
2023-11-03 00:00:00,87.92082977294922,94.18000030517578,94.69000244140625,94.13999938964844,94.54000091552734,11890300
2023-11-06 00:00:00,87.48207092285156,93.70999908447266,93.98999786376953,93.62999725341797,93.93000030517578,8521600
2023-11-07 00:00:00,87.94884490966797,94.20999908447266,94.36000061035156,93.91000366210938,93.94000244140625,7306900
2023-11-08 00:00:00,88.24757385253906,94.52999877929688,94.62000274658203,94.25,94.2699966430664,6932200
2023-11-09 00:00:00,87.51007843017578,93.73999786376953,94.44000244140625,93.7300033569336,94.41999816894531,9163200
2023-11-10 00:00:00,87.71543884277344,93.95999908447266,94.22000122070312,93.87999725341797,94.19000244140625,6102000
2023-11-13 00:00:00,87.70610809326172,93.94999694824219,93.97000122070312,93.52999877929688,93.63999938964844,9679500
2023-11-14 00:00:00,88.80768585205078,95.12999725341797,95.19999694824219,94.93000030517578,95.02999877929688,12149600
2023-11-15 00:00:00,88.25691223144531,94.54000091552734,94.72000122070312,94.45999908447266,94.69999694824219,10956800
2023-11-16 00:00:00,88.74234008789062,95.05999755859375,95.19999694824219,94.8499984741211,94.8499984741211,10145400
2023-11-17 00:00:00,88.91971588134766,95.25,95.36000061035156,95.02999877929688,95.20999908447266,9244000
2023-11-20 00:00:00,89.05975341796875,95.4000015258789,95.41999816894531,95.06999969482422,95.06999969482422,10051600
2023-11-21 00:00:00,89.15311431884766,95.5,95.56999969482422,95.27999877929688,95.44999694824219,7393800
2023-11-22 00:00:00,89.23711395263672,95.58999633789062,95.75,95.37000274658203,95.68000030517578,6329900
2023-11-24 00:00:00,88.82636260986328,95.1500015258789,95.31999969482422,95.12000274658203,95.23999786376953,2944300
2023-11-27 00:00:00,89.33048248291016,95.69000244140625,95.72000122070312,95.33000183105469,95.36000061035156,8854500
2023-11-28 00:00:00,89.72257995605469,96.11000061035156,96.12999725341797,95.56999969482422,95.61000061035156,9749400
2023-11-29 00:00:00,90.16133880615234,96.58000183105469,96.66999816894531,96.33999633789062,96.41999816894531,8006800
2023-11-30 00:00:00,89.86260986328125,96.26000213623047,96.41000366210938,96.12999725341797,96.37999725341797,8889100
2023-12-01 00:00:00,90.65275573730469,96.83000183105469,96.87000274658203,95.97000122070312,96.0,11774300
2023-12-04 00:00:00,90.30635070800781,96.45999908447266,96.66999816894531,96.30999755859375,96.58000183105469,9440200
2023-12-05 00:00:00,90.90553283691406,97.0999984741211,97.1500015258789,96.79000091552734,96.8499984741211,8850600
2023-12-06 00:00:00,91.13957214355469,97.3499984741211,97.48999786376953,97.1500015258789,97.23999786376953,11111200
2023-12-07 00:00:00,91.16767120361328,97.37999725341797,97.55999755859375,97.22000122070312,97.22000122070312,7157900
2023-12-08 00:00:00,90.70891571044922,96.88999938964844,97.06999969482422,96.72000122070312,96.98999786376953,6696600
2023-12-11 00:00:00,90.71827697753906,96.9000015258789,96.94999694824219,96.5999984741211,96.80000305175781,15008700
2023-12-12 00:00:00,90.98979949951172,97.19000244140625,97.19000244140625,96.81999969482422,96.94000244140625,11711400
2023-12-13 00:00:00,92.1319808959961,98.41000366210938,98.44999694824219,97.33000183105469,97.38999938964844,11194400
2023-12-14 00:00:00,92.87557983398438,98.91999816894531,99.04000091552734,98.61000061035156,98.68000030517578,12651200
2023-12-15 00:00:00,92.65961456298828,98.69000244140625,98.87999725341797,98.58999633789062,98.80000305175781,10079100
2023-12-18 00:00:00,92.4718246459961,98.48999786376953,98.58000183105469,98.41999816894531,98.58000183105469,11521000
2023-12-19 00:00:00,92.58451080322266,98.61000061035156,98.77999877929688,98.58999633789062,98.62999725341797,13787100
2023-12-20 00:00:00,92.9225082397461,98.97000122070312,99.04000091552734,98.69000244140625,98.87000274658203,9994100
2023-12-21 00:00:00,92.9131088256836,98.95999908447266,99.26000213623047,98.83000183105469,99.22000122070312,9099100
2023-12-22 00:00:00,92.79106140136719,98.83000183105469,99.13999938964844,98.80999755859375,99.12999725341797,13234700
2023-12-26 00:00:00,92.97884368896484,99.02999877929688,99.08000183105469,98.88999938964844,98.93000030517578,5418500
2023-12-27 00:00:00,93.57035827636719,99.66000366210938,99.69999694824219,99.30999755859375,99.4000015258789,6919900
2023-12-28 00:00:00,93.36378479003906,99.44000244140625,99.6500015258789,99.30999755859375,99.54000091552734,7172200
2023-12-29 00:00:00,93.1854019165039,99.25,99.43000030517578,99.12999725341797,99.19999694824219,7327600
2024-01-02 00:00:00,92.74412536621094,98.77999877929688,98.97000122070312,98.7300033569336,98.83999633789062,9754400
2024-01-03 00:00:00,92.79106140136719,98.83000183105469,98.94000244140625,98.30999755859375,98.44999694824219,10002100
2024-01-04 00:00:00,92.4155044555664,98.43000030517578,98.55000305175781,98.33000183105469,98.41999816894531,9896600
2024-01-05 00:00:00,92.1995620727539,98.19999694824219,98.69000244140625,98.06999969482422,98.12999725341797,9038700
2024-01-08 00:00:00,92.54694366455078,98.56999969482422,98.70999908447266,98.20999908447266,98.23999786376953,7946500
2024-01-09 00:00:00,92.5281753540039,98.55000305175781,98.66000366210938,98.38999938964844,98.38999938964844,7157400
2024-01-10 00:00:00,92.34976959228516,98.36000061035156,98.80000305175781,98.36000061035156,98.73999786376953,7679400
2024-01-11 00:00:00,92.87557983398438,98.91999816894531,98.95999908447266,98.41000366210938,98.52999877929688,7275900
2024-01-12 00:00:00,93.04454803466797,99.0999984741211,99.36000061035156,98.95999908447266,99.13999938964844,6359400
2024-01-16 00:00:00,92.34976959228516,98.36000061035156,98.8499984741211,98.2699966430664,98.72000122070312,14489800
2024-01-17 00:00:00,92.09627532958984,98.08999633789062,98.20999908447266,97.94000244140625,98.16000366210938,8977500
2024-01-18 00:00:00,92.01177978515625,98.0,98.19999694824219,97.88999938964844,98.16000366210938,10575100
2024-01-19 00:00:00,92.03055572509766,98.0199966430664,98.0199966430664,97.66999816894531,97.88999938964844,9126000
2024-01-22 00:00:00,92.1995620727539,98.19999694824219,98.36000061035156,98.0999984741211,98.26000213623047,8712600
2024-01-23 00:00:00,91.9742202758789,97.95999908447266,98.0,97.81999969482422,97.98999786376953,5642800
2024-01-24 00:00:00,91.76766204833984,97.73999786376953,98.33000183105469,97.69999694824219,98.29000091552734,11278500
2024-01-25 00:00:00,92.1807632446289,98.18000030517578,98.19999694824219,97.95999908447266,98.01000213623047,16521600
2024-01-26 00:00:00,92.0774917602539,98.06999969482422,98.19999694824219,97.9800033569336,98.19999694824219,5022800
2024-01-29 00:00:00,92.44367980957031,98.45999908447266,98.52999877929688,98.19000244140625,98.30000305175781,6423600
2024-01-30 00:00:00,92.6220474243164,98.6500015258789,98.69000244140625,98.29000091552734,98.63999938964844,6740000
2024-01-31 00:00:00,93.04454803466797,99.0999984741211,99.26000213623047,98.80999755859375,99.0,10829000
2024-02-01 00:00:00,93.57473754882812,99.37000274658203,99.56999969482422,99.0199966430664,99.19999694824219,11937400
2024-02-02 00:00:00,92.7177963256836,98.45999908447266,98.62000274658203,98.26000213623047,98.48999786376953,8422500
2024-02-05 00:00:00,91.95504760742188,97.6500015258789,97.91000366210938,97.55999755859375,97.88999938964844,7656800
2024-02-06 00:00:00,92.435302734375,98.16000366210938,98.19999694824219,97.77999877929688,97.79000091552734,6608400
2024-02-07 00:00:00,92.2469482421875,97.95999908447266,98.27999877929688,97.94000244140625,97.98999786376953,8785200
2024-02-08 00:00:00,91.96446228027344,97.66000366210938,97.83999633789062,97.62000274658203,97.77999877929688,12446900
2024-02-09 00:00:00,91.93621826171875,97.62999725341797,97.62999725341797,97.5,97.54000091552734,7120500
2024-02-12 00:00:00,91.95504760742188,97.6500015258789,97.75,97.5199966430664,97.69999694824219,5696300
2024-02-13 00:00:00,91.10753631591797,96.75,97.0999984741211,96.75,97.04000091552734,15872600
2024-02-14 00:00:00,91.51245880126953,97.18000030517578,97.22000122070312,96.83999633789062,96.83999633789062,8776900
2024-02-15 00:00:00,91.72903442382812,97.41000366210938,97.55000305175781,97.2300033569336,97.48999786376953,7194500
2024-02-16 00:00:00,91.43711853027344,97.0999984741211,97.0999984741211,96.9000015258789,96.94999694824219,7723700
2024-02-20 00:00:00,91.5218734741211,97.19000244140625,97.36000061035156,97.16000366210938,97.2300033569336,8735700
2024-02-21 00:00:00,91.24879455566406,96.9000015258789,97.27999877929688,96.87000274658203,97.27999877929688,7785100
2024-02-22 00:00:00,91.32412719726562,96.9800033569336,97.08999633789062,96.83999633789062,96.93000030517578,7538200
2024-02-23 00:00:00,91.66312408447266,97.33999633789062,97.38999938964844,96.98999786376953,96.98999786376953,7737900
2024-02-26 00:00:00,91.46536254882812,97.12999725341797,97.3499984741211,96.97000122070312,97.33999633789062,9374600
2024-02-27 00:00:00,91.34295654296875,97.0,97.22000122070312,96.94000244140625,97.0999984741211,9065300
2024-02-28 00:00:00,91.5218734741211,97.19000244140625,97.2300033569336,97.01000213623047,97.06999969482422,7942500
2024-02-29 00:00:00,91.67253112792969,97.3499984741211,97.55999755859375,97.29000091552734,97.37999725341797,16774100
2024-03-01 00:00:00,92.11266326904297,97.52999877929688,97.55000305175781,96.80999755859375,96.98999786376953,8994800
2024-03-04 00:00:00,91.885986328125,97.29000091552734,97.37999725341797,97.2300033569336,97.26000213623047,7428200
2024-03-05 00:00:00,92.38653564453125,97.81999969482422,97.91999816894531,97.5999984741211,97.69000244140625,6815500
2024-03-06 00:00:00,92.52822875976562,97.97000122070312,98.16000366210938,97.91000366210938,97.94999694824219,16536100
2024-03-07 00:00:00,92.72655487060547,98.18000030517578,98.23999786376953,97.97000122070312,98.22000122070312,7726600
2024-03-08 00:00:00,92.81156158447266,98.2699966430664,98.41000366210938,98.19000244140625,98.33999633789062,7168700
2024-03-11 00:00:00,92.70765686035156,98.16000366210938,98.30999755859375,98.08999633789062,98.27999877929688,11354600
2024-03-12 00:00:00,92.47154998779297,97.91000366210938,98.04000091552734,97.80000305175781,98.0199966430664,7471900
2024-03-13 00:00:00,92.30155181884766,97.7300033569336,97.93000030517578,97.7300033569336,97.81999969482422,5846600
2024-03-14 00:00:00,91.71597290039062,97.11000061035156,97.4800033569336,97.0999984741211,97.4800033569336,10541000
2024-03-15 00:00:00,91.70652770996094,97.0999984741211,97.19999694824219,97.0199966430664,97.1500015258789,5756800
2024-03-18 00:00:00,91.61209106445312,97.0,97.12000274658203,96.91999816894531,97.06999969482422,5227200
2024-03-19 00:00:00,91.8387680053711,97.23999786376953,97.33999633789062,97.11000061035156,97.1500015258789,5076600
2024-03-20 00:00:00,92.02767181396484,97.44000244140625,97.62999725341797,97.12999725341797,97.29000091552734,8681200
2024-03-21 00:00:00,92.09376525878906,97.51000213623047,97.68000030517578,97.41000366210938,97.62000274658203,10100300
2024-03-22 00:00:00,92.38653564453125,97.81999969482422,97.91000366210938,97.73999786376953,97.91000366210938,8359200
2024-03-25 00:00:00,92.21656036376953,97.63999938964844,97.76000213623047,97.56999969482422,97.76000213623047,11037700
2024-03-26 00:00:00,92.31098175048828,97.73999786376953,97.76000213623047,97.5199966430664,97.66000366210938,8830500
2024-03-27 00:00:00,92.61322784423828,98.05999755859375,98.08000183105469,97.79000091552734,97.80000305175781,9366800
2024-03-28 00:00:00,92.49989318847656,97.94000244140625,98.08000183105469,97.8499984741211,97.93000030517578,8863300
2024-04-01 00:00:00,91.82730865478516,96.94000244140625,97.33999633789062,96.88999938964844,97.31999969482422,8667400
2024-04-02 00:00:00,91.76103210449219,96.87000274658203,96.88999938964844,96.54000091552734,96.66000366210938,10624600
2024-04-03 00:00:00,91.81783294677734,96.93000030517578,96.94999694824219,96.48999786376953,96.58000183105469,6919300
2024-04-04 00:00:00,92.03572082519531,97.16000366210938,97.16999816894531,96.91999816894531,97.11000061035156,9327500
2024-04-05 00:00:00,91.5810317993164,96.68000030517578,97.0,96.68000030517578,96.76000213623047,12343600
2024-04-08 00:00:00,91.49578094482422,96.58999633789062,96.69999694824219,96.5,96.55999755859375,11457100
2024-04-09 00:00:00,91.8083724975586,96.91999816894531,96.9800033569336,96.83000183105469,96.83000183105469,5736500
2024-04-10 00:00:00,90.70955657958984,95.76000213623047,96.2699966430664,95.73999786376953,96.22000122070312,11248700
2024-04-11 00:00:00,90.72850799560547,95.77999877929688,96.02999877929688,95.58999633789062,95.9800033569336,16217600
2024-04-12 00:00:00,90.89901733398438,95.95999908447266,96.19999694824219,95.95999908447266,96.08000183105469,17284600
2024-04-15 00:00:00,90.34960174560547,95.37999725341797,95.52999877929688,95.20999908447266,95.47000122070312,11705300
2024-04-16 00:00:00,90.09383392333984,95.11000061035156,95.18000030517578,94.9000015258789,95.01000213623047,17565900
2024-04-17 00:00:00,90.5106430053711,95.55000305175781,95.61000061035156,95.25,95.4000015258789,7567800
2024-04-18 00:00:00,90.25486755371094,95.27999877929688,95.56999969482422,95.22000122070312,95.55000305175781,7717500
2024-04-19 00:00:00,90.34960174560547,95.37999725341797,95.55000305175781,95.33000183105469,95.52999877929688,9121700
2024-04-22 00:00:00,90.40644073486328,95.44000244140625,95.52999877929688,95.31999969482422,95.33000183105469,9029000
2024-04-23 00:00:00,90.59588623046875,95.63999938964844,95.83999633789062,95.30000305175781,95.37999725341797,10837100
2024-04-24 00:00:00,90.35907745361328,95.38999938964844,95.47000122070312,95.19999694824219,95.37999725341797,7961000
2024-04-25 00:00:00,90.10332489013672,95.12000274658203,95.13999938964844,94.8499984741211,94.94000244140625,6758100
2024-04-26 00:00:00,90.30223846435547,95.33000183105469,95.47000122070312,95.30000305175781,95.31999969482422,8442500
2024-04-29 00:00:00,90.57693481445312,95.62000274658203,95.66999816894531,95.44999694824219,95.5999984741211,7384600
2024-04-30 00:00:00,90.20751190185547,95.2300033569336,95.5,95.1500015258789,95.31999969482422,11228300
2024-05-01 00:00:00,90.52583312988281,95.2699966430664,95.58000183105469,94.98999786376953,95.19999694824219,11017700
2024-05-02 00:00:00,90.93441772460938,95.69999694824219,95.7300033569336,95.22000122070312,95.2699966430664,7607300
2024-05-03 00:00:00,91.40001678466797,96.19000244140625,96.45999908447266,95.93000030517578,96.31999969482422,9146700
2024-05-06 00:00:00,91.46653747558594,96.26000213623047,96.33000183105469,96.1500015258789,96.20999908447266,10155500
2024-05-07 00:00:00,91.65657806396484,96.45999908447266,96.66999816894531,96.37999725341797,96.52999877929688,7687000
2024-05-08 00:00:00,91.46653747558594,96.26000213623047,96.3499984741211,96.2300033569336,96.25,4587200
2024-05-09 00:00:00,91.6375732421875,96.44000244140625,96.52999877929688,96.19000244140625,96.19999694824219,6732500
2024-05-10 00:00:00,91.44751739501953,96.23999786376953,96.33000183105469,96.16000366210938,96.26000213623047,5326400
2024-05-13 00:00:00,91.49502563476562,96.29000091552734,96.47000122070312,96.27999877929688,96.44000244140625,5263200
2024-05-14 00:00:00,91.74210357666016,96.55000305175781,96.63999938964844,96.41999816894531,96.5,5243300
2024-05-15 00:00:00,92.3502197265625,97.19000244140625,97.27999877929688,96.9800033569336,97.11000061035156,5846300
2024-05-16 00:00:00,92.2457046508789,97.08000183105469,97.2699966430664,97.01000213623047,97.2300033569336,7894400
2024-05-17 00:00:00,91.95111846923828,96.7699966430664,97.0,96.7699966430664,96.91999816894531,5267100
2024-05-20 00:00:00,91.8656234741211,96.68000030517578,96.76000213623047,96.66999816894531,96.70999908447266,5263000
2024-05-21 00:00:00,92.03665161132812,96.86000061035156,96.94999694824219,96.83000183105469,96.91999816894531,5227900
2024-05-22 00:00:00,91.92263793945312,96.73999786376953,96.88999938964844,96.6500015258789,96.66000366210938,3823600
2024-05-23 00:00:00,91.66606903076172,96.47000122070312,96.83000183105469,96.37000274658203,96.83000183105469,5094900
2024-05-24 00:00:00,91.7706069946289,96.58000183105469,96.62000274658203,96.38999938964844,96.43000030517578,3072100
2024-05-28 00:00:00,91.34300994873047,96.12999725341797,96.69000244140625,96.12000274658203,96.66999816894531,6046100
2024-05-29 00:00:00,90.99144744873047,95.76000213623047,95.93000030517578,95.62999725341797,95.91000366210938,8249100
2024-05-30 00:00:00,91.41902160644531,96.20999908447266,96.2300033569336,96.0199966430664,96.08000183105469,5568800
2024-05-31 00:00:00,91.71356964111328,96.5199966430664,96.58999633789062,96.41000366210938,96.45999908447266,8762900
2024-06-03 00:00:00,92.26834869384766,96.80000305175781,96.80000305175781,96.37999725341797,96.4000015258789,6095500
2024-06-04 00:00:00,92.6019515991211,97.1500015258789,97.23999786376953,96.94000244140625,97.0,3979100
2024-06-05 00:00:00,92.88790130615234,97.44999694824219,97.44999694824219,97.04000091552734,97.29000091552734,4602500
2024-06-06 00:00:00,92.91651916503906,97.4800033569336,97.5,97.30999755859375,97.30999755859375,6568700
2024-06-07 00:00:00,92.09675598144531,96.62000274658203,96.81999969482422,96.62000274658203,96.81999969482422,5365000
2024-06-10 00:00:00,92.02052307128906,96.54000091552734,96.58999633789062,96.43000030517578,96.5199966430664,8235900
2024-06-11 00:00:00,92.33506774902344,96.87000274658203,96.93000030517578,96.55999755859375,96.63999938964844,4650200
2024-06-12 00:00:00,92.77352142333984,97.33000183105469,97.80999755859375,97.30999755859375,97.5999984741211,7627000
2024-06-13 00:00:00,93.24058532714844,97.81999969482422,97.93000030517578,97.58000183105469,97.69999694824219,7094800
2024-06-14 00:00:00,93.33590698242188,97.91999816894531,98.05000305175781,97.8499984741211,97.8499984741211,6239500
2024-06-17 00:00:00,93.00228881835938,97.56999969482422,97.5999984741211,97.44999694824219,97.56999969482422,5265000
2024-06-18 00:00:00,93.33590698242188,97.91999816894531,98.04000091552734,97.68000030517578,97.69999694824219,7030700
2024-06-20 00:00:00,93.17387390136719,97.75,97.7699966430664,97.5199966430664,97.55000305175781,5621600
2024-06-21 00:00:00,93.18341827392578,97.76000213623047,97.9800033569336,97.6500015258789,97.88999938964844,4715000
2024-06-24 00:00:00,93.25963592529297,97.83999633789062,97.86000061035156,97.72000122070312,97.81999969482422,5017300
2024-06-25 00:00:00,93.25011444091797,97.83000183105469,97.87999725341797,97.70999908447266,97.77999877929688,5701300
2024-06-26 00:00:00,92.83071899414062,97.38999938964844,97.48999786376953,97.37000274658203,97.43000030517578,4964100
2024-06-27 00:00:00,92.98323059082031,97.55000305175781,97.66999816894531,97.54000091552734,97.55999755859375,5276500
2024-06-28 00:00:00,92.52570343017578,97.06999969482422,97.80000305175781,97.06999969482422,97.7699966430664,12781500
2024-07-01 00:00:00,92.02944946289062,96.25,96.66000366210938,96.22000122070312,96.43000030517578,12238900
2024-07-02 00:00:00,92.3354263305664,96.56999969482422,96.66999816894531,96.44000244140625,96.63999938964844,5441900
2024-07-03 00:00:00,92.8326187133789,97.08999633789062,97.16999816894531,96.7699966430664,96.80000305175781,4061100
2024-07-05 00:00:00,93.30113220214844,97.58000183105469,97.62999725341797,97.30999755859375,97.44999694824219,3489900
2024-07-08 00:00:00,93.32982635498047,97.61000061035156,97.6500015258789,97.44999694824219,97.58999633789062,4602900
2024-07-09 00:00:00,93.2437515258789,97.5199966430664,97.61000061035156,97.33999633789062,97.51000213623047,5004600
2024-07-10 00:00:00,93.33939361572266,97.62000274658203,97.66999816894531,97.48999786376953,97.61000061035156,4586000
2024-07-11 00:00:00,93.81746673583984,98.12000274658203,98.30999755859375,98.08999633789062,98.18000030517578,3789000
2024-07-12 00:00:00,94.07559967041016,98.38999938964844,98.38999938964844,98.12999725341797,98.16999816894531,6329000
2024-07-15 00:00:00,93.75053405761719,98.05000305175781,98.27999877929688,98.02999877929688,98.1500015258789,6984700
2024-07-16 00:00:00,94.13299560546875,98.44999694824219,98.44999694824219,98.13999938964844,98.18000030517578,8936100
2024-07-17 00:00:00,94.19992065429688,98.5199966430664,98.56999969482422,98.2300033569336,98.26000213623047,5680400
2024-07-18 00:00:00,93.94175720214844,98.25,98.55999755859375,98.20999908447266,98.37000274658203,10584200
2024-07-19 00:00:00,93.75053405761719,98.05000305175781,98.0999984741211,97.97000122070312,98.04000091552734,7735700
2024-07-22 00:00:00,93.71227264404297,98.01000213623047,98.19999694824219,97.86000061035156,98.12000274658203,11657500
2024-07-23 00:00:00,93.70272064208984,98.0,98.18000030517578,97.9800033569336,98.0999984741211,7225900
2024-07-24 00:00:00,93.4158706665039,97.69999694824219,98.19000244140625,97.69999694824219,97.81999969482422,6578500
2024-07-25 00:00:00,93.67402648925781,97.97000122070312,98.13999938964844,97.81999969482422,97.83999633789062,12766200
2024-07-26 00:00:00,94.0086898803711,98.31999969482422,98.36000061035156,98.18000030517578,98.29000091552734,4243800
2024-07-29 00:00:00,94.16168212890625,98.4800033569336,98.54000091552734,98.37000274658203,98.54000091552734,6822600
2024-07-30 00:00:00,94.25727844238281,98.58000183105469,98.63999938964844,98.37999725341797,98.5199966430664,5845800
2024-07-31 00:00:00,94.76404571533203,99.11000061035156,99.12000274658203,98.6500015258789,98.80999755859375,11725100
2024-08-01 00:00:00,95.1611099243164,99.22000122070312,99.31999969482422,99.01000213623047,99.01000213623047,9642700
2024-08-02 00:00:00,96.22570037841797,100.33000183105469,100.37000274658203,99.80000305175781,99.87999725341797,9397500
2024-08-05 00:00:00,96.14898681640625,100.25,100.88999938964844,100.0199966430664,100.81999969482422,12066100
2024-08-06 00:00:00,95.57351684570312,99.6500015258789,100.16000366210938,99.62999725341797,100.13999938964844,10945200
2024-08-07 00:00:00,95.28579711914062,99.3499984741211,99.61000061035156,99.23999786376953,99.51000213623047,8085200
2024-08-08 00:00:00,95.14192199707031,99.19999694824219,99.27999877929688,99.06999969482422,99.11000061035156,5558000
2024-08-09 00:00:00,95.47761535644531,99.55000305175781,99.69999694824219,99.4800033569336,99.63999938964844,3879200
2024-08-12 00:00:00,95.64066314697266,99.72000122070312,99.77999877929688,99.41000366210938,99.47000122070312,7300600
2024-08-13 00:00:00,96.02428436279297,100.12000274658203,100.12000274658203,99.93000030517578,100.04000091552734,3925500
2024-08-14 00:00:00,96.19693756103516,100.30000305175781,100.4000015258789,100.13999938964844,100.1500015258789,9871500
2024-08-15 00:00:00,95.7940902709961,99.87999725341797,99.9000015258789,99.6500015258789,99.69999694824219,8628400
2024-08-16 00:00:00,96.02428436279297,100.12000274658203,100.12000274658203,99.8499984741211,100.02999877929688,6507900
2024-08-19 00:00:00,96.12980651855469,100.2300033569336,100.33999633789062,100.04000091552734,100.06999969482422,4690300
2024-08-20 00:00:00,96.41751861572266,100.52999877929688,100.55999755859375,100.33000183105469,100.41000366210938,5516700
2024-08-21 00:00:00,96.59976959228516,100.72000122070312,100.9000015258789,100.43000030517578,100.61000061035156,6366700
2024-08-22 00:00:00,96.20652770996094,100.30999755859375,100.56999969482422,100.2300033569336,100.54000091552734,7893700
2024-08-23 00:00:00,96.64769744873047,100.7699966430664,100.80999755859375,100.43000030517578,100.5199966430664,6179500
2024-08-26 00:00:00,96.5613784790039,100.68000030517578,100.91999816894531,100.66000366210938,100.91999816894531,6653200
2024-08-27 00:00:00,96.59016418457031,100.70999908447266,100.73999786376953,100.43000030517578,100.4800033569336,7965400
2024-08-28 00:00:00,96.50384521484375,100.62000274658203,100.7699966430664,100.5999984741211,100.70999908447266,6960300
2024-08-29 00:00:00,96.37915802001953,100.48999786376953,100.55000305175781,100.3499984741211,100.44999694824219,6912700
2024-08-30 00:00:00,96.14898681640625,100.25,100.63999938964844,100.22000122070312,100.51000213623047,7213200
2024-09-03 00:00:00,96.55496978759766,100.36000061035156,100.52999877929688,100.2300033569336,100.31999969482422,6837200
2024-09-04 00:00:00,96.97827911376953,100.80000305175781,100.8499984741211,100.4000015258789,100.43000030517578,10867700
2024-09-05 00:00:00,97.22843170166016,101.05999755859375,101.12000274658203,100.75,101.0199966430664,11921900
2024-09-06 00:00:00,97.35350799560547,101.19000244140625,101.5999984741211,100.97000122070312,101.12999725341797,8830200
2024-09-09 00:00:00,97.497802734375,101.33999633789062,101.43000030517578,101.05000305175781,101.1500015258789,7569300
2024-09-10 00:00:00,97.79606628417969,101.6500015258789,101.69999694824219,101.30999755859375,101.33999633789062,5979300
2024-09-11 00:00:00,97.7672119140625,101.62000274658203,101.8499984741211,101.45999908447266,101.51000213623047,4184400
2024-09-12 00:00:00,97.68061828613281,101.52999877929688,101.6500015258789,101.37999725341797,101.55999755859375,6419400
2024-09-13 00:00:00,97.88265228271484,101.73999786376953,101.81999969482422,101.62000274658203,101.76000213623047,5330600
2024-09-16 00:00:00,98.11356353759766,101.9800033569336,102.04000091552734,101.75,101.83000183105469,8425900
2024-09-17 00:00:00,98.0173568725586,101.87999725341797,102.02999877929688,101.83000183105469,101.98999786376953,9256000
2024-09-18 00:00:00,97.70948028564453,101.55999755859375,102.02999877929688,101.52999877929688,101.68000030517578,6280000
2024-09-19 00:00:00,97.7190933227539,101.56999969482422,101.61000061035156,101.37000274658203,101.41000366210938,5079800
2024-09-20 00:00:00,97.63252258300781,101.4800033569336,101.6500015258789,101.31999969482422,101.43000030517578,8464900
2024-09-23 00:00:00,97.59402465820312,101.44000244140625,101.58999633789062,101.19000244140625,101.33999633789062,8428100
2024-09-24 00:00:00,97.72872161865234,101.58000183105469,101.62000274658203,101.22000122070312,101.2699966430664,5803600
2024-09-25 00:00:00,97.35350799560547,101.19000244140625,101.43000030517578,101.19000244140625,101.41999816894531,9259100
2024-09-26 00:00:00,97.37274169921875,101.20999908447266,101.3499984741211,101.0,101.31999969482422,8124400
2024-09-27 00:00:00,97.6517562866211,101.5,101.55999755859375,101.33000183105469,101.41000366210938,5033300
2024-09-30 00:00:00,97.43047332763672,101.2699966430664,101.4800033569336,101.13999938964844,101.44000244140625,9105400
2024-10-01 00:00:00,97.68814086914062,101.2300033569336,101.44999694824219,101.1500015258789,101.2699966430664,8811400
2024-10-02 00:00:00,97.4854736328125,101.0199966430664,101.11000061035156,100.80999755859375,100.87999725341797,11700900
2024-10-03 00:00:00,97.08981323242188,100.61000061035156,100.88999938964844,100.58999633789062,100.8499984741211,8751200
2024-10-04 00:00:00,96.46255493164062,99.95999908447266,100.13999938964844,99.88999938964844,100.0999984741211,9639700
2024-10-07 00:00:00,96.13446807861328,99.62000274658203,99.7699966430664,99.58000183105469,99.63999938964844,6382100
2024-10-08 00:00:00,96.29851531982422,99.79000091552734,99.79000091552734,99.48999786376953,99.5199966430664,7340100
2024-10-09 00:00:00,96.04759979248047,99.52999877929688,99.66999816894531,99.47000122070312,99.63999938964844,8218300
2024-10-10 00:00:00,95.9897232055664,99.47000122070312,99.55000305175781,99.2300033569336,99.44999694824219,5757700
2024-10-11 00:00:00,96.01866912841797,99.5,99.62000274658203,99.36000061035156,99.41000366210938,4878600
2024-10-14 00:00:00,95.93180847167969,99.41000366210938,99.41999816894531,99.16999816894531,99.19999694824219,3512600
2024-10-15 00:00:00,96.31781005859375,99.80999755859375,99.83999633789062,99.68000030517578,99.73999786376953,7158700
2024-10-16 00:00:00,96.44326782226562,99.94000244140625,100.04000091552734,99.87000274658203,99.95999908447266,4741300
2024-10-17 00:00:00,95.97041320800781,99.44999694824219,99.66000366210938,99.41999816894531,99.5999984741211,5306300
2024-10-18 00:00:00,96.0379638671875,99.5199966430664,99.68000030517578,99.5,99.62999725341797,4973000
2024-10-21 00:00:00,95.37211608886719,98.83000183105469,99.20999908447266,98.83000183105469,99.18000030517578,6873900
2024-10-22 00:00:00,95.39140319824219,98.8499984741211,99.01000213623047,98.7699966430664,98.93000030517578,11401800
2024-10-23 00:00:00,95.1501693725586,98.5999984741211,98.76000213623047,98.4800033569336,98.56999969482422,19659700
2024-10-24 00:00:00,95.33352661132812,98.79000091552734,98.94999694824219,98.5999984741211,98.68000030517578,7559300
2024-10-25 00:00:00,95.1405029296875,98.58999633789062,98.98999786376953,98.54000091552734,98.97000122070312,9028500
2024-10-28 00:00:00,94.98609161376953,98.43000030517578,98.6500015258789,98.29000091552734,98.63999938964844,7362900
2024-10-29 00:00:00,95.09224700927734,98.54000091552734,98.55999755859375,98.08999633789062,98.12000274658203,5421700
2024-10-30 00:00:00,94.99575805664062,98.44000244140625,98.94000244140625,98.4000015258789,98.75,11188400
2024-10-31 00:00:00,94.97644805908203,98.41999816894531,98.58000183105469,98.1500015258789,98.31999969482422,12754500
2024-11-01 00:00:00,94.5988998413086,97.72000122070312,98.37999725341797,97.68000030517578,98.29000091552734,10387300
2024-11-04 00:00:00,94.99581146240234,98.12999725341797,98.37999725341797,97.94999694824219,98.25,6629800
2024-11-05 00:00:00,95.21847534179688,98.36000061035156,98.38999938964844,97.86000061035156,98.08999633789062,6663000
2024-11-06 00:00:00,94.47306060791016,97.58999633789062,97.81999969482422,97.36000061035156,97.43000030517578,9158100
2024-11-07 00:00:00,95.18941497802734,98.33000183105469,98.54000091552734,97.9000015258789,97.95999908447266,17402300
2024-11-08 00:00:00,95.35399627685547,98.5,98.72000122070312,98.37000274658203,98.4800033569336,6199800
2024-11-11 00:00:00,95.14102935791016,98.27999877929688,98.33000183105469,98.16000366210938,98.30000305175781,4501200
2024-11-12 00:00:00,94.5892333984375,97.70999908447266,98.13999938964844,97.6500015258789,97.9800033569336,16775400
2024-11-13 00:00:00,94.56985473632812,97.69000244140625,98.19999694824219,97.56999969482422,98.16999816894531,15834900
2024-11-14 00:00:00,94.53114318847656,97.6500015258789,97.98999786376953,97.56999969482422,97.8499984741211,7312000
2024-11-15 00:00:00,94.54081726074219,97.66000366210938,97.87999725341797,97.26000213623047,97.44000244140625,11844300
2024-11-18 00:00:00,94.62794494628906,97.75,97.81999969482422,97.47000122070312,97.55000305175781,5260600
2024-11-19 00:00:00,94.76347351074219,97.88999938964844,98.05000305175781,97.87000274658203,97.94999694824219,4735900
2024-11-20 00:00:00,94.66667175292969,97.79000091552734,97.93000030517578,97.66999816894531,97.69000244140625,5551100
2024-11-21 00:00:00,94.61824798583984,97.73999786376953,98.01000213623047,97.66999816894531,97.8499984741211,6348500
2024-11-22 00:00:00,94.68605041503906,97.80999755859375,97.91999816894531,97.72000122070312,97.87000274658203,4989600
2024-11-25 00:00:00,95.53792572021484,98.69000244140625,98.69999694824219,98.43000030517578,98.52999877929688,9246200
2024-11-26 00:00:00,95.39271545410156,98.54000091552734,98.54000091552734,98.30000305175781,98.48999786376953,11303100
2024-11-27 00:00:00,95.6540756225586,98.80999755859375,98.93000030517578,98.6500015258789,98.80000305175781,8749800
2024-11-29 00:00:00,96.03163146972656,99.19999694824219,99.22000122070312,99.08000183105469,99.1500015258789,9623200
2024-12-02 00:00:00,96.04328918457031,98.9000015258789,99.5999984741211,98.58000183105469,99.38999938964844,18397600
2024-12-03 00:00:00,95.85877227783203,98.70999908447266,99.05999755859375,98.66999816894531,98.97000122070312,6889800
2024-12-04 00:00:00,96.16954040527344,99.02999877929688,99.08999633789062,98.4800033569336,98.5199966430664,7448900
2024-12-05 00:00:00,96.18894958496094,99.05000305175781,99.11000061035156,98.8499984741211,98.95999908447266,8786700
2024-12-06 00:00:00,96.46086883544922,99.33000183105469,99.44000244140625,99.13999938964844,99.4000015258789,12890600
2024-12-09 00:00:00,96.17924499511719,99.04000091552734,99.22000122070312,99.02999877929688,99.19999694824219,10689000
2024-12-10 00:00:00,96.06271362304688,98.91999816894531,98.98999786376953,98.80000305175781,98.87000274658203,5984500
2024-12-11 00:00:00,95.83934020996094,98.69000244140625,99.1500015258789,98.66000366210938,99.08000183105469,8095800
2024-12-12 00:00:00,95.4509048461914,98.29000091552734,98.58000183105469,98.25,98.52999877929688,12353100
2024-12-13 00:00:00,95.09158325195312,97.91999816894531,98.2300033569336,97.87000274658203,98.19999694824219,6566300
2024-12-16 00:00:00,95.17900085449219,98.01000213623047,98.0999984741211,97.87999725341797,98.06999969482422,7124100
2024-12-17 00:00:00,95.17900085449219,98.01000213623047,98.12999725341797,97.94999694824219,98.0,7239200
2024-12-18 00:00:00,94.45413970947266,96.94999694824219,97.80000305175781,96.9000015258789,97.66000366210938,14261400
2024-12-19 00:00:00,94.21057891845703,96.69999694824219,96.81999969482422,96.5,96.76000213623047,15490100
2024-12-20 00:00:00,94.46389770507812,96.95999908447266,97.22000122070312,96.94000244140625,97.05000305175781,8657700
2024-12-23 00:00:00,94.17162322998047,96.66000366210938,96.97000122070312,96.5999984741211,96.94999694824219,10540800
2024-12-24 00:00:00,94.27877807617188,96.7699966430664,96.77999877929688,96.47000122070312,96.5,4739300
2024-12-26 00:00:00,94.34696960449219,96.83999633789062,96.87999725341797,96.51000213623047,96.5199966430664,10620200
2024-12-27 00:00:00,94.15211486816406,96.63999938964844,96.88999938964844,96.61000061035156,96.79000091552734,8601300
2024-12-30 00:00:00,94.5223388671875,97.0199966430664,97.08000183105469,96.95999908447266,97.0,10154500
2024-12-31 00:00:00,94.40543365478516,96.9000015258789,97.20999908447266,96.83000183105469,97.1500015258789,12276700
2025-01-02 00:00:00,94.41516876220703,96.91000366210938,97.20999908447266,96.77999877929688,97.06999969482422,5547700
2025-01-03 00:00:00,94.3177490234375,96.80999755859375,97.06999969482422,96.79000091552734,97.02999877929688,5331000
2025-01-06 00:00:00,94.2203140258789,96.70999908447266,96.80000305175781,96.58000183105469,96.72000122070312,9248300
2025-01-07 00:00:00,93.88906860351562,96.37000274658203,96.68000030517578,96.23999786376953,96.61000061035156,9153300
2025-01-08 00:00:00,93.99624633789062,96.4800033569336,96.5199966430664,96.2300033569336,96.2699966430664,7444500
2025-01-10 00:00:00,93.47013854980469,95.94000244140625,96.2300033569336,95.8499984741211,95.8499984741211,9822000
2025-01-13 00:00:00,93.38246154785156,95.8499984741211,95.94999694824219,95.73999786376953,95.94000244140625,10420700
2025-01-14 00:00:00,93.41168212890625,95.87999725341797,95.93000030517578,95.75,95.86000061035156,5487600
2025-01-15 00:00:00,94.2203140258789,96.70999908447266,96.94000244140625,96.55000305175781,96.94000244140625,9563000
2025-01-16 00:00:00,94.42491149902344,96.91999816894531,97.02999877929688,96.5,96.62999725341797,9810800
2025-01-17 00:00:00,94.42491149902344,96.91999816894531,97.0999984741211,96.87000274658203,97.06999969482422,5360200
2025-01-21 00:00:00,94.73667907714844,97.23999786376953,97.27999877929688,97.08999633789062,97.1500015258789,7725900
2025-01-22 00:00:00,94.51261901855469,97.01000213623047,97.25,96.95999908447266,97.20999908447266,7283400
2025-01-23 00:00:00,94.35671997070312,96.8499984741211,96.91999816894531,96.72000122070312,96.7699966430664,7707000
2025-01-24 00:00:00,94.51261901855469,97.01000213623047,97.11000061035156,96.80000305175781,96.87000274658203,6459400
2025-01-27 00:00:00,95.0386962890625,97.55000305175781,97.55999755859375,97.30999755859375,97.48999786376953,7602000
2025-01-28 00:00:00,95.00946807861328,97.5199966430664,97.52999877929688,97.29000091552734,97.33999633789062,5730300
2025-01-29 00:00:00,94.95101928710938,97.45999908447266,97.6500015258789,97.22000122070312,97.58000183105469,5912800
2025-01-30 00:00:00,95.08740234375,97.5999984741211,97.7300033569336,97.5199966430664,97.62000274658203,6802900
2025-01-31 00:00:00,94.8925552368164,97.4000015258789,97.7300033569336,97.26000213623047,97.62000274658203,10750100
2025-02-03 00:00:00,94.98249816894531,97.16999816894531,97.54000091552734,97.05000305175781,97.33999633789062,9977100
2025-02-04 00:00:00,95.15843963623047,97.3499984741211,97.37999725341797,97.0,97.0199966430664,8483500
2025-02-05 00:00:00,95.66674041748047,97.87000274658203,98.0,97.66000366210938,97.69999694824219,9716700
2025-02-06 00:00:00,95.56897735595703,97.7699966430664,97.87999725341797,97.62999725341797,97.7699966430664,6629400
2025-02-07 00:00:00,95.26596069335938,97.45999908447266,97.58999633789062,97.36000061035156,97.5199966430664,6422300
2025-02-10 00:00:00,95.29528045654297,97.48999786376953,97.68000030517578,97.41000366210938,97.56999969482422,6038700
2025-02-11 00:00:00,95.0802230834961,97.2699966430664,97.33999633789062,97.22000122070312,97.2699966430664,8001100
2025-02-12 00:00:00,94.58172607421875,96.76000213623047,96.87999725341797,96.61000061035156,96.7699966430664,6404900
2025-02-13 00:00:00,95.1486587524414,97.33999633789062,97.43000030517578,96.83999633789062,97.16000366210938,7041200
2025-02-14 00:00:00,95.50055694580078,97.69999694824219,97.87999725341797,97.66999816894531,97.75,6257500
2025-02-18 00:00:00,95.11933135986328,97.30999755859375,97.58000183105469,97.30999755859375,97.45999908447266,8159400
2025-02-19 00:00:00,95.25617980957031,97.44999694824219,97.5,97.2699966430664,97.2699966430664,5604800
2025-02-20 00:00:00,95.4028091430664,97.5999984741211,97.66999816894531,97.5,97.54000091552734,27958700
2025-02-21 00:00:00,95.81336212158203,98.0199966430664,98.18000030517578,97.69999694824219,97.75,7070600
2025-02-24 00:00:00,95.97953033447266,98.19000244140625,98.23999786376953,97.94000244140625,97.95999908447266,7298300
2025-02-25 00:00:00,96.57579803466797,98.80000305175781,98.80999755859375,98.55999755859375,98.6500015258789,5801200
2025-02-26 00:00:00,96.73219299316406,98.95999908447266,99.0199966430664,98.6500015258789,98.7699966430664,5035900
2025-02-27 00:00:00,96.5855712890625,98.80999755859375,98.93000030517578,98.7300033569336,98.7699966430664,6263200
2025-02-28 00:00:00,97.01567077636719,99.25,99.29000091552734,98.91999816894531,99.08000183105469,14453000
2025-03-03 00:00:00,97.2254867553711,99.16000366210938,99.19000244140625,98.5999984741211,98.66000366210938,7533500
2025-03-04 00:00:00,96.9803695678711,98.91000366210938,99.4000015258789,98.80999755859375,99.30000305175781,7532400
2025-03-05 00:00:00,96.6469955444336,98.56999969482422,99.05999755859375,98.55000305175781,98.97000122070312,7302600
2025-03-06 00:00:00,96.5489501953125,98.47000122070312,98.62000274658203,98.2300033569336,98.51000213623047,9946200
2025-03-07 00:00:00,96.43128967285156,98.3499984741211,98.9800033569336,98.30000305175781,98.8499984741211,6450700
2025-03-10 00:00:00,96.89212036132812,98.81999969482422,98.98999786376953,98.7300033569336,98.80999755859375,12318600
2025-03-11 00:00:00,96.5489501953125,98.47000122070312,98.94000244140625,98.41999816894531,98.7699966430664,10187900
2025-03-12 00:00:00,96.26461029052734,98.18000030517578,98.43000030517578,98.16000366210938,98.30000305175781,8436700
2025-03-13 00:00:00,96.55876159667969,98.4800033569336,98.5,98.01000213623047,98.08999633789062,7959500
2025-03-14 00:00:00,96.3626480102539,98.27999877929688,98.41999816894531,98.25,98.33999633789062,8949800
2025-03-17 00:00:00,96.49011993408203,98.41000366210938,98.6500015258789,98.3499984741211,98.48999786376953,10605800
2025-03-18 00:00:00,96.58817291259766,98.51000213623047,98.62000274658203,98.27999877929688,98.30000305175781,9022000
2025-03-19 00:00:00,96.87252044677734,98.80000305175781,98.83000183105469,98.33000183105469,98.41999816894531,6763800
2025-03-20 00:00:00,96.93134307861328,98.86000061035156,99.25,98.80000305175781,99.22000122070312,6556800
2025-03-21 00:00:00,96.81368255615234,98.73999786376953,99.04000091552734,98.73999786376953,98.95999908447266,5028800
2025-03-24 00:00:00,96.44109344482422,98.36000061035156,98.63999938964844,98.31999969482422,98.5999984741211,4894800
2025-03-25 00:00:00,96.52934265136719,98.44999694824219,98.55999755859375,98.33999633789062,98.37000274658203,5663000
2025-03-26 00:00:00,96.29402923583984,98.20999908447266,98.4000015258789,98.19999694824219,98.36000061035156,6744000
2025-03-27 00:00:00,96.2449951171875,98.16000366210938,98.2300033569336,98.01000213623047,98.16000366210938,9513000
2025-03-28 00:00:00,96.80388641357422,98.7300033569336,98.81999969482422,98.45999908447266,98.54000091552734,8534000
2025-03-31 00:00:00,96.99016571044922,98.91999816894531,99.08999633789062,98.69999694824219,98.9800033569336,13350700
2025-04-01 00:00:00,97.34922790527344,98.95999908447266,99.12999725341797,98.62000274658203,98.80999755859375,10295200
2025-04-02 00:00:00,97.24102783203125,98.8499984741211,99.20999908447266,98.62000274658203,99.16999816894531,8225100
2025-04-03 00:00:00,97.75255584716797,99.37000274658203,99.7300033569336,99.05000305175781,99.47000122070312,9905000
2025-04-04 00:00:00,97.8410873413086,99.45999908447266,100.55000305175781,99.44000244140625,99.91999816894531,14914300
2025-04-07 00:00:00,96.60160064697266,98.19999694824219,99.30999755859375,98.0,99.22000122070312,21796300
2025-04-08 00:00:00,96.09990692138672,97.69000244140625,98.69000244140625,97.63999938964844,98.0999984741211,13173300
2025-04-09 00:00:00,96.31631469726562,97.91000366210938,97.98999786376953,96.62999725341797,97.06999969482422,16244400
2025-04-10 00:00:00,95.55885314941406,97.13999938964844,97.86000061035156,97.11000061035156,97.66999816894531,9940000
2025-04-11 00:00:00,95.46047973632812,97.04000091552734,97.16999816894531,96.1500015258789,96.66000366210938,8437400
2025-04-14 00:00:00,96.02120971679688,97.61000061035156,97.69000244140625,97.2699966430664,97.44000244140625,7940600
2025-04-15 00:00:00,96.21794128417969,97.80999755859375,97.95999908447266,97.51000213623047,97.5999984741211,10074400
2025-04-16 00:00:00,96.52290344238281,98.12000274658203,98.19000244140625,97.72000122070312,97.87999725341797,10105000
2025-04-17 00:00:00,96.27696990966797,97.87000274658203,98.11000061035156,97.80999755859375,98.05999755859375,5589400
2025-04-21 00:00:00,95.69657135009766,97.27999877929688,97.83000183105469,97.27999877929688,97.61000061035156,7925700
2025-04-22 00:00:00,95.87364959716797,97.45999908447266,97.7699966430664,97.44999694824219,97.61000061035156,6521400
2025-04-23 00:00:00,96.10973358154297,97.69999694824219,98.47000122070312,97.6500015258789,98.33000183105469,13376700
2025-04-24 00:00:00,96.64095306396484,98.23999786376953,98.25,98.0,98.05999755859375,8524400
2025-04-25 00:00:00,96.99508666992188,98.5999984741211,98.62999725341797,98.36000061035156,98.47000122070312,9058900
2025-04-28 00:00:00,97.26070404052734,98.87000274658203,98.9000015258789,98.5,98.5199966430664,4890800
2025-04-29 00:00:00,97.49679565429688,99.11000061035156,99.11000061035156,98.75,98.76000213623047,6731100
2025-04-30 00:00:00,97.40824890136719,99.0199966430664,99.16999816894531,98.87999725341797,98.98999786376953,7370300
2025-05-01 00:00:00,97.14277648925781,98.43000030517578,98.87000274658203,98.27999877929688,98.83000183105469,6912600
2025-05-02 00:00:00,96.6690444946289,97.94999694824219,98.33999633789062,97.81999969482422,98.05999755859375,9879200
2025-05-05 00:00:00,96.50126647949219,97.77999877929688,97.91000366210938,97.6500015258789,97.9000015258789,14273800
2025-05-06 00:00:00,96.73812866210938,98.0199966430664,98.0199966430664,97.6500015258789,97.77999877929688,11730100
2025-05-07 00:00:00,96.88617706298828,98.16999816894531,98.33999633789062,98.08999633789062,98.16000366210938,6557000
2025-05-08 00:00:00,96.38284301757812,97.66000366210938,98.2300033569336,97.6500015258789,98.20999908447266,7814200
2025-05-09 00:00:00,96.48153686523438,97.76000213623047,97.97000122070312,97.73999786376953,97.86000061035156,5739200
2025-05-12 00:00:00,96.15584564208984,97.43000030517578,97.66000366210938,97.33000183105469,97.44999694824219,10768200
2025-05-13 00:00:00,96.0571517944336,97.33000183105469,97.55000305175781,97.23999786376953,97.5,6305500
2025-05-14 00:00:00,95.78082275390625,97.05000305175781,97.33999633789062,97.01000213623047,97.27999877929688,7350600
2025-05-15 00:00:00,96.32362365722656,97.5999984741211,97.5999984741211,97.22000122070312,97.30999755859375,7638900
2025-05-16 00:00:00,96.38284301757812,97.66000366210938,97.91999816894531,97.62000274658203,97.91000366210938,5262500
2025-05-19 00:00:00,96.35323333740234,97.62999725341797,97.66000366210938,97.0999984741211,97.13999938964844,7232700
2025-05-20 00:00:00,96.1854476928711,97.45999908447266,97.54000091552734,97.27999877929688,97.5199966430664,7496600
2025-05-21 00:00:00,95.55381774902344,96.81999969482422,97.27999877929688,96.73999786376953,97.16999816894531,12393200
2025-05-22 00:00:00,95.83016204833984,97.0999984741211,97.11000061035156,96.66000366210938,96.7699966430664,6084800
2025-05-23 00:00:00,95.96833801269531,97.23999786376953,97.37999725341797,97.08000183105469,97.33999633789062,5210500
2025-05-27 00:00:00,96.40258026123047,97.68000030517578,97.73999786376953,97.41999816894531,97.51000213623047,7461500
2025-05-28 00:00:00,96.22493743896484,97.5,97.66999816894531,97.37999725341797,97.55999755859375,4909200
2025-05-29 00:00:00,96.5802230834961,97.86000061035156,97.94000244140625,97.69999694824219,97.73999786376953,7724100
2025-05-30 00:00:00,96.81708526611328,98.0999984741211,98.0999984741211,97.80000305175781,97.86000061035156,15488400
2025-06-02 00:00:00,96.56260681152344,97.5199966430664,97.5999984741211,97.2300033569336,97.2300033569336,28390000
2025-06-03 00:00:00,96.49330139160156,97.44999694824219,97.75,97.37000274658203,97.5999984741211,7177600
2025-06-04 00:00:00,97.0676040649414,98.02999877929688,98.08999633789062,97.69000244140625,97.75,7761500
2025-06-05 00:00:00,96.82005310058594,97.77999877929688,98.12000274658203,97.7699966430664,98.02999877929688,10456500
2025-06-06 00:00:00,96.32496643066406,97.27999877929688,97.52999877929688,97.25,97.45999908447266,6299900
2025-06-09 00:00:00,96.44378662109375,97.4000015258789,97.54000091552734,97.2699966430664,97.29000091552734,7096500
2025-06-10 00:00:00,96.66162872314453,97.62000274658203,97.73999786376953,97.51000213623047,97.72000122070312,4990900
2025-06-11 00:00:00,96.98838806152344,97.94999694824219,97.9800033569336,97.69999694824219,97.79000091552734,5992400
2025-06-12 00:00:00,97.34485626220703,98.30999755859375,98.31999969482422,98.12000274658203,98.23999786376953,5726200
2025-06-13 00:00:00,96.998291015625,97.95999908447266,98.16000366210938,97.76000213623047,98.11000061035156,8050300
2025-06-16 00:00:00,96.80025482177734,97.76000213623047,98.06999969482422,97.75,97.88999938964844,5680900
2025-06-17 00:00:00,97.09730529785156,98.05999755859375,98.12000274658203,97.76000213623047,97.94999694824219,5312000
2025-06-18 00:00:00,97.16661834716797,98.12999725341797,98.4000015258789,98.02999877929688,98.20999908447266,5907900
2025-06-20 00:00:00,97.2557373046875,98.22000122070312,98.30999755859375,97.94999694824219,98.0,6213000
2025-06-23 00:00:00,97.45377349853516,98.41999816894531,98.6500015258789,98.30000305175781,98.4000015258789,5884600
2025-06-24 00:00:00,97.84984588623047,98.81999969482422,98.81999969482422,98.33999633789062,98.36000061035156,7907600
2025-06-25 00:00:00,97.8399429321289,98.80999755859375,98.80999755859375,98.5199966430664,98.62000274658203,8434800
2025-06-26 00:00:00,98.1072998046875,99.08000183105469,99.0999984741211,98.77999877929688,98.80000305175781,9775100
2025-06-27 00:00:00,97.83004760742188,98.80000305175781,99.0999984741211,98.76000213623047,98.87000274658203,25931600
2025-06-30 00:00:00,98.22611236572266,99.19999694824219,99.2300033569336,98.94000244140625,99.05000305175781,14036800
2025-07-01 00:00:00,98.1357192993164,98.79000091552734,98.94999694824219,98.66999816894531,98.87000274658203,18480200
2025-07-02 00:00:00,98.01651000976562,98.66999816894531,98.69999694824219,98.54000091552734,98.68000030517578,8756000
2025-07-03 00:00:00,97.81784057617188,98.47000122070312,98.58999633789062,98.41000366210938,98.52999877929688,4583200
2025-07-07 00:00:00,97.47016143798828,98.12000274658203,98.33000183105469,98.05999755859375,98.31999969482422,8088100
2025-07-08 00:00:00,97.430419921875,98.08000183105469,98.08000183105469,97.93000030517578,97.94999694824219,7804200
2025-07-09 00:00:00,97.83770751953125,98.48999786376953,98.48999786376953,98.12999725341797,98.20999908447266,11043600
2025-07-10 00:00:00,97.80790710449219,98.45999908447266,98.4800033569336,98.30000305175781,98.41999816894531,5125300
2025-07-11 00:00:00,97.40061950683594,98.05000305175781,98.25,98.0199966430664,98.16999816894531,6106500
2025-07-14 00:00:00,97.39069366455078,98.04000091552734,98.12999725341797,97.93000030517578,98.01000213623047,6231400
2025-07-15 00:00:00,97.10260772705078,97.75,98.16000366210938,97.69999694824219,98.16000366210938,9681000
2025-07-16 00:00:00,97.2416763305664,97.88999938964844,98.0199966430664,97.69000244140625,97.88999938964844,23556800
2025-07-17 00:00:00,97.28141784667969,97.93000030517578,98.05999755859375,97.86000061035156,97.9800033569336,8355500
2025-07-18 00:00:00,97.46022033691406,98.11000061035156,98.16999816894531,98.04000091552734,98.1500015258789,8443800
2025-07-21 00:00:00,97.72843170166016,98.37999725341797,98.54000091552734,98.36000061035156,98.45999908447266,6865700
2025-07-22 00:00:00,97.91717529296875,98.56999969482422,98.63999938964844,98.43000030517578,98.4800033569336,6172700
2025-07-23 00:00:00,97.6986312866211,98.3499984741211,98.4800033569336,98.31999969482422,98.44999694824219,7466900
2025-07-24 00:00:00,97.63903045654297,98.29000091552734,98.36000061035156,98.08999633789062,98.11000061035156,9643800
2025-07-25 00:00:00,97.79796600341797,98.44999694824219,98.4800033569336,98.25,98.30000305175781,5530400
2025-07-28 00:00:00,97.66883087158203,98.31999969482422,98.41999816894531,98.27999877929688,98.36000061035156,7032200
2025-07-29 00:00:00,98.19532775878906,98.8499984741211,98.8499984741211,98.41999816894531,98.41999816894531,12015200
2025-07-30 00:00:00,97.91717529296875,98.56999969482422,98.81999969482422,98.5199966430664,98.66999816894531,8305400
2025-07-31 00:00:00,97.96685028076172,98.62000274658203,98.83000183105469,98.56999969482422,98.72000122070312,19774600
2025-08-01 00:00:00,98.81405639648438,99.13999938964844,99.16000366210938,98.8499984741211,98.87000274658203,12416200
2025-08-04 00:00:00,98.89379119873047,99.22000122070312,99.23999786376953,99.02999877929688,99.16000366210938,6717900
2025-08-05 00:00:00,98.92369079589844,99.25,99.30999755859375,99.11000061035156,99.12999725341797,9092400
2025-08-06 00:00:00,98.88381958007812,99.20999908447266,99.29000091552734,98.83999633789062,99.13999938964844,8102700
2025-08-07 00:00:00,98.80408477783203,99.12999725341797,99.31999969482422,99.08999633789062,99.2300033569336,7869300
2025-08-08 00:00:00,98.61471557617188,98.94000244140625,99.12000274658203,98.88999938964844,99.0,8238100
2025-08-11 00:00:00,98.68448638916016,99.01000213623047,99.12000274658203,98.94000244140625,99.01000213623047,9698300
2025-08-12 00:00:00,98.68448638916016,99.01000213623047,99.01000213623047,98.80000305175781,98.91000366210938,12239500
2025-08-13 00:00:00,99.04330444335938,99.37000274658203,99.41000366210938,99.26000213623047,99.27999877929688,5386800
2025-08-14 00:00:00,98.76421356201172,99.08999633789062,99.2699966430664,99.0199966430664,99.18000030517578,5208500
2025-08-15 00:00:00,98.61471557617188,98.94000244140625,99.0999984741211,98.87000274658203,99.06999969482422,6884600
2025-08-18 00:00:00,98.50507354736328,98.83000183105469,99.0,98.75,98.98999786376953,7906400
2025-08-19 00:00:00,98.69444274902344,99.0199966430664,99.04000091552734,98.91000366210938,98.94000244140625,9946800
2025-08-20 00:00:00,98.7542495727539,99.08000183105469,99.16000366210938,98.9800033569336,98.98999786376953,5615200
2025-08-21 00:00:00,98.52500915527344,98.8499984741211,98.98999786376953,98.7300033569336,98.95999908447266,7129200
2025-08-22 00:00:00,99.07320404052734,99.4000015258789,99.44999694824219,99.0,99.02999877929688,9451400
2025-08-25 00:00:00,98.92369079589844,99.25,99.33999633789062,99.16000366210938,99.20999908447266,5624900
2025-08-26 00:00:00,99.04330444335938,99.37000274658203,99.38999938964844,99.16000366210938,99.23999786376953,4696000
2025-08-27 00:00:00,99.1429672241211,99.47000122070312,99.47000122070312,99.16999816894531,99.22000122070312,7320800
2025-08-28 00:00:00,99.2625732421875,99.58999633789062,99.61000061035156,99.41000366210938,99.43000030517578,7068500
2025-08-29 00:00:00,99.13300323486328,99.45999908447266,99.54000091552734,99.4000015258789,99.47000122070312,9181400
2025-09-02 00:00:00,98.87000274658203,98.87000274658203,98.94999694824219,98.79000091552734,98.81999969482422,8529800
2025-09-03 00:00:00,99.2300033569336,99.2300033569336,99.3281021118164,98.94999694824219,98.94999694824219,8041999
